sample_uid,split,scene_id,sequence_id,frame_id,height_m,height_category,scene_category,gt_instances,pred_instances,iou_threshold,tp,fp,fn,precision,recall,f1,absolute_count_error
scene_08_30_000000,test,scene_08,scene_08,000000,30,30,scene_08,2,17,0.25,0,17,2,0.0,0.0,0.0,15
scene_08_30_000000,test,scene_08,scene_08,000000,30,30,scene_08,2,17,0.5,0,17,2,0.0,0.0,0.0,15
scene_08_30_000001,test,scene_08,scene_08,000001,30,30,scene_08,2,26,0.25,0,26,2,0.0,0.0,0.0,24
scene_08_30_000001,test,scene_08,scene_08,000001,30,30,scene_08,2,26,0.5,0,26,2,0.0,0.0,0.0,24
scene_08_30_000004,test,scene_08,scene_08,000004,30,30,scene_08,5,16,0.25,0,16,5,0.0,0.0,0.0,11
scene_08_30_000004,test,scene_08,scene_08,000004,30,30,scene_08,5,16,0.5,0,16,5,0.0,0.0,0.0,11
scene_08_30_000005,test,scene_08,scene_08,000005,30,30,scene_08,4,17,0.25,0,17,4,0.0,0.0,0.0,13
scene_08_30_000005,test,scene_08,scene_08,000005,30,30,scene_08,4,17,0.5,0,17,4,0.0,0.0,0.0,13
scene_08_30_000006,test,scene_08,scene_08,000006,30,30,scene_08,5,17,0.25,0,17,5,0.0,0.0,0.0,12
scene_08_30_000006,test,scene_08,scene_08,000006,30,30,scene_08,5,17,0.5,0,17,5,0.0,0.0,0.0,12
scene_08_30_000007,test,scene_08,scene_08,000007,30,30,scene_08,6,16,0.25,0,16,6,0.0,0.0,0.0,10
scene_08_30_000007,test,scene_08,scene_08,000007,30,30,scene_08,6,16,0.5,0,16,6,0.0,0.0,0.0,10
scene_08_30_000008,test,scene_08,scene_08,000008,30,30,scene_08,8,11,0.25,0,11,8,0.0,0.0,0.0,3
scene_08_30_000008,test,scene_08,scene_08,000008,30,30,scene_08,8,11,0.5,0,11,8,0.0,0.0,0.0,3
scene_08_30_000009,test,scene_08,scene_08,000009,30,30,scene_08,10,10,0.25,0,10,10,0.0,0.0,0.0,0
scene_08_30_000009,test,scene_08,scene_08,000009,30,30,scene_08,10,10,0.5,0,10,10,0.0,0.0,0.0,0
scene_08_30_000010,test,scene_08,scene_08,000010,30,30,scene_08,12,19,0.25,0,19,12,0.0,0.0,0.0,7
scene_08_30_000010,test,scene_08,scene_08,000010,30,30,scene_08,12,19,0.5,0,19,12,0.0,0.0,0.0,7
scene_08_30_000011,test,scene_08,scene_08,000011,30,30,scene_08,17,17,0.25,0,17,17,0.0,0.0,0.0,0
scene_08_30_000011,test,scene_08,scene_08,000011,30,30,scene_08,17,17,0.5,0,17,17,0.0,0.0,0.0,0
scene_08_30_000012,test,scene_08,scene_08,000012,30,30,scene_08,18,16,0.25,0,16,18,0.0,0.0,0.0,2
scene_08_30_000012,test,scene_08,scene_08,000012,30,30,scene_08,18,16,0.5,0,16,18,0.0,0.0,0.0,2
scene_08_30_000013,test,scene_08,scene_08,000013,30,30,scene_08,18,22,0.25,0,22,18,0.0,0.0,0.0,4
scene_08_30_000013,test,scene_08,scene_08,000013,30,30,scene_08,18,22,0.5,0,22,18,0.0,0.0,0.0,4
scene_08_30_000014,test,scene_08,scene_08,000014,30,30,scene_08,14,19,0.25,0,19,14,0.0,0.0,0.0,5
scene_08_30_000014,test,scene_08,scene_08,000014,30,30,scene_08,14,19,0.5,0,19,14,0.0,0.0,0.0,5
scene_08_30_000015,test,scene_08,scene_08,000015,30,30,scene_08,13,14,0.25,0,14,13,0.0,0.0,0.0,1
scene_08_30_000015,test,scene_08,scene_08,000015,30,30,scene_08,13,14,0.5,0,14,13,0.0,0.0,0.0,1
scene_08_30_000016,test,scene_08,scene_08,000016,30,30,scene_08,12,15,0.25,0,15,12,0.0,0.0,0.0,3
scene_08_30_000016,test,scene_08,scene_08,000016,30,30,scene_08,12,15,0.5,0,15,12,0.0,0.0,0.0,3
scene_08_30_000017,test,scene_08,scene_08,000017,30,30,scene_08,14,14,0.25,0,14,14,0.0,0.0,0.0,0
scene_08_30_000017,test,scene_08,scene_08,000017,30,30,scene_08,14,14,0.5,0,14,14,0.0,0.0,0.0,0
scene_08_30_000018,test,scene_08,scene_08,000018,30,30,scene_08,20,22,0.25,0,22,20,0.0,0.0,0.0,2
scene_08_30_000018,test,scene_08,scene_08,000018,30,30,scene_08,20,22,0.5,0,22,20,0.0,0.0,0.0,2
scene_08_30_000019,test,scene_08,scene_08,000019,30,30,scene_08,20,27,0.25,0,27,20,0.0,0.0,0.0,7
scene_08_30_000019,test,scene_08,scene_08,000019,30,30,scene_08,20,27,0.5,0,27,20,0.0,0.0,0.0,7
scene_08_30_000020,test,scene_08,scene_08,000020,30,30,scene_08,24,25,0.25,0,25,24,0.0,0.0,0.0,1
scene_08_30_000020,test,scene_08,scene_08,000020,30,30,scene_08,24,25,0.5,0,25,24,0.0,0.0,0.0,1
scene_08_30_000021,test,scene_08,scene_08,000021,30,30,scene_08,22,24,0.25,0,24,22,0.0,0.0,0.0,2
scene_08_30_000021,test,scene_08,scene_08,000021,30,30,scene_08,22,24,0.5,0,24,22,0.0,0.0,0.0,2
scene_08_30_000022,test,scene_08,scene_08,000022,30,30,scene_08,20,12,0.25,0,12,20,0.0,0.0,0.0,8
scene_08_30_000022,test,scene_08,scene_08,000022,30,30,scene_08,20,12,0.5,0,12,20,0.0,0.0,0.0,8
scene_08_30_000023,test,scene_08,scene_08,000023,30,30,scene_08,16,24,0.25,2,22,14,0.08333333333333333,0.125,0.1,8
scene_08_30_000023,test,scene_08,scene_08,000023,30,30,scene_08,16,24,0.5,0,24,16,0.0,0.0,0.0,8
scene_08_30_000024,test,scene_08,scene_08,000024,30,30,scene_08,14,12,0.25,2,10,12,0.16666666666666666,0.14285714285714285,0.15384615384615385,2
scene_08_30_000024,test,scene_08,scene_08,000024,30,30,scene_08,14,12,0.5,0,12,14,0.0,0.0,0.0,2
scene_08_30_000025,test,scene_08,scene_08,000025,30,30,scene_08,9,11,0.25,1,10,8,0.09090909090909091,0.1111111111111111,0.1,2
scene_08_30_000025,test,scene_08,scene_08,000025,30,30,scene_08,9,11,0.5,0,11,9,0.0,0.0,0.0,2
scene_08_30_000026,test,scene_08,scene_08,000026,30,30,scene_08,10,18,0.25,0,18,10,0.0,0.0,0.0,8
scene_08_30_000026,test,scene_08,scene_08,000026,30,30,scene_08,10,18,0.5,0,18,10,0.0,0.0,0.0,8
scene_08_30_000027,test,scene_08,scene_08,000027,30,30,scene_08,9,21,0.25,0,21,9,0.0,0.0,0.0,12
scene_08_30_000027,test,scene_08,scene_08,000027,30,30,scene_08,9,21,0.5,0,21,9,0.0,0.0,0.0,12
scene_08_30_000028,test,scene_08,scene_08,000028,30,30,scene_08,7,20,0.25,0,20,7,0.0,0.0,0.0,13
scene_08_30_000028,test,scene_08,scene_08,000028,30,30,scene_08,7,20,0.5,0,20,7,0.0,0.0,0.0,13
scene_08_30_000029,test,scene_08,scene_08,000029,30,30,scene_08,5,5,0.25,0,5,5,0.0,0.0,0.0,0
scene_08_30_000029,test,scene_08,scene_08,000029,30,30,scene_08,5,5,0.5,0,5,5,0.0,0.0,0.0,0
scene_08_30_000030,test,scene_08,scene_08,000030,30,30,scene_08,5,15,0.25,0,15,5,0.0,0.0,0.0,10
scene_08_30_000030,test,scene_08,scene_08,000030,30,30,scene_08,5,15,0.5,0,15,5,0.0,0.0,0.0,10
scene_08_30_000032,test,scene_08,scene_08,000032,30,30,scene_08,2,19,0.25,0,19,2,0.0,0.0,0.0,17
scene_08_30_000032,test,scene_08,scene_08,000032,30,30,scene_08,2,19,0.5,0,19,2,0.0,0.0,0.0,17
scene_08_30_000033,test,scene_08,scene_08,000033,30,30,scene_08,2,16,0.25,0,16,2,0.0,0.0,0.0,14
scene_08_30_000033,test,scene_08,scene_08,000033,30,30,scene_08,2,16,0.5,0,16,2,0.0,0.0,0.0,14
scene_08_30_000034,test,scene_08,scene_08,000034,30,30,scene_08,2,8,0.25,0,8,2,0.0,0.0,0.0,6
scene_08_30_000034,test,scene_08,scene_08,000034,30,30,scene_08,2,8,0.5,0,8,2,0.0,0.0,0.0,6
scene_08_30_000035,test,scene_08,scene_08,000035,30,30,scene_08,3,19,0.25,0,19,3,0.0,0.0,0.0,16
scene_08_30_000035,test,scene_08,scene_08,000035,30,30,scene_08,3,19,0.5,0,19,3,0.0,0.0,0.0,16
scene_08_30_000036,test,scene_08,scene_08,000036,30,30,scene_08,3,7,0.25,0,7,3,0.0,0.0,0.0,4
scene_08_30_000036,test,scene_08,scene_08,000036,30,30,scene_08,3,7,0.5,0,7,3,0.0,0.0,0.0,4
scene_08_30_000039,test,scene_08,scene_08,000039,30,30,scene_08,6,15,0.25,0,15,6,0.0,0.0,0.0,9
scene_08_30_000039,test,scene_08,scene_08,000039,30,30,scene_08,6,15,0.5,0,15,6,0.0,0.0,0.0,9
scene_08_30_000040,test,scene_08,scene_08,000040,30,30,scene_08,8,13,0.25,0,13,8,0.0,0.0,0.0,5
scene_08_30_000040,test,scene_08,scene_08,000040,30,30,scene_08,8,13,0.5,0,13,8,0.0,0.0,0.0,5
scene_08_30_000041,test,scene_08,scene_08,000041,30,30,scene_08,11,6,0.25,0,6,11,0.0,0.0,0.0,5
scene_08_30_000041,test,scene_08,scene_08,000041,30,30,scene_08,11,6,0.5,0,6,11,0.0,0.0,0.0,5
scene_08_30_000042,test,scene_08,scene_08,000042,30,30,scene_08,11,11,0.25,0,11,11,0.0,0.0,0.0,0
scene_08_30_000042,test,scene_08,scene_08,000042,30,30,scene_08,11,11,0.5,0,11,11,0.0,0.0,0.0,0
scene_08_30_000043,test,scene_08,scene_08,000043,30,30,scene_08,13,12,0.25,2,10,11,0.16666666666666666,0.15384615384615385,0.16,1
scene_08_30_000043,test,scene_08,scene_08,000043,30,30,scene_08,13,12,0.5,0,12,13,0.0,0.0,0.0,1
scene_08_30_000044,test,scene_08,scene_08,000044,30,30,scene_08,15,7,0.25,3,4,12,0.42857142857142855,0.2,0.2727272727272727,8
scene_08_30_000044,test,scene_08,scene_08,000044,30,30,scene_08,15,7,0.5,0,7,15,0.0,0.0,0.0,8
scene_08_30_000045,test,scene_08,scene_08,000045,30,30,scene_08,17,13,0.25,2,11,15,0.15384615384615385,0.11764705882352941,0.13333333333333333,4
scene_08_30_000045,test,scene_08,scene_08,000045,30,30,scene_08,17,13,0.5,0,13,17,0.0,0.0,0.0,4
scene_08_30_000046,test,scene_08,scene_08,000046,30,30,scene_08,21,9,0.25,1,8,20,0.1111111111111111,0.047619047619047616,0.06666666666666667,12
scene_08_30_000046,test,scene_08,scene_08,000046,30,30,scene_08,21,9,0.5,0,9,21,0.0,0.0,0.0,12
scene_08_30_000047,test,scene_08,scene_08,000047,30,30,scene_08,22,14,0.25,0,14,22,0.0,0.0,0.0,8
scene_08_30_000047,test,scene_08,scene_08,000047,30,30,scene_08,22,14,0.5,0,14,22,0.0,0.0,0.0,8
scene_08_30_000048,test,scene_08,scene_08,000048,30,30,scene_08,29,26,0.25,0,26,29,0.0,0.0,0.0,3
scene_08_30_000048,test,scene_08,scene_08,000048,30,30,scene_08,29,26,0.5,0,26,29,0.0,0.0,0.0,3
scene_08_30_000049,test,scene_08,scene_08,000049,30,30,scene_08,21,18,0.25,0,18,21,0.0,0.0,0.0,3
scene_08_30_000049,test,scene_08,scene_08,000049,30,30,scene_08,21,18,0.5,0,18,21,0.0,0.0,0.0,3
scene_08_30_000050,test,scene_08,scene_08,000050,30,30,scene_08,19,15,0.25,0,15,19,0.0,0.0,0.0,4
scene_08_30_000050,test,scene_08,scene_08,000050,30,30,scene_08,19,15,0.5,0,15,19,0.0,0.0,0.0,4
scene_08_30_000051,test,scene_08,scene_08,000051,30,30,scene_08,15,11,0.25,0,11,15,0.0,0.0,0.0,4
scene_08_30_000051,test,scene_08,scene_08,000051,30,30,scene_08,15,11,0.5,0,11,15,0.0,0.0,0.0,4
scene_08_30_000052,test,scene_08,scene_08,000052,30,30,scene_08,14,10,0.25,0,10,14,0.0,0.0,0.0,4
scene_08_30_000052,test,scene_08,scene_08,000052,30,30,scene_08,14,10,0.5,0,10,14,0.0,0.0,0.0,4
scene_08_30_000053,test,scene_08,scene_08,000053,30,30,scene_08,24,13,0.25,0,13,24,0.0,0.0,0.0,11
scene_08_30_000053,test,scene_08,scene_08,000053,30,30,scene_08,24,13,0.5,0,13,24,0.0,0.0,0.0,11
scene_08_30_000054,test,scene_08,scene_08,000054,30,30,scene_08,26,20,0.25,0,20,26,0.0,0.0,0.0,6
scene_08_30_000054,test,scene_08,scene_08,000054,30,30,scene_08,26,20,0.5,0,20,26,0.0,0.0,0.0,6
scene_08_30_000055,test,scene_08,scene_08,000055,30,30,scene_08,30,12,0.25,0,12,30,0.0,0.0,0.0,18
scene_08_30_000055,test,scene_08,scene_08,000055,30,30,scene_08,30,12,0.5,0,12,30,0.0,0.0,0.0,18
scene_08_30_000056,test,scene_08,scene_08,000056,30,30,scene_08,25,13,0.25,0,13,25,0.0,0.0,0.0,12
scene_08_30_000056,test,scene_08,scene_08,000056,30,30,scene_08,25,13,0.5,0,13,25,0.0,0.0,0.0,12
scene_08_30_000057,test,scene_08,scene_08,000057,30,30,scene_08,24,16,0.25,1,15,23,0.0625,0.041666666666666664,0.05,8
scene_08_30_000057,test,scene_08,scene_08,000057,30,30,scene_08,24,16,0.5,0,16,24,0.0,0.0,0.0,8
scene_08_30_000058,test,scene_08,scene_08,000058,30,30,scene_08,20,15,0.25,0,15,20,0.0,0.0,0.0,5
scene_08_30_000058,test,scene_08,scene_08,000058,30,30,scene_08,20,15,0.5,0,15,20,0.0,0.0,0.0,5
scene_08_30_000059,test,scene_08,scene_08,000059,30,30,scene_08,18,20,0.25,0,20,18,0.0,0.0,0.0,2
scene_08_30_000059,test,scene_08,scene_08,000059,30,30,scene_08,18,20,0.5,0,20,18,0.0,0.0,0.0,2
scene_08_30_000060,test,scene_08,scene_08,000060,30,30,scene_08,16,13,0.25,0,13,16,0.0,0.0,0.0,3
scene_08_30_000060,test,scene_08,scene_08,000060,30,30,scene_08,16,13,0.5,0,13,16,0.0,0.0,0.0,3
scene_08_30_000061,test,scene_08,scene_08,000061,30,30,scene_08,14,11,0.25,0,11,14,0.0,0.0,0.0,3
scene_08_30_000061,test,scene_08,scene_08,000061,30,30,scene_08,14,11,0.5,0,11,14,0.0,0.0,0.0,3
scene_08_30_000062,test,scene_08,scene_08,000062,30,30,scene_08,12,10,0.25,0,10,12,0.0,0.0,0.0,2
scene_08_30_000062,test,scene_08,scene_08,000062,30,30,scene_08,12,10,0.5,0,10,12,0.0,0.0,0.0,2
scene_08_30_000063,test,scene_08,scene_08,000063,30,30,scene_08,13,16,0.25,0,16,13,0.0,0.0,0.0,3
scene_08_30_000063,test,scene_08,scene_08,000063,30,30,scene_08,13,16,0.5,0,16,13,0.0,0.0,0.0,3
scene_08_30_000064,test,scene_08,scene_08,000064,30,30,scene_08,7,14,0.25,0,14,7,0.0,0.0,0.0,7
scene_08_30_000064,test,scene_08,scene_08,000064,30,30,scene_08,7,14,0.5,0,14,7,0.0,0.0,0.0,7
scene_08_30_000065,test,scene_08,scene_08,000065,30,30,scene_08,4,14,0.25,0,14,4,0.0,0.0,0.0,10
scene_08_30_000065,test,scene_08,scene_08,000065,30,30,scene_08,4,14,0.5,0,14,4,0.0,0.0,0.0,10
scene_08_30_000068,test,scene_08,scene_08,000068,30,30,scene_08,2,9,0.25,0,9,2,0.0,0.0,0.0,7
scene_08_30_000068,test,scene_08,scene_08,000068,30,30,scene_08,2,9,0.5,0,9,2,0.0,0.0,0.0,7
scene_08_30_000069,test,scene_08,scene_08,000069,30,30,scene_08,4,8,0.25,0,8,4,0.0,0.0,0.0,4
scene_08_30_000069,test,scene_08,scene_08,000069,30,30,scene_08,4,8,0.5,0,8,4,0.0,0.0,0.0,4
scene_08_30_000070,test,scene_08,scene_08,000070,30,30,scene_08,6,14,0.25,0,14,6,0.0,0.0,0.0,8
scene_08_30_000070,test,scene_08,scene_08,000070,30,30,scene_08,6,14,0.5,0,14,6,0.0,0.0,0.0,8
scene_08_30_000071,test,scene_08,scene_08,000071,30,30,scene_08,3,16,0.25,0,16,3,0.0,0.0,0.0,13
scene_08_30_000071,test,scene_08,scene_08,000071,30,30,scene_08,3,16,0.5,0,16,3,0.0,0.0,0.0,13
scene_08_30_000072,test,scene_08,scene_08,000072,30,30,scene_08,12,6,0.25,0,6,12,0.0,0.0,0.0,6
scene_08_30_000072,test,scene_08,scene_08,000072,30,30,scene_08,12,6,0.5,0,6,12,0.0,0.0,0.0,6
scene_08_30_000073,test,scene_08,scene_08,000073,30,30,scene_08,17,9,0.25,0,9,17,0.0,0.0,0.0,8
scene_08_30_000073,test,scene_08,scene_08,000073,30,30,scene_08,17,9,0.5,0,9,17,0.0,0.0,0.0,8
scene_08_30_000074,test,scene_08,scene_08,000074,30,30,scene_08,20,13,0.25,0,13,20,0.0,0.0,0.0,7
scene_08_30_000074,test,scene_08,scene_08,000074,30,30,scene_08,20,13,0.5,0,13,20,0.0,0.0,0.0,7
scene_08_30_000075,test,scene_08,scene_08,000075,30,30,scene_08,19,5,0.25,0,5,19,0.0,0.0,0.0,14
scene_08_30_000075,test,scene_08,scene_08,000075,30,30,scene_08,19,5,0.5,0,5,19,0.0,0.0,0.0,14
scene_08_30_000076,test,scene_08,scene_08,000076,30,30,scene_08,23,11,0.25,3,8,20,0.2727272727272727,0.13043478260869565,0.17647058823529413,12
scene_08_30_000076,test,scene_08,scene_08,000076,30,30,scene_08,23,11,0.5,0,11,23,0.0,0.0,0.0,12
scene_08_30_000077,test,scene_08,scene_08,000077,30,30,scene_08,23,16,0.25,2,14,21,0.125,0.08695652173913043,0.10256410256410256,7
scene_08_30_000077,test,scene_08,scene_08,000077,30,30,scene_08,23,16,0.5,0,16,23,0.0,0.0,0.0,7
scene_08_30_000078,test,scene_08,scene_08,000078,30,30,scene_08,25,13,0.25,1,12,24,0.07692307692307693,0.04,0.05263157894736842,12
scene_08_30_000078,test,scene_08,scene_08,000078,30,30,scene_08,25,13,0.5,0,13,25,0.0,0.0,0.0,12
scene_08_30_000079,test,scene_08,scene_08,000079,30,30,scene_08,33,20,0.25,0,20,33,0.0,0.0,0.0,13
scene_08_30_000079,test,scene_08,scene_08,000079,30,30,scene_08,33,20,0.5,0,20,33,0.0,0.0,0.0,13
scene_08_30_000080,test,scene_08,scene_08,000080,30,30,scene_08,29,18,0.25,0,18,29,0.0,0.0,0.0,11
scene_08_30_000080,test,scene_08,scene_08,000080,30,30,scene_08,29,18,0.5,0,18,29,0.0,0.0,0.0,11
scene_08_30_000081,test,scene_08,scene_08,000081,30,30,scene_08,39,11,0.25,0,11,39,0.0,0.0,0.0,28
scene_08_30_000081,test,scene_08,scene_08,000081,30,30,scene_08,39,11,0.5,0,11,39,0.0,0.0,0.0,28
scene_08_30_000082,test,scene_08,scene_08,000082,30,30,scene_08,30,17,0.25,0,17,30,0.0,0.0,0.0,13
scene_08_30_000082,test,scene_08,scene_08,000082,30,30,scene_08,30,17,0.5,0,17,30,0.0,0.0,0.0,13
scene_08_30_000083,test,scene_08,scene_08,000083,30,30,scene_08,24,17,0.25,0,17,24,0.0,0.0,0.0,7
scene_08_30_000083,test,scene_08,scene_08,000083,30,30,scene_08,24,17,0.5,0,17,24,0.0,0.0,0.0,7
scene_08_30_000084,test,scene_08,scene_08,000084,30,30,scene_08,20,15,0.25,0,15,20,0.0,0.0,0.0,5
scene_08_30_000084,test,scene_08,scene_08,000084,30,30,scene_08,20,15,0.5,0,15,20,0.0,0.0,0.0,5
scene_08_30_000085,test,scene_08,scene_08,000085,30,30,scene_08,19,7,0.25,0,7,19,0.0,0.0,0.0,12
scene_08_30_000085,test,scene_08,scene_08,000085,30,30,scene_08,19,7,0.5,0,7,19,0.0,0.0,0.0,12
scene_08_30_000086,test,scene_08,scene_08,000086,30,30,scene_08,17,9,0.25,0,9,17,0.0,0.0,0.0,8
scene_08_30_000086,test,scene_08,scene_08,000086,30,30,scene_08,17,9,0.5,0,9,17,0.0,0.0,0.0,8
scene_08_30_000087,test,scene_08,scene_08,000087,30,30,scene_08,26,14,0.25,0,14,26,0.0,0.0,0.0,12
scene_08_30_000087,test,scene_08,scene_08,000087,30,30,scene_08,26,14,0.5,0,14,26,0.0,0.0,0.0,12
scene_08_30_000088,test,scene_08,scene_08,000088,30,30,scene_08,31,18,0.25,0,18,31,0.0,0.0,0.0,13
scene_08_30_000088,test,scene_08,scene_08,000088,30,30,scene_08,31,18,0.5,0,18,31,0.0,0.0,0.0,13
scene_08_30_000089,test,scene_08,scene_08,000089,30,30,scene_08,27,16,0.25,0,16,27,0.0,0.0,0.0,11
scene_08_30_000089,test,scene_08,scene_08,000089,30,30,scene_08,27,16,0.5,0,16,27,0.0,0.0,0.0,11
scene_08_30_000090,test,scene_08,scene_08,000090,30,30,scene_08,37,15,0.25,0,15,37,0.0,0.0,0.0,22
scene_08_30_000090,test,scene_08,scene_08,000090,30,30,scene_08,37,15,0.5,0,15,37,0.0,0.0,0.0,22
scene_08_30_000091,test,scene_08,scene_08,000091,30,30,scene_08,33,13,0.25,1,12,32,0.07692307692307693,0.030303030303030304,0.043478260869565216,20
scene_08_30_000091,test,scene_08,scene_08,000091,30,30,scene_08,33,13,0.5,0,13,33,0.0,0.0,0.0,20
scene_08_30_000092,test,scene_08,scene_08,000092,30,30,scene_08,27,14,0.25,2,12,25,0.14285714285714285,0.07407407407407407,0.0975609756097561,13
scene_08_30_000092,test,scene_08,scene_08,000092,30,30,scene_08,27,14,0.5,0,14,27,0.0,0.0,0.0,13
scene_08_30_000093,test,scene_08,scene_08,000093,30,30,scene_08,24,23,0.25,4,19,20,0.17391304347826086,0.16666666666666666,0.1702127659574468,1
scene_08_30_000093,test,scene_08,scene_08,000093,30,30,scene_08,24,23,0.5,0,23,24,0.0,0.0,0.0,1
scene_08_30_000094,test,scene_08,scene_08,000094,30,30,scene_08,21,16,0.25,4,12,17,0.25,0.19047619047619047,0.21621621621621623,5
scene_08_30_000094,test,scene_08,scene_08,000094,30,30,scene_08,21,16,0.5,0,16,21,0.0,0.0,0.0,5
scene_08_30_000095,test,scene_08,scene_08,000095,30,30,scene_08,20,15,0.25,3,12,17,0.2,0.15,0.17142857142857143,5
scene_08_30_000095,test,scene_08,scene_08,000095,30,30,scene_08,20,15,0.5,0,15,20,0.0,0.0,0.0,5
scene_08_30_000096,test,scene_08,scene_08,000096,30,30,scene_08,16,10,0.25,2,8,14,0.2,0.125,0.15384615384615385,6
scene_08_30_000096,test,scene_08,scene_08,000096,30,30,scene_08,16,10,0.5,0,10,16,0.0,0.0,0.0,6
scene_08_30_000097,test,scene_08,scene_08,000097,30,30,scene_08,17,16,0.25,0,16,17,0.0,0.0,0.0,1
scene_08_30_000097,test,scene_08,scene_08,000097,30,30,scene_08,17,16,0.5,0,16,17,0.0,0.0,0.0,1
scene_08_30_000098,test,scene_08,scene_08,000098,30,30,scene_08,10,17,0.25,0,17,10,0.0,0.0,0.0,7
scene_08_30_000098,test,scene_08,scene_08,000098,30,30,scene_08,10,17,0.5,0,17,10,0.0,0.0,0.0,7
scene_08_30_000099,test,scene_08,scene_08,000099,30,30,scene_08,12,9,0.25,0,9,12,0.0,0.0,0.0,3
scene_08_30_000099,test,scene_08,scene_08,000099,30,30,scene_08,12,9,0.5,0,9,12,0.0,0.0,0.0,3
scene_08_30_000103,test,scene_08,scene_08,000103,30,30,scene_08,10,16,0.25,0,16,10,0.0,0.0,0.0,6
scene_08_30_000103,test,scene_08,scene_08,000103,30,30,scene_08,10,16,0.5,0,16,10,0.0,0.0,0.0,6
scene_08_30_000104,test,scene_08,scene_08,000104,30,30,scene_08,13,10,0.25,0,10,13,0.0,0.0,0.0,3
scene_08_30_000104,test,scene_08,scene_08,000104,30,30,scene_08,13,10,0.5,0,10,13,0.0,0.0,0.0,3
scene_08_30_000105,test,scene_08,scene_08,000105,30,30,scene_08,15,8,0.25,0,8,15,0.0,0.0,0.0,7
scene_08_30_000105,test,scene_08,scene_08,000105,30,30,scene_08,15,8,0.5,0,8,15,0.0,0.0,0.0,7
scene_08_30_000106,test,scene_08,scene_08,000106,30,30,scene_08,19,10,0.25,0,10,19,0.0,0.0,0.0,9
scene_08_30_000106,test,scene_08,scene_08,000106,30,30,scene_08,19,10,0.5,0,10,19,0.0,0.0,0.0,9
scene_08_30_000107,test,scene_08,scene_08,000107,30,30,scene_08,20,10,0.25,2,8,18,0.2,0.1,0.13333333333333333,10
scene_08_30_000107,test,scene_08,scene_08,000107,30,30,scene_08,20,10,0.5,0,10,20,0.0,0.0,0.0,10
scene_08_30_000108,test,scene_08,scene_08,000108,30,30,scene_08,26,9,0.25,3,6,23,0.3333333333333333,0.11538461538461539,0.17142857142857143,17
scene_08_30_000108,test,scene_08,scene_08,000108,30,30,scene_08,26,9,0.5,0,9,26,0.0,0.0,0.0,17
scene_08_30_000109,test,scene_08,scene_08,000109,30,30,scene_08,24,17,0.25,3,14,21,0.17647058823529413,0.125,0.14634146341463414,7
scene_08_30_000109,test,scene_08,scene_08,000109,30,30,scene_08,24,17,0.5,0,17,24,0.0,0.0,0.0,7
scene_08_30_000110,test,scene_08,scene_08,000110,30,30,scene_08,24,15,0.25,3,12,21,0.2,0.125,0.15384615384615385,9
scene_08_30_000110,test,scene_08,scene_08,000110,30,30,scene_08,24,15,0.5,0,15,24,0.0,0.0,0.0,9
scene_08_30_000111,test,scene_08,scene_08,000111,30,30,scene_08,26,14,0.25,2,12,24,0.14285714285714285,0.07692307692307693,0.1,12
scene_08_30_000111,test,scene_08,scene_08,000111,30,30,scene_08,26,14,0.5,0,14,26,0.0,0.0,0.0,12
scene_08_30_000112,test,scene_08,scene_08,000112,30,30,scene_08,31,18,0.25,0,18,31,0.0,0.0,0.0,13
scene_08_30_000112,test,scene_08,scene_08,000112,30,30,scene_08,31,18,0.5,0,18,31,0.0,0.0,0.0,13
scene_08_30_000113,test,scene_08,scene_08,000113,30,30,scene_08,40,17,0.25,0,17,40,0.0,0.0,0.0,23
scene_08_30_000113,test,scene_08,scene_08,000113,30,30,scene_08,40,17,0.5,0,17,40,0.0,0.0,0.0,23
scene_08_30_000114,test,scene_08,scene_08,000114,30,30,scene_08,28,16,0.25,0,16,28,0.0,0.0,0.0,12
scene_08_30_000114,test,scene_08,scene_08,000114,30,30,scene_08,28,16,0.5,0,16,28,0.0,0.0,0.0,12
scene_08_30_000115,test,scene_08,scene_08,000115,30,30,scene_08,31,13,0.25,1,12,30,0.07692307692307693,0.03225806451612903,0.045454545454545456,18
scene_08_30_000115,test,scene_08,scene_08,000115,30,30,scene_08,31,13,0.5,0,13,31,0.0,0.0,0.0,18
scene_08_30_000116,test,scene_08,scene_08,000116,30,30,scene_08,21,13,0.25,1,12,20,0.07692307692307693,0.047619047619047616,0.058823529411764705,8
scene_08_30_000116,test,scene_08,scene_08,000116,30,30,scene_08,21,13,0.5,0,13,21,0.0,0.0,0.0,8
scene_08_30_000117,test,scene_08,scene_08,000117,30,30,scene_08,18,11,0.25,0,11,18,0.0,0.0,0.0,7
scene_08_30_000117,test,scene_08,scene_08,000117,30,30,scene_08,18,11,0.5,0,11,18,0.0,0.0,0.0,7
scene_08_30_000118,test,scene_08,scene_08,000118,30,30,scene_08,12,6,0.25,0,6,12,0.0,0.0,0.0,6
scene_08_30_000118,test,scene_08,scene_08,000118,30,30,scene_08,12,6,0.5,0,6,12,0.0,0.0,0.0,6
scene_08_30_000119,test,scene_08,scene_08,000119,30,30,scene_08,11,20,0.25,0,20,11,0.0,0.0,0.0,9
scene_08_30_000119,test,scene_08,scene_08,000119,30,30,scene_08,11,20,0.5,0,20,11,0.0,0.0,0.0,9
scene_08_30_000120,test,scene_08,scene_08,000120,30,30,scene_08,25,18,0.25,0,18,25,0.0,0.0,0.0,7
scene_08_30_000120,test,scene_08,scene_08,000120,30,30,scene_08,25,18,0.5,0,18,25,0.0,0.0,0.0,7
scene_08_30_000121,test,scene_08,scene_08,000121,30,30,scene_08,26,12,0.25,0,12,26,0.0,0.0,0.0,14
scene_08_30_000121,test,scene_08,scene_08,000121,30,30,scene_08,26,12,0.5,0,12,26,0.0,0.0,0.0,14
scene_08_30_000122,test,scene_08,scene_08,000122,30,30,scene_08,25,11,0.25,0,11,25,0.0,0.0,0.0,14
scene_08_30_000122,test,scene_08,scene_08,000122,30,30,scene_08,25,11,0.5,0,11,25,0.0,0.0,0.0,14
scene_08_30_000123,test,scene_08,scene_08,000123,30,30,scene_08,28,20,0.25,0,20,28,0.0,0.0,0.0,8
scene_08_30_000123,test,scene_08,scene_08,000123,30,30,scene_08,28,20,0.5,0,20,28,0.0,0.0,0.0,8
scene_08_30_000124,test,scene_08,scene_08,000124,30,30,scene_08,34,9,0.25,0,9,34,0.0,0.0,0.0,25
scene_08_30_000124,test,scene_08,scene_08,000124,30,30,scene_08,34,9,0.5,0,9,34,0.0,0.0,0.0,25
scene_08_30_000125,test,scene_08,scene_08,000125,30,30,scene_08,29,20,0.25,1,19,28,0.05,0.034482758620689655,0.04081632653061224,9
scene_08_30_000125,test,scene_08,scene_08,000125,30,30,scene_08,29,20,0.5,0,20,29,0.0,0.0,0.0,9
scene_08_30_000126,test,scene_08,scene_08,000126,30,30,scene_08,25,22,0.25,2,20,23,0.09090909090909091,0.08,0.0851063829787234,3
scene_08_30_000126,test,scene_08,scene_08,000126,30,30,scene_08,25,22,0.5,0,22,25,0.0,0.0,0.0,3
scene_08_30_000127,test,scene_08,scene_08,000127,30,30,scene_08,24,15,0.25,3,12,21,0.2,0.125,0.15384615384615385,9
scene_08_30_000127,test,scene_08,scene_08,000127,30,30,scene_08,24,15,0.5,0,15,24,0.0,0.0,0.0,9
scene_08_30_000128,test,scene_08,scene_08,000128,30,30,scene_08,24,12,0.25,0,12,24,0.0,0.0,0.0,12
scene_08_30_000128,test,scene_08,scene_08,000128,30,30,scene_08,24,12,0.5,0,12,24,0.0,0.0,0.0,12
scene_08_30_000129,test,scene_08,scene_08,000129,30,30,scene_08,25,10,0.25,0,10,25,0.0,0.0,0.0,15
scene_08_30_000129,test,scene_08,scene_08,000129,30,30,scene_08,25,10,0.5,0,10,25,0.0,0.0,0.0,15
scene_08_30_000130,test,scene_08,scene_08,000130,30,30,scene_08,18,10,0.25,0,10,18,0.0,0.0,0.0,8
scene_08_30_000130,test,scene_08,scene_08,000130,30,30,scene_08,18,10,0.5,0,10,18,0.0,0.0,0.0,8
scene_08_30_000131,test,scene_08,scene_08,000131,30,30,scene_08,13,13,0.25,0,13,13,0.0,0.0,0.0,0
scene_08_30_000131,test,scene_08,scene_08,000131,30,30,scene_08,13,13,0.5,0,13,13,0.0,0.0,0.0,0
scene_08_30_000132,test,scene_08,scene_08,000132,30,30,scene_08,8,5,0.25,0,5,8,0.0,0.0,0.0,3
scene_08_30_000132,test,scene_08,scene_08,000132,30,30,scene_08,8,5,0.5,0,5,8,0.0,0.0,0.0,3
scene_08_30_000135,test,scene_08,scene_08,000135,30,30,scene_08,7,5,0.25,0,5,7,0.0,0.0,0.0,2
scene_08_30_000135,test,scene_08,scene_08,000135,30,30,scene_08,7,5,0.5,0,5,7,0.0,0.0,0.0,2
scene_08_30_000136,test,scene_08,scene_08,000136,30,30,scene_08,17,7,0.25,0,7,17,0.0,0.0,0.0,10
scene_08_30_000136,test,scene_08,scene_08,000136,30,30,scene_08,17,7,0.5,0,7,17,0.0,0.0,0.0,10
scene_08_30_000137,test,scene_08,scene_08,000137,30,30,scene_08,16,7,0.25,0,7,16,0.0,0.0,0.0,9
scene_08_30_000137,test,scene_08,scene_08,000137,30,30,scene_08,16,7,0.5,0,7,16,0.0,0.0,0.0,9
scene_08_30_000138,test,scene_08,scene_08,000138,30,30,scene_08,17,18,0.25,0,18,17,0.0,0.0,0.0,1
scene_08_30_000138,test,scene_08,scene_08,000138,30,30,scene_08,17,18,0.5,0,18,17,0.0,0.0,0.0,1
scene_08_30_000139,test,scene_08,scene_08,000139,30,30,scene_08,16,7,0.25,0,7,16,0.0,0.0,0.0,9
scene_08_30_000139,test,scene_08,scene_08,000139,30,30,scene_08,16,7,0.5,0,7,16,0.0,0.0,0.0,9
scene_08_30_000140,test,scene_08,scene_08,000140,30,30,scene_08,21,6,0.25,0,6,21,0.0,0.0,0.0,15
scene_08_30_000140,test,scene_08,scene_08,000140,30,30,scene_08,21,6,0.5,0,6,21,0.0,0.0,0.0,15
scene_08_30_000141,test,scene_08,scene_08,000141,30,30,scene_08,23,10,0.25,0,10,23,0.0,0.0,0.0,13
scene_08_30_000141,test,scene_08,scene_08,000141,30,30,scene_08,23,10,0.5,0,10,23,0.0,0.0,0.0,13
scene_08_30_000142,test,scene_08,scene_08,000142,30,30,scene_08,22,13,0.25,3,10,19,0.23076923076923078,0.13636363636363635,0.17142857142857143,9
scene_08_30_000142,test,scene_08,scene_08,000142,30,30,scene_08,22,13,0.5,0,13,22,0.0,0.0,0.0,9
scene_08_30_000143,test,scene_08,scene_08,000143,30,30,scene_08,25,16,0.25,1,15,24,0.0625,0.04,0.04878048780487805,9
scene_08_30_000143,test,scene_08,scene_08,000143,30,30,scene_08,25,16,0.5,0,16,25,0.0,0.0,0.0,9
scene_08_30_000144,test,scene_08,scene_08,000144,30,30,scene_08,29,14,0.25,1,13,28,0.07142857142857142,0.034482758620689655,0.046511627906976744,15
scene_08_30_000144,test,scene_08,scene_08,000144,30,30,scene_08,29,14,0.5,0,14,29,0.0,0.0,0.0,15
scene_08_30_000145,test,scene_08,scene_08,000145,30,30,scene_08,34,24,0.25,2,22,32,0.08333333333333333,0.058823529411764705,0.06896551724137931,10
scene_08_30_000145,test,scene_08,scene_08,000145,30,30,scene_08,34,24,0.5,0,24,34,0.0,0.0,0.0,10
scene_08_30_000146,test,scene_08,scene_08,000146,30,30,scene_08,26,23,0.25,0,23,26,0.0,0.0,0.0,3
scene_08_30_000146,test,scene_08,scene_08,000146,30,30,scene_08,26,23,0.5,0,23,26,0.0,0.0,0.0,3
scene_08_30_000147,test,scene_08,scene_08,000147,30,30,scene_08,17,8,0.25,1,7,16,0.125,0.058823529411764705,0.08,9
scene_08_30_000147,test,scene_08,scene_08,000147,30,30,scene_08,17,8,0.5,0,8,17,0.0,0.0,0.0,9
scene_08_30_000148,test,scene_08,scene_08,000148,30,30,scene_08,13,16,0.25,0,16,13,0.0,0.0,0.0,3
scene_08_30_000148,test,scene_08,scene_08,000148,30,30,scene_08,13,16,0.5,0,16,13,0.0,0.0,0.0,3
scene_08_30_000149,test,scene_08,scene_08,000149,30,30,scene_08,13,12,0.25,0,12,13,0.0,0.0,0.0,1
scene_08_30_000149,test,scene_08,scene_08,000149,30,30,scene_08,13,12,0.5,0,12,13,0.0,0.0,0.0,1
scene_08_30_000150,test,scene_08,scene_08,000150,30,30,scene_08,11,13,0.25,0,13,11,0.0,0.0,0.0,2
scene_08_30_000150,test,scene_08,scene_08,000150,30,30,scene_08,11,13,0.5,0,13,11,0.0,0.0,0.0,2
scene_08_30_000151,test,scene_08,scene_08,000151,30,30,scene_08,7,13,0.25,0,13,7,0.0,0.0,0.0,6
scene_08_30_000151,test,scene_08,scene_08,000151,30,30,scene_08,7,13,0.5,0,13,7,0.0,0.0,0.0,6
scene_08_30_000152,test,scene_08,scene_08,000152,30,30,scene_08,23,12,0.25,0,12,23,0.0,0.0,0.0,11
scene_08_30_000152,test,scene_08,scene_08,000152,30,30,scene_08,23,12,0.5,0,12,23,0.0,0.0,0.0,11
scene_08_30_000153,test,scene_08,scene_08,000153,30,30,scene_08,18,7,0.25,0,7,18,0.0,0.0,0.0,11
scene_08_30_000153,test,scene_08,scene_08,000153,30,30,scene_08,18,7,0.5,0,7,18,0.0,0.0,0.0,11
scene_08_30_000154,test,scene_08,scene_08,000154,30,30,scene_08,22,7,0.25,0,7,22,0.0,0.0,0.0,15
scene_08_30_000154,test,scene_08,scene_08,000154,30,30,scene_08,22,7,0.5,0,7,22,0.0,0.0,0.0,15
scene_08_30_000155,test,scene_08,scene_08,000155,30,30,scene_08,22,11,0.25,1,10,21,0.09090909090909091,0.045454545454545456,0.06060606060606061,11
scene_08_30_000155,test,scene_08,scene_08,000155,30,30,scene_08,22,11,0.5,0,11,22,0.0,0.0,0.0,11
scene_08_30_000156,test,scene_08,scene_08,000156,30,30,scene_08,29,26,0.25,1,25,28,0.038461538461538464,0.034482758620689655,0.03636363636363636,3
scene_08_30_000156,test,scene_08,scene_08,000156,30,30,scene_08,29,26,0.5,0,26,29,0.0,0.0,0.0,3
scene_08_30_000157,test,scene_08,scene_08,000157,30,30,scene_08,25,19,0.25,0,19,25,0.0,0.0,0.0,6
scene_08_30_000157,test,scene_08,scene_08,000157,30,30,scene_08,25,19,0.5,0,19,25,0.0,0.0,0.0,6
scene_08_30_000158,test,scene_08,scene_08,000158,30,30,scene_08,21,22,0.25,1,21,20,0.045454545454545456,0.047619047619047616,0.046511627906976744,1
scene_08_30_000158,test,scene_08,scene_08,000158,30,30,scene_08,21,22,0.5,0,22,21,0.0,0.0,0.0,1
scene_08_30_000159,test,scene_08,scene_08,000159,30,30,scene_08,20,9,0.25,0,9,20,0.0,0.0,0.0,11
scene_08_30_000159,test,scene_08,scene_08,000159,30,30,scene_08,20,9,0.5,0,9,20,0.0,0.0,0.0,11
scene_08_30_000160,test,scene_08,scene_08,000160,30,30,scene_08,21,11,0.25,0,11,21,0.0,0.0,0.0,10
scene_08_30_000160,test,scene_08,scene_08,000160,30,30,scene_08,21,11,0.5,0,11,21,0.0,0.0,0.0,10
scene_08_30_000161,test,scene_08,scene_08,000161,30,30,scene_08,19,10,0.25,0,10,19,0.0,0.0,0.0,9
scene_08_30_000161,test,scene_08,scene_08,000161,30,30,scene_08,19,10,0.5,0,10,19,0.0,0.0,0.0,9
scene_08_30_000162,test,scene_08,scene_08,000162,30,30,scene_08,16,8,0.25,0,8,16,0.0,0.0,0.0,8
scene_08_30_000162,test,scene_08,scene_08,000162,30,30,scene_08,16,8,0.5,0,8,16,0.0,0.0,0.0,8
scene_08_30_000163,test,scene_08,scene_08,000163,30,30,scene_08,12,3,0.25,0,3,12,0.0,0.0,0.0,9
scene_08_30_000163,test,scene_08,scene_08,000163,30,30,scene_08,12,3,0.5,0,3,12,0.0,0.0,0.0,9
scene_08_30_000164,test,scene_08,scene_08,000164,30,30,scene_08,6,0,0.25,0,0,6,0.0,0.0,0.0,6
scene_08_30_000164,test,scene_08,scene_08,000164,30,30,scene_08,6,0,0.5,0,0,6,0.0,0.0,0.0,6
scene_08_30_000166,test,scene_08,scene_08,000166,30,30,scene_08,11,2,0.25,0,2,11,0.0,0.0,0.0,9
scene_08_30_000166,test,scene_08,scene_08,000166,30,30,scene_08,11,2,0.5,0,2,11,0.0,0.0,0.0,9
scene_08_30_000167,test,scene_08,scene_08,000167,30,30,scene_08,11,2,0.25,0,2,11,0.0,0.0,0.0,9
scene_08_30_000167,test,scene_08,scene_08,000167,30,30,scene_08,11,2,0.5,0,2,11,0.0,0.0,0.0,9
scene_08_30_000168,test,scene_08,scene_08,000168,30,30,scene_08,15,4,0.25,0,4,15,0.0,0.0,0.0,11
scene_08_30_000168,test,scene_08,scene_08,000168,30,30,scene_08,15,4,0.5,0,4,15,0.0,0.0,0.0,11
scene_08_30_000169,test,scene_08,scene_08,000169,30,30,scene_08,16,12,0.25,0,12,16,0.0,0.0,0.0,4
scene_08_30_000169,test,scene_08,scene_08,000169,30,30,scene_08,16,12,0.5,0,12,16,0.0,0.0,0.0,4
scene_08_30_000170,test,scene_08,scene_08,000170,30,30,scene_08,22,10,0.25,0,10,22,0.0,0.0,0.0,12
scene_08_30_000170,test,scene_08,scene_08,000170,30,30,scene_08,22,10,0.5,0,10,22,0.0,0.0,0.0,12
scene_08_30_000171,test,scene_08,scene_08,000171,30,30,scene_08,19,14,0.25,0,14,19,0.0,0.0,0.0,5
scene_08_30_000171,test,scene_08,scene_08,000171,30,30,scene_08,19,14,0.5,0,14,19,0.0,0.0,0.0,5
scene_08_30_000172,test,scene_08,scene_08,000172,30,30,scene_08,18,10,0.25,0,10,18,0.0,0.0,0.0,8
scene_08_30_000172,test,scene_08,scene_08,000172,30,30,scene_08,18,10,0.5,0,10,18,0.0,0.0,0.0,8
scene_08_30_000173,test,scene_08,scene_08,000173,30,30,scene_08,19,12,0.25,0,12,19,0.0,0.0,0.0,7
scene_08_30_000173,test,scene_08,scene_08,000173,30,30,scene_08,19,12,0.5,0,12,19,0.0,0.0,0.0,7
scene_08_30_000174,test,scene_08,scene_08,000174,30,30,scene_08,22,12,0.25,0,12,22,0.0,0.0,0.0,10
scene_08_30_000174,test,scene_08,scene_08,000174,30,30,scene_08,22,12,0.5,0,12,22,0.0,0.0,0.0,10
scene_08_30_000175,test,scene_08,scene_08,000175,30,30,scene_08,19,13,0.25,1,12,18,0.07692307692307693,0.05263157894736842,0.0625,6
scene_08_30_000175,test,scene_08,scene_08,000175,30,30,scene_08,19,13,0.5,0,13,19,0.0,0.0,0.0,6
scene_08_30_000176,test,scene_08,scene_08,000176,30,30,scene_08,16,14,0.25,1,13,15,0.07142857142857142,0.0625,0.06666666666666667,2
scene_08_30_000176,test,scene_08,scene_08,000176,30,30,scene_08,16,14,0.5,0,14,16,0.0,0.0,0.0,2
scene_08_30_000177,test,scene_08,scene_08,000177,30,30,scene_08,15,25,0.25,0,25,15,0.0,0.0,0.0,10
scene_08_30_000177,test,scene_08,scene_08,000177,30,30,scene_08,15,25,0.5,0,25,15,0.0,0.0,0.0,10
scene_08_30_000178,test,scene_08,scene_08,000178,30,30,scene_08,14,17,0.25,0,17,14,0.0,0.0,0.0,3
scene_08_30_000178,test,scene_08,scene_08,000178,30,30,scene_08,14,17,0.5,0,17,14,0.0,0.0,0.0,3
scene_08_30_000179,test,scene_08,scene_08,000179,30,30,scene_08,16,13,0.25,0,13,16,0.0,0.0,0.0,3
scene_08_30_000179,test,scene_08,scene_08,000179,30,30,scene_08,16,13,0.5,0,13,16,0.0,0.0,0.0,3
scene_08_30_000180,test,scene_08,scene_08,000180,30,30,scene_08,13,7,0.25,0,7,13,0.0,0.0,0.0,6
scene_08_30_000180,test,scene_08,scene_08,000180,30,30,scene_08,13,7,0.5,0,7,13,0.0,0.0,0.0,6
scene_08_30_000181,test,scene_08,scene_08,000181,30,30,scene_08,13,8,0.25,0,8,13,0.0,0.0,0.0,5
scene_08_30_000181,test,scene_08,scene_08,000181,30,30,scene_08,13,8,0.5,0,8,13,0.0,0.0,0.0,5
scene_08_30_000182,test,scene_08,scene_08,000182,30,30,scene_08,11,3,0.25,0,3,11,0.0,0.0,0.0,8
scene_08_30_000182,test,scene_08,scene_08,000182,30,30,scene_08,11,3,0.5,0,3,11,0.0,0.0,0.0,8
scene_08_30_000183,test,scene_08,scene_08,000183,30,30,scene_08,8,6,0.25,0,6,8,0.0,0.0,0.0,2
scene_08_30_000183,test,scene_08,scene_08,000183,30,30,scene_08,8,6,0.5,0,6,8,0.0,0.0,0.0,2
scene_08_30_000185,test,scene_08,scene_08,000185,30,30,scene_08,13,11,0.25,0,11,13,0.0,0.0,0.0,2
scene_08_30_000185,test,scene_08,scene_08,000185,30,30,scene_08,13,11,0.5,0,11,13,0.0,0.0,0.0,2
scene_08_30_000186,test,scene_08,scene_08,000186,30,30,scene_08,16,9,0.25,0,9,16,0.0,0.0,0.0,7
scene_08_30_000186,test,scene_08,scene_08,000186,30,30,scene_08,16,9,0.5,0,9,16,0.0,0.0,0.0,7
scene_08_30_000187,test,scene_08,scene_08,000187,30,30,scene_08,19,21,0.25,0,21,19,0.0,0.0,0.0,2
scene_08_30_000187,test,scene_08,scene_08,000187,30,30,scene_08,19,21,0.5,0,21,19,0.0,0.0,0.0,2
scene_08_30_000188,test,scene_08,scene_08,000188,30,30,scene_08,15,21,0.25,0,21,15,0.0,0.0,0.0,6
scene_08_30_000188,test,scene_08,scene_08,000188,30,30,scene_08,15,21,0.5,0,21,15,0.0,0.0,0.0,6
scene_08_30_000189,test,scene_08,scene_08,000189,30,30,scene_08,16,21,0.25,0,21,16,0.0,0.0,0.0,5
scene_08_30_000189,test,scene_08,scene_08,000189,30,30,scene_08,16,21,0.5,0,21,16,0.0,0.0,0.0,5
scene_08_30_000190,test,scene_08,scene_08,000190,30,30,scene_08,17,18,0.25,0,18,17,0.0,0.0,0.0,1
scene_08_30_000190,test,scene_08,scene_08,000190,30,30,scene_08,17,18,0.5,0,18,17,0.0,0.0,0.0,1
scene_08_30_000191,test,scene_08,scene_08,000191,30,30,scene_08,18,18,0.25,0,18,18,0.0,0.0,0.0,0
scene_08_30_000191,test,scene_08,scene_08,000191,30,30,scene_08,18,18,0.5,0,18,18,0.0,0.0,0.0,0
scene_08_30_000192,test,scene_08,scene_08,000192,30,30,scene_08,22,13,0.25,1,12,21,0.07692307692307693,0.045454545454545456,0.05714285714285714,9
scene_08_30_000192,test,scene_08,scene_08,000192,30,30,scene_08,22,13,0.5,0,13,22,0.0,0.0,0.0,9
scene_08_30_000193,test,scene_08,scene_08,000193,30,30,scene_08,17,17,0.25,0,17,17,0.0,0.0,0.0,0
scene_08_30_000193,test,scene_08,scene_08,000193,30,30,scene_08,17,17,0.5,0,17,17,0.0,0.0,0.0,0
scene_08_30_000194,test,scene_08,scene_08,000194,30,30,scene_08,16,17,0.25,0,17,16,0.0,0.0,0.0,1
scene_08_30_000194,test,scene_08,scene_08,000194,30,30,scene_08,16,17,0.5,0,17,16,0.0,0.0,0.0,1
scene_08_30_000195,test,scene_08,scene_08,000195,30,30,scene_08,11,13,0.25,0,13,11,0.0,0.0,0.0,2
scene_08_30_000195,test,scene_08,scene_08,000195,30,30,scene_08,11,13,0.5,0,13,11,0.0,0.0,0.0,2
scene_08_30_000196,test,scene_08,scene_08,000196,30,30,scene_08,21,20,0.25,0,20,21,0.0,0.0,0.0,1
scene_08_30_000196,test,scene_08,scene_08,000196,30,30,scene_08,21,20,0.5,0,20,21,0.0,0.0,0.0,1
scene_08_30_000197,test,scene_08,scene_08,000197,30,30,scene_08,22,29,0.25,0,29,22,0.0,0.0,0.0,7
scene_08_30_000197,test,scene_08,scene_08,000197,30,30,scene_08,22,29,0.5,0,29,22,0.0,0.0,0.0,7
scene_08_30_000198,test,scene_08,scene_08,000198,30,30,scene_08,24,10,0.25,0,10,24,0.0,0.0,0.0,14
scene_08_30_000198,test,scene_08,scene_08,000198,30,30,scene_08,24,10,0.5,0,10,24,0.0,0.0,0.0,14
scene_08_30_000199,test,scene_08,scene_08,000199,30,30,scene_08,22,14,0.25,0,14,22,0.0,0.0,0.0,8
scene_08_30_000199,test,scene_08,scene_08,000199,30,30,scene_08,22,14,0.5,0,14,22,0.0,0.0,0.0,8
scene_08_30_000200,test,scene_08,scene_08,000200,30,30,scene_08,21,10,0.25,1,9,20,0.1,0.047619047619047616,0.06451612903225806,11
scene_08_30_000200,test,scene_08,scene_08,000200,30,30,scene_08,21,10,0.5,0,10,21,0.0,0.0,0.0,11
scene_08_30_000201,test,scene_08,scene_08,000201,30,30,scene_08,19,20,0.25,1,19,18,0.05,0.05263157894736842,0.05128205128205128,1
scene_08_30_000201,test,scene_08,scene_08,000201,30,30,scene_08,19,20,0.5,0,20,19,0.0,0.0,0.0,1
scene_08_30_000202,test,scene_08,scene_08,000202,30,30,scene_08,16,20,0.25,3,17,13,0.15,0.1875,0.16666666666666666,4
scene_08_30_000202,test,scene_08,scene_08,000202,30,30,scene_08,16,20,0.5,0,20,16,0.0,0.0,0.0,4
scene_08_30_000203,test,scene_08,scene_08,000203,30,30,scene_08,17,23,0.25,0,23,17,0.0,0.0,0.0,6
scene_08_30_000203,test,scene_08,scene_08,000203,30,30,scene_08,17,23,0.5,0,23,17,0.0,0.0,0.0,6
scene_08_30_000204,test,scene_08,scene_08,000204,30,30,scene_08,17,13,0.25,0,13,17,0.0,0.0,0.0,4
scene_08_30_000204,test,scene_08,scene_08,000204,30,30,scene_08,17,13,0.5,0,13,17,0.0,0.0,0.0,4
scene_08_30_000205,test,scene_08,scene_08,000205,30,30,scene_08,19,12,0.25,0,12,19,0.0,0.0,0.0,7
scene_08_30_000205,test,scene_08,scene_08,000205,30,30,scene_08,19,12,0.5,0,12,19,0.0,0.0,0.0,7
scene_08_30_000206,test,scene_08,scene_08,000206,30,30,scene_08,20,15,0.25,0,15,20,0.0,0.0,0.0,5
scene_08_30_000206,test,scene_08,scene_08,000206,30,30,scene_08,20,15,0.5,0,15,20,0.0,0.0,0.0,5
scene_08_30_000207,test,scene_08,scene_08,000207,30,30,scene_08,17,18,0.25,1,17,16,0.05555555555555555,0.058823529411764705,0.05714285714285714,1
scene_08_30_000207,test,scene_08,scene_08,000207,30,30,scene_08,17,18,0.5,0,18,17,0.0,0.0,0.0,1
scene_08_30_000208,test,scene_08,scene_08,000208,30,30,scene_08,14,24,0.25,0,24,14,0.0,0.0,0.0,10
scene_08_30_000208,test,scene_08,scene_08,000208,30,30,scene_08,14,24,0.5,0,24,14,0.0,0.0,0.0,10
scene_08_30_000209,test,scene_08,scene_08,000209,30,30,scene_08,15,11,0.25,0,11,15,0.0,0.0,0.0,4
scene_08_30_000209,test,scene_08,scene_08,000209,30,30,scene_08,15,11,0.5,0,11,15,0.0,0.0,0.0,4
scene_08_30_000210,test,scene_08,scene_08,000210,30,30,scene_08,11,18,0.25,0,18,11,0.0,0.0,0.0,7
scene_08_30_000210,test,scene_08,scene_08,000210,30,30,scene_08,11,18,0.5,0,18,11,0.0,0.0,0.0,7
scene_08_30_000211,test,scene_08,scene_08,000211,30,30,scene_08,10,15,0.25,0,15,10,0.0,0.0,0.0,5
scene_08_30_000211,test,scene_08,scene_08,000211,30,30,scene_08,10,15,0.5,0,15,10,0.0,0.0,0.0,5
scene_08_30_000212,test,scene_08,scene_08,000212,30,30,scene_08,9,16,0.25,0,16,9,0.0,0.0,0.0,7
scene_08_30_000212,test,scene_08,scene_08,000212,30,30,scene_08,9,16,0.5,0,16,9,0.0,0.0,0.0,7
scene_08_30_000213,test,scene_08,scene_08,000213,30,30,scene_08,15,19,0.25,0,19,15,0.0,0.0,0.0,4
scene_08_30_000213,test,scene_08,scene_08,000213,30,30,scene_08,15,19,0.5,0,19,15,0.0,0.0,0.0,4
scene_08_30_000214,test,scene_08,scene_08,000214,30,30,scene_08,17,17,0.25,0,17,17,0.0,0.0,0.0,0
scene_08_30_000214,test,scene_08,scene_08,000214,30,30,scene_08,17,17,0.5,0,17,17,0.0,0.0,0.0,0
scene_08_30_000215,test,scene_08,scene_08,000215,30,30,scene_08,18,29,0.25,0,29,18,0.0,0.0,0.0,11
scene_08_30_000215,test,scene_08,scene_08,000215,30,30,scene_08,18,29,0.5,0,29,18,0.0,0.0,0.0,11
scene_08_30_000216,test,scene_08,scene_08,000216,30,30,scene_08,28,18,0.25,0,18,28,0.0,0.0,0.0,10
scene_08_30_000216,test,scene_08,scene_08,000216,30,30,scene_08,28,18,0.5,0,18,28,0.0,0.0,0.0,10
scene_08_30_000217,test,scene_08,scene_08,000217,30,30,scene_08,25,25,0.25,0,25,25,0.0,0.0,0.0,0
scene_08_30_000217,test,scene_08,scene_08,000217,30,30,scene_08,25,25,0.5,0,25,25,0.0,0.0,0.0,0
scene_08_30_000218,test,scene_08,scene_08,000218,30,30,scene_08,25,25,0.25,0,25,25,0.0,0.0,0.0,0
scene_08_30_000218,test,scene_08,scene_08,000218,30,30,scene_08,25,25,0.5,0,25,25,0.0,0.0,0.0,0
scene_08_30_000219,test,scene_08,scene_08,000219,30,30,scene_08,21,24,0.25,1,23,20,0.041666666666666664,0.047619047619047616,0.044444444444444446,3
scene_08_30_000219,test,scene_08,scene_08,000219,30,30,scene_08,21,24,0.5,0,24,21,0.0,0.0,0.0,3
scene_08_30_000220,test,scene_08,scene_08,000220,30,30,scene_08,21,8,0.25,1,7,20,0.125,0.047619047619047616,0.06896551724137931,13
scene_08_30_000220,test,scene_08,scene_08,000220,30,30,scene_08,21,8,0.5,0,8,21,0.0,0.0,0.0,13
scene_08_30_000221,test,scene_08,scene_08,000221,30,30,scene_08,26,30,0.25,0,30,26,0.0,0.0,0.0,4
scene_08_30_000221,test,scene_08,scene_08,000221,30,30,scene_08,26,30,0.5,0,30,26,0.0,0.0,0.0,4
scene_08_30_000222,test,scene_08,scene_08,000222,30,30,scene_08,25,15,0.25,0,15,25,0.0,0.0,0.0,10
scene_08_30_000222,test,scene_08,scene_08,000222,30,30,scene_08,25,15,0.5,0,15,25,0.0,0.0,0.0,10
scene_08_30_000223,test,scene_08,scene_08,000223,30,30,scene_08,31,13,0.25,0,13,31,0.0,0.0,0.0,18
scene_08_30_000223,test,scene_08,scene_08,000223,30,30,scene_08,31,13,0.5,0,13,31,0.0,0.0,0.0,18
scene_08_30_000224,test,scene_08,scene_08,000224,30,30,scene_08,29,14,0.25,0,14,29,0.0,0.0,0.0,15
scene_08_30_000224,test,scene_08,scene_08,000224,30,30,scene_08,29,14,0.5,0,14,29,0.0,0.0,0.0,15
scene_08_30_000225,test,scene_08,scene_08,000225,30,30,scene_08,28,12,0.25,1,11,27,0.08333333333333333,0.03571428571428571,0.05,16
scene_08_30_000225,test,scene_08,scene_08,000225,30,30,scene_08,28,12,0.5,0,12,28,0.0,0.0,0.0,16
scene_08_30_000226,test,scene_08,scene_08,000226,30,30,scene_08,23,9,0.25,1,8,22,0.1111111111111111,0.043478260869565216,0.0625,14
scene_08_30_000226,test,scene_08,scene_08,000226,30,30,scene_08,23,9,0.5,0,9,23,0.0,0.0,0.0,14
scene_08_30_000227,test,scene_08,scene_08,000227,30,30,scene_08,20,13,0.25,1,12,19,0.07692307692307693,0.05,0.06060606060606061,7
scene_08_30_000227,test,scene_08,scene_08,000227,30,30,scene_08,20,13,0.5,0,13,20,0.0,0.0,0.0,7
scene_08_30_000228,test,scene_08,scene_08,000228,30,30,scene_08,23,15,0.25,1,14,22,0.06666666666666667,0.043478260869565216,0.05263157894736842,8
scene_08_30_000228,test,scene_08,scene_08,000228,30,30,scene_08,23,15,0.5,0,15,23,0.0,0.0,0.0,8
scene_08_30_000229,test,scene_08,scene_08,000229,30,30,scene_08,21,10,0.25,1,9,20,0.1,0.047619047619047616,0.06451612903225806,11
scene_08_30_000229,test,scene_08,scene_08,000229,30,30,scene_08,21,10,0.5,0,10,21,0.0,0.0,0.0,11
scene_08_30_000230,test,scene_08,scene_08,000230,30,30,scene_08,17,14,0.25,0,14,17,0.0,0.0,0.0,3
scene_08_30_000230,test,scene_08,scene_08,000230,30,30,scene_08,17,14,0.5,0,14,17,0.0,0.0,0.0,3
scene_08_30_000231,test,scene_08,scene_08,000231,30,30,scene_08,19,18,0.25,0,18,19,0.0,0.0,0.0,1
scene_08_30_000231,test,scene_08,scene_08,000231,30,30,scene_08,19,18,0.5,0,18,19,0.0,0.0,0.0,1
scene_08_30_000232,test,scene_08,scene_08,000232,30,30,scene_08,20,13,0.25,0,13,20,0.0,0.0,0.0,7
scene_08_30_000232,test,scene_08,scene_08,000232,30,30,scene_08,20,13,0.5,0,13,20,0.0,0.0,0.0,7
scene_08_30_000233,test,scene_08,scene_08,000233,30,30,scene_08,28,9,0.25,0,9,28,0.0,0.0,0.0,19
scene_08_30_000233,test,scene_08,scene_08,000233,30,30,scene_08,28,9,0.5,0,9,28,0.0,0.0,0.0,19
scene_08_30_000234,test,scene_08,scene_08,000234,30,30,scene_08,30,11,0.25,0,11,30,0.0,0.0,0.0,19
scene_08_30_000234,test,scene_08,scene_08,000234,30,30,scene_08,30,11,0.5,0,11,30,0.0,0.0,0.0,19
scene_08_30_000235,test,scene_08,scene_08,000235,30,30,scene_08,28,15,0.25,0,15,28,0.0,0.0,0.0,13
scene_08_30_000235,test,scene_08,scene_08,000235,30,30,scene_08,28,15,0.5,0,15,28,0.0,0.0,0.0,13
scene_08_30_000236,test,scene_08,scene_08,000236,30,30,scene_08,29,20,0.25,0,20,29,0.0,0.0,0.0,9
scene_08_30_000236,test,scene_08,scene_08,000236,30,30,scene_08,29,20,0.5,0,20,29,0.0,0.0,0.0,9
scene_08_30_000237,test,scene_08,scene_08,000237,30,30,scene_08,29,12,0.25,0,12,29,0.0,0.0,0.0,17
scene_08_30_000237,test,scene_08,scene_08,000237,30,30,scene_08,29,12,0.5,0,12,29,0.0,0.0,0.0,17
scene_08_30_000238,test,scene_08,scene_08,000238,30,30,scene_08,26,15,0.25,0,15,26,0.0,0.0,0.0,11
scene_08_30_000238,test,scene_08,scene_08,000238,30,30,scene_08,26,15,0.5,0,15,26,0.0,0.0,0.0,11
scene_08_30_000239,test,scene_08,scene_08,000239,30,30,scene_08,25,12,0.25,0,12,25,0.0,0.0,0.0,13
scene_08_30_000239,test,scene_08,scene_08,000239,30,30,scene_08,25,12,0.5,0,12,25,0.0,0.0,0.0,13
scene_08_30_000240,test,scene_08,scene_08,000240,30,30,scene_08,23,15,0.25,0,15,23,0.0,0.0,0.0,8
scene_08_30_000240,test,scene_08,scene_08,000240,30,30,scene_08,23,15,0.5,0,15,23,0.0,0.0,0.0,8
scene_08_30_000241,test,scene_08,scene_08,000241,30,30,scene_08,19,12,0.25,0,12,19,0.0,0.0,0.0,7
scene_08_30_000241,test,scene_08,scene_08,000241,30,30,scene_08,19,12,0.5,0,12,19,0.0,0.0,0.0,7
scene_08_30_000242,test,scene_08,scene_08,000242,30,30,scene_08,26,15,0.25,0,15,26,0.0,0.0,0.0,11
scene_08_30_000242,test,scene_08,scene_08,000242,30,30,scene_08,26,15,0.5,0,15,26,0.0,0.0,0.0,11
scene_08_30_000243,test,scene_08,scene_08,000243,30,30,scene_08,24,13,0.25,0,13,24,0.0,0.0,0.0,11
scene_08_30_000243,test,scene_08,scene_08,000243,30,30,scene_08,24,13,0.5,0,13,24,0.0,0.0,0.0,11
scene_08_30_000244,test,scene_08,scene_08,000244,30,30,scene_08,19,15,0.25,0,15,19,0.0,0.0,0.0,4
scene_08_30_000244,test,scene_08,scene_08,000244,30,30,scene_08,19,15,0.5,0,15,19,0.0,0.0,0.0,4
scene_08_30_000245,test,scene_08,scene_08,000245,30,30,scene_08,16,9,0.25,0,9,16,0.0,0.0,0.0,7
scene_08_30_000245,test,scene_08,scene_08,000245,30,30,scene_08,16,9,0.5,0,9,16,0.0,0.0,0.0,7
scene_08_30_000246,test,scene_08,scene_08,000246,30,30,scene_08,15,14,0.25,0,14,15,0.0,0.0,0.0,1
scene_08_30_000246,test,scene_08,scene_08,000246,30,30,scene_08,15,14,0.5,0,14,15,0.0,0.0,0.0,1
scene_08_30_000247,test,scene_08,scene_08,000247,30,30,scene_08,12,13,0.25,1,12,11,0.07692307692307693,0.08333333333333333,0.08,1
scene_08_30_000247,test,scene_08,scene_08,000247,30,30,scene_08,12,13,0.5,0,13,12,0.0,0.0,0.0,1
scene_08_30_000248,test,scene_08,scene_08,000248,30,30,scene_08,11,17,0.25,0,17,11,0.0,0.0,0.0,6
scene_08_30_000248,test,scene_08,scene_08,000248,30,30,scene_08,11,17,0.5,0,17,11,0.0,0.0,0.0,6
scene_08_30_000249,test,scene_08,scene_08,000249,30,30,scene_08,11,9,0.25,0,9,11,0.0,0.0,0.0,2
scene_08_30_000249,test,scene_08,scene_08,000249,30,30,scene_08,11,9,0.5,0,9,11,0.0,0.0,0.0,2
scene_08_30_000250,test,scene_08,scene_08,000250,30,30,scene_08,14,21,0.25,0,21,14,0.0,0.0,0.0,7
scene_08_30_000250,test,scene_08,scene_08,000250,30,30,scene_08,14,21,0.5,0,21,14,0.0,0.0,0.0,7
scene_08_30_000251,test,scene_08,scene_08,000251,30,30,scene_08,14,20,0.25,0,20,14,0.0,0.0,0.0,6
scene_08_30_000251,test,scene_08,scene_08,000251,30,30,scene_08,14,20,0.5,0,20,14,0.0,0.0,0.0,6
scene_08_30_000252,test,scene_08,scene_08,000252,30,30,scene_08,19,14,0.25,1,13,18,0.07142857142857142,0.05263157894736842,0.06060606060606061,5
scene_08_30_000252,test,scene_08,scene_08,000252,30,30,scene_08,19,14,0.5,0,14,19,0.0,0.0,0.0,5
scene_08_30_000253,test,scene_08,scene_08,000253,30,30,scene_08,21,12,0.25,0,12,21,0.0,0.0,0.0,9
scene_08_30_000253,test,scene_08,scene_08,000253,30,30,scene_08,21,12,0.5,0,12,21,0.0,0.0,0.0,9
scene_08_30_000254,test,scene_08,scene_08,000254,30,30,scene_08,23,14,0.25,0,14,23,0.0,0.0,0.0,9
scene_08_30_000254,test,scene_08,scene_08,000254,30,30,scene_08,23,14,0.5,0,14,23,0.0,0.0,0.0,9
scene_08_30_000255,test,scene_08,scene_08,000255,30,30,scene_08,25,14,0.25,0,14,25,0.0,0.0,0.0,11
scene_08_30_000255,test,scene_08,scene_08,000255,30,30,scene_08,25,14,0.5,0,14,25,0.0,0.0,0.0,11
scene_08_30_000256,test,scene_08,scene_08,000256,30,30,scene_08,23,22,0.25,0,22,23,0.0,0.0,0.0,1
scene_08_30_000256,test,scene_08,scene_08,000256,30,30,scene_08,23,22,0.5,0,22,23,0.0,0.0,0.0,1
scene_08_30_000257,test,scene_08,scene_08,000257,30,30,scene_08,21,18,0.25,1,17,20,0.05555555555555555,0.047619047619047616,0.05128205128205128,3
scene_08_30_000257,test,scene_08,scene_08,000257,30,30,scene_08,21,18,0.5,0,18,21,0.0,0.0,0.0,3
scene_08_30_000258,test,scene_08,scene_08,000258,30,30,scene_08,21,18,0.25,1,17,20,0.05555555555555555,0.047619047619047616,0.05128205128205128,3
scene_08_30_000258,test,scene_08,scene_08,000258,30,30,scene_08,21,18,0.5,0,18,21,0.0,0.0,0.0,3
scene_08_30_000259,test,scene_08,scene_08,000259,30,30,scene_08,24,13,0.25,0,13,24,0.0,0.0,0.0,11
scene_08_30_000259,test,scene_08,scene_08,000259,30,30,scene_08,24,13,0.5,0,13,24,0.0,0.0,0.0,11
scene_08_30_000260,test,scene_08,scene_08,000260,30,30,scene_08,26,14,0.25,0,14,26,0.0,0.0,0.0,12
scene_08_30_000260,test,scene_08,scene_08,000260,30,30,scene_08,26,14,0.5,0,14,26,0.0,0.0,0.0,12
scene_08_30_000261,test,scene_08,scene_08,000261,30,30,scene_08,26,11,0.25,2,9,24,0.18181818181818182,0.07692307692307693,0.10810810810810811,15
scene_08_30_000261,test,scene_08,scene_08,000261,30,30,scene_08,26,11,0.5,0,11,26,0.0,0.0,0.0,15
scene_08_30_000262,test,scene_08,scene_08,000262,30,30,scene_08,28,17,0.25,1,16,27,0.058823529411764705,0.03571428571428571,0.044444444444444446,11
scene_08_30_000262,test,scene_08,scene_08,000262,30,30,scene_08,28,17,0.5,0,17,28,0.0,0.0,0.0,11
scene_08_30_000263,test,scene_08,scene_08,000263,30,30,scene_08,31,21,0.25,2,19,29,0.09523809523809523,0.06451612903225806,0.07692307692307693,10
scene_08_30_000263,test,scene_08,scene_08,000263,30,30,scene_08,31,21,0.5,0,21,31,0.0,0.0,0.0,10
scene_08_30_000264,test,scene_08,scene_08,000264,30,30,scene_08,24,20,0.25,0,20,24,0.0,0.0,0.0,4
scene_08_30_000264,test,scene_08,scene_08,000264,30,30,scene_08,24,20,0.5,0,20,24,0.0,0.0,0.0,4
scene_08_30_000265,test,scene_08,scene_08,000265,30,30,scene_08,21,14,0.25,0,14,21,0.0,0.0,0.0,7
scene_08_30_000265,test,scene_08,scene_08,000265,30,30,scene_08,21,14,0.5,0,14,21,0.0,0.0,0.0,7
scene_08_30_000266,test,scene_08,scene_08,000266,30,30,scene_08,21,12,0.25,0,12,21,0.0,0.0,0.0,9
scene_08_30_000266,test,scene_08,scene_08,000266,30,30,scene_08,21,12,0.5,0,12,21,0.0,0.0,0.0,9
scene_08_30_000267,test,scene_08,scene_08,000267,30,30,scene_08,20,10,0.25,0,10,20,0.0,0.0,0.0,10
scene_08_30_000267,test,scene_08,scene_08,000267,30,30,scene_08,20,10,0.5,0,10,20,0.0,0.0,0.0,10
scene_08_30_000268,test,scene_08,scene_08,000268,30,30,scene_08,13,9,0.25,0,9,13,0.0,0.0,0.0,4
scene_08_30_000268,test,scene_08,scene_08,000268,30,30,scene_08,13,9,0.5,0,9,13,0.0,0.0,0.0,4
scene_08_30_000269,test,scene_08,scene_08,000269,30,30,scene_08,8,7,0.25,0,7,8,0.0,0.0,0.0,1
scene_08_30_000269,test,scene_08,scene_08,000269,30,30,scene_08,8,7,0.5,0,7,8,0.0,0.0,0.0,1
scene_08_30_000270,test,scene_08,scene_08,000270,30,30,scene_08,11,16,0.25,0,16,11,0.0,0.0,0.0,5
scene_08_30_000270,test,scene_08,scene_08,000270,30,30,scene_08,11,16,0.5,0,16,11,0.0,0.0,0.0,5
scene_08_30_000271,test,scene_08,scene_08,000271,30,30,scene_08,19,24,0.25,0,24,19,0.0,0.0,0.0,5
scene_08_30_000271,test,scene_08,scene_08,000271,30,30,scene_08,19,24,0.5,0,24,19,0.0,0.0,0.0,5
scene_08_30_000272,test,scene_08,scene_08,000272,30,30,scene_08,16,14,0.25,0,14,16,0.0,0.0,0.0,2
scene_08_30_000272,test,scene_08,scene_08,000272,30,30,scene_08,16,14,0.5,0,14,16,0.0,0.0,0.0,2
scene_08_30_000273,test,scene_08,scene_08,000273,30,30,scene_08,18,16,0.25,0,16,18,0.0,0.0,0.0,2
scene_08_30_000273,test,scene_08,scene_08,000273,30,30,scene_08,18,16,0.5,0,16,18,0.0,0.0,0.0,2
scene_08_30_000274,test,scene_08,scene_08,000274,30,30,scene_08,19,20,0.25,0,20,19,0.0,0.0,0.0,1
scene_08_30_000274,test,scene_08,scene_08,000274,30,30,scene_08,19,20,0.5,0,20,19,0.0,0.0,0.0,1
scene_08_30_000275,test,scene_08,scene_08,000275,30,30,scene_08,24,25,0.25,0,25,24,0.0,0.0,0.0,1
scene_08_30_000275,test,scene_08,scene_08,000275,30,30,scene_08,24,25,0.5,0,25,24,0.0,0.0,0.0,1
scene_08_30_000276,test,scene_08,scene_08,000276,30,30,scene_08,26,14,0.25,0,14,26,0.0,0.0,0.0,12
scene_08_30_000276,test,scene_08,scene_08,000276,30,30,scene_08,26,14,0.5,0,14,26,0.0,0.0,0.0,12
scene_08_30_000277,test,scene_08,scene_08,000277,30,30,scene_08,26,15,0.25,2,13,24,0.13333333333333333,0.07692307692307693,0.0975609756097561,11
scene_08_30_000277,test,scene_08,scene_08,000277,30,30,scene_08,26,15,0.5,0,15,26,0.0,0.0,0.0,11
scene_08_30_000278,test,scene_08,scene_08,000278,30,30,scene_08,23,17,0.25,1,16,22,0.058823529411764705,0.043478260869565216,0.05,6
scene_08_30_000278,test,scene_08,scene_08,000278,30,30,scene_08,23,17,0.5,0,17,23,0.0,0.0,0.0,6
scene_08_30_000279,test,scene_08,scene_08,000279,30,30,scene_08,20,17,0.25,1,16,19,0.058823529411764705,0.05,0.05405405405405406,3
scene_08_30_000279,test,scene_08,scene_08,000279,30,30,scene_08,20,17,0.5,0,17,20,0.0,0.0,0.0,3
scene_08_30_000280,test,scene_08,scene_08,000280,30,30,scene_08,21,16,0.25,1,15,20,0.0625,0.047619047619047616,0.05405405405405406,5
scene_08_30_000280,test,scene_08,scene_08,000280,30,30,scene_08,21,16,0.5,0,16,21,0.0,0.0,0.0,5
scene_08_30_000281,test,scene_08,scene_08,000281,30,30,scene_08,25,26,0.25,0,26,25,0.0,0.0,0.0,1
scene_08_30_000281,test,scene_08,scene_08,000281,30,30,scene_08,25,26,0.5,0,26,25,0.0,0.0,0.0,1
scene_08_30_000282,test,scene_08,scene_08,000282,30,30,scene_08,24,15,0.25,0,15,24,0.0,0.0,0.0,9
scene_08_30_000282,test,scene_08,scene_08,000282,30,30,scene_08,24,15,0.5,0,15,24,0.0,0.0,0.0,9
scene_08_30_000283,test,scene_08,scene_08,000283,30,30,scene_08,26,13,0.25,0,13,26,0.0,0.0,0.0,13
scene_08_30_000283,test,scene_08,scene_08,000283,30,30,scene_08,26,13,0.5,0,13,26,0.0,0.0,0.0,13
scene_08_30_000284,test,scene_08,scene_08,000284,30,30,scene_08,23,9,0.25,2,7,21,0.2222222222222222,0.08695652173913043,0.125,14
scene_08_30_000284,test,scene_08,scene_08,000284,30,30,scene_08,23,9,0.5,0,9,23,0.0,0.0,0.0,14
scene_08_30_000285,test,scene_08,scene_08,000285,30,30,scene_08,20,14,0.25,2,12,18,0.14285714285714285,0.1,0.11764705882352941,6
scene_08_30_000285,test,scene_08,scene_08,000285,30,30,scene_08,20,14,0.5,0,14,20,0.0,0.0,0.0,6
scene_08_30_000286,test,scene_08,scene_08,000286,30,30,scene_08,18,13,0.25,3,10,15,0.23076923076923078,0.16666666666666666,0.1935483870967742,5
scene_08_30_000286,test,scene_08,scene_08,000286,30,30,scene_08,18,13,0.5,0,13,18,0.0,0.0,0.0,5
scene_08_30_000287,test,scene_08,scene_08,000287,30,30,scene_08,19,15,0.25,2,13,17,0.13333333333333333,0.10526315789473684,0.11764705882352941,4
scene_08_30_000287,test,scene_08,scene_08,000287,30,30,scene_08,19,15,0.5,0,15,19,0.0,0.0,0.0,4
scene_08_30_000288,test,scene_08,scene_08,000288,30,30,scene_08,14,16,0.25,0,16,14,0.0,0.0,0.0,2
scene_08_30_000288,test,scene_08,scene_08,000288,30,30,scene_08,14,16,0.5,0,16,14,0.0,0.0,0.0,2
scene_08_30_000289,test,scene_08,scene_08,000289,30,30,scene_08,11,7,0.25,0,7,11,0.0,0.0,0.0,4
scene_08_30_000289,test,scene_08,scene_08,000289,30,30,scene_08,11,7,0.5,0,7,11,0.0,0.0,0.0,4
scene_08_30_000290,test,scene_08,scene_08,000290,30,30,scene_08,10,9,0.25,0,9,10,0.0,0.0,0.0,1
scene_08_30_000290,test,scene_08,scene_08,000290,30,30,scene_08,10,9,0.5,0,9,10,0.0,0.0,0.0,1
scene_08_30_000291,test,scene_08,scene_08,000291,30,30,scene_08,10,12,0.25,0,12,10,0.0,0.0,0.0,2
scene_08_30_000291,test,scene_08,scene_08,000291,30,30,scene_08,10,12,0.5,0,12,10,0.0,0.0,0.0,2
scene_08_30_000292,test,scene_08,scene_08,000292,30,30,scene_08,14,8,0.25,0,8,14,0.0,0.0,0.0,6
scene_08_30_000292,test,scene_08,scene_08,000292,30,30,scene_08,14,8,0.5,0,8,14,0.0,0.0,0.0,6
scene_08_30_000293,test,scene_08,scene_08,000293,30,30,scene_08,16,12,0.25,2,10,14,0.16666666666666666,0.125,0.14285714285714285,4
scene_08_30_000293,test,scene_08,scene_08,000293,30,30,scene_08,16,12,0.5,0,12,16,0.0,0.0,0.0,4
scene_08_30_000294,test,scene_08,scene_08,000294,30,30,scene_08,19,18,0.25,3,15,16,0.16666666666666666,0.15789473684210525,0.16216216216216217,1
scene_08_30_000294,test,scene_08,scene_08,000294,30,30,scene_08,19,18,0.5,0,18,19,0.0,0.0,0.0,1
scene_08_30_000295,test,scene_08,scene_08,000295,30,30,scene_08,19,17,0.25,3,14,16,0.17647058823529413,0.15789473684210525,0.16666666666666666,2
scene_08_30_000295,test,scene_08,scene_08,000295,30,30,scene_08,19,17,0.5,0,17,19,0.0,0.0,0.0,2
scene_08_30_000296,test,scene_08,scene_08,000296,30,30,scene_08,22,8,0.25,1,7,21,0.125,0.045454545454545456,0.06666666666666667,14
scene_08_30_000296,test,scene_08,scene_08,000296,30,30,scene_08,22,8,0.5,0,8,22,0.0,0.0,0.0,14
scene_08_30_000297,test,scene_08,scene_08,000297,30,30,scene_08,23,8,0.25,1,7,22,0.125,0.043478260869565216,0.06451612903225806,15
scene_08_30_000297,test,scene_08,scene_08,000297,30,30,scene_08,23,8,0.5,0,8,23,0.0,0.0,0.0,15
scene_08_30_000298,test,scene_08,scene_08,000298,30,30,scene_08,21,12,0.25,0,12,21,0.0,0.0,0.0,9
scene_08_30_000298,test,scene_08,scene_08,000298,30,30,scene_08,21,12,0.5,0,12,21,0.0,0.0,0.0,9
scene_08_30_000299,test,scene_08,scene_08,000299,30,30,scene_08,18,10,0.25,0,10,18,0.0,0.0,0.0,8
scene_08_30_000299,test,scene_08,scene_08,000299,30,30,scene_08,18,10,0.5,0,10,18,0.0,0.0,0.0,8
scene_08_30_000300,test,scene_08,scene_08,000300,30,30,scene_08,17,16,0.25,3,13,14,0.1875,0.17647058823529413,0.18181818181818182,1
scene_08_30_000300,test,scene_08,scene_08,000300,30,30,scene_08,17,16,0.5,0,16,17,0.0,0.0,0.0,1
scene_08_30_000301,test,scene_08,scene_08,000301,30,30,scene_08,18,14,0.25,4,10,14,0.2857142857142857,0.2222222222222222,0.25,4
scene_08_30_000301,test,scene_08,scene_08,000301,30,30,scene_08,18,14,0.5,0,14,18,0.0,0.0,0.0,4
scene_08_30_000302,test,scene_08,scene_08,000302,30,30,scene_08,19,15,0.25,2,13,17,0.13333333333333333,0.10526315789473684,0.11764705882352941,4
scene_08_30_000302,test,scene_08,scene_08,000302,30,30,scene_08,19,15,0.5,0,15,19,0.0,0.0,0.0,4
scene_08_30_000303,test,scene_08,scene_08,000303,30,30,scene_08,22,24,0.25,2,22,20,0.08333333333333333,0.09090909090909091,0.08695652173913043,2
scene_08_30_000303,test,scene_08,scene_08,000303,30,30,scene_08,22,24,0.5,0,24,22,0.0,0.0,0.0,2
scene_08_30_000304,test,scene_08,scene_08,000304,30,30,scene_08,19,14,0.25,1,13,18,0.07142857142857142,0.05263157894736842,0.06060606060606061,5
scene_08_30_000304,test,scene_08,scene_08,000304,30,30,scene_08,19,14,0.5,0,14,19,0.0,0.0,0.0,5
scene_08_30_000305,test,scene_08,scene_08,000305,30,30,scene_08,18,12,0.25,0,12,18,0.0,0.0,0.0,6
scene_08_30_000305,test,scene_08,scene_08,000305,30,30,scene_08,18,12,0.5,0,12,18,0.0,0.0,0.0,6
scene_08_30_000306,test,scene_08,scene_08,000306,30,30,scene_08,16,11,0.25,0,11,16,0.0,0.0,0.0,5
scene_08_30_000306,test,scene_08,scene_08,000306,30,30,scene_08,16,11,0.5,0,11,16,0.0,0.0,0.0,5
scene_08_30_000307,test,scene_08,scene_08,000307,30,30,scene_08,14,7,0.25,0,7,14,0.0,0.0,0.0,7
scene_08_30_000307,test,scene_08,scene_08,000307,30,30,scene_08,14,7,0.5,0,7,14,0.0,0.0,0.0,7
scene_08_30_000308,test,scene_08,scene_08,000308,30,30,scene_08,15,5,0.25,0,5,15,0.0,0.0,0.0,10
scene_08_30_000308,test,scene_08,scene_08,000308,30,30,scene_08,15,5,0.5,0,5,15,0.0,0.0,0.0,10
scene_08_30_000309,test,scene_08,scene_08,000309,30,30,scene_08,11,3,0.25,0,3,11,0.0,0.0,0.0,8
scene_08_30_000309,test,scene_08,scene_08,000309,30,30,scene_08,11,3,0.5,0,3,11,0.0,0.0,0.0,8
scene_08_30_000310,test,scene_08,scene_08,000310,30,30,scene_08,10,2,0.25,0,2,10,0.0,0.0,0.0,8
scene_08_30_000310,test,scene_08,scene_08,000310,30,30,scene_08,10,2,0.5,0,2,10,0.0,0.0,0.0,8
scene_08_30_000313,test,scene_08,scene_08,000313,30,30,scene_08,9,6,0.25,0,6,9,0.0,0.0,0.0,3
scene_08_30_000313,test,scene_08,scene_08,000313,30,30,scene_08,9,6,0.5,0,6,9,0.0,0.0,0.0,3
scene_08_30_000314,test,scene_08,scene_08,000314,30,30,scene_08,16,6,0.25,0,6,16,0.0,0.0,0.0,10
scene_08_30_000314,test,scene_08,scene_08,000314,30,30,scene_08,16,6,0.5,0,6,16,0.0,0.0,0.0,10
scene_08_30_000315,test,scene_08,scene_08,000315,30,30,scene_08,15,8,0.25,0,8,15,0.0,0.0,0.0,7
scene_08_30_000315,test,scene_08,scene_08,000315,30,30,scene_08,15,8,0.5,0,8,15,0.0,0.0,0.0,7
scene_08_30_000316,test,scene_08,scene_08,000316,30,30,scene_08,15,20,0.25,0,20,15,0.0,0.0,0.0,5
scene_08_30_000316,test,scene_08,scene_08,000316,30,30,scene_08,15,20,0.5,0,20,15,0.0,0.0,0.0,5
scene_08_30_000317,test,scene_08,scene_08,000317,30,30,scene_08,20,10,0.25,0,10,20,0.0,0.0,0.0,10
scene_08_30_000317,test,scene_08,scene_08,000317,30,30,scene_08,20,10,0.5,0,10,20,0.0,0.0,0.0,10
scene_08_30_000318,test,scene_08,scene_08,000318,30,30,scene_08,18,9,0.25,0,9,18,0.0,0.0,0.0,9
scene_08_30_000318,test,scene_08,scene_08,000318,30,30,scene_08,18,9,0.5,0,9,18,0.0,0.0,0.0,9
scene_08_30_000319,test,scene_08,scene_08,000319,30,30,scene_08,20,12,0.25,0,12,20,0.0,0.0,0.0,8
scene_08_30_000319,test,scene_08,scene_08,000319,30,30,scene_08,20,12,0.5,0,12,20,0.0,0.0,0.0,8
scene_08_30_000320,test,scene_08,scene_08,000320,30,30,scene_08,19,7,0.25,0,7,19,0.0,0.0,0.0,12
scene_08_30_000320,test,scene_08,scene_08,000320,30,30,scene_08,19,7,0.5,0,7,19,0.0,0.0,0.0,12
scene_08_30_000321,test,scene_08,scene_08,000321,30,30,scene_08,19,10,0.25,0,10,19,0.0,0.0,0.0,9
scene_08_30_000321,test,scene_08,scene_08,000321,30,30,scene_08,19,10,0.5,0,10,19,0.0,0.0,0.0,9
scene_08_30_000322,test,scene_08,scene_08,000322,30,30,scene_08,17,24,0.25,0,24,17,0.0,0.0,0.0,7
scene_08_30_000322,test,scene_08,scene_08,000322,30,30,scene_08,17,24,0.5,0,24,17,0.0,0.0,0.0,7
scene_08_30_000323,test,scene_08,scene_08,000323,30,30,scene_08,16,24,0.25,1,23,15,0.041666666666666664,0.0625,0.05,8
scene_08_30_000323,test,scene_08,scene_08,000323,30,30,scene_08,16,24,0.5,0,24,16,0.0,0.0,0.0,8
scene_08_30_000324,test,scene_08,scene_08,000324,30,30,scene_08,13,22,0.25,1,21,12,0.045454545454545456,0.07692307692307693,0.05714285714285714,9
scene_08_30_000324,test,scene_08,scene_08,000324,30,30,scene_08,13,22,0.5,0,22,13,0.0,0.0,0.0,9
scene_08_30_000325,test,scene_08,scene_08,000325,30,30,scene_08,15,13,0.25,1,12,14,0.07692307692307693,0.06666666666666667,0.07142857142857142,2
scene_08_30_000325,test,scene_08,scene_08,000325,30,30,scene_08,15,13,0.5,0,13,15,0.0,0.0,0.0,2
scene_08_30_000326,test,scene_08,scene_08,000326,30,30,scene_08,18,13,0.25,1,12,17,0.07692307692307693,0.05555555555555555,0.06451612903225806,5
scene_08_30_000326,test,scene_08,scene_08,000326,30,30,scene_08,18,13,0.5,0,13,18,0.0,0.0,0.0,5
scene_08_30_000327,test,scene_08,scene_08,000327,30,30,scene_08,16,12,0.25,0,12,16,0.0,0.0,0.0,4
scene_08_30_000327,test,scene_08,scene_08,000327,30,30,scene_08,16,12,0.5,0,12,16,0.0,0.0,0.0,4
scene_08_30_000328,test,scene_08,scene_08,000328,30,30,scene_08,12,19,0.25,2,17,10,0.10526315789473684,0.16666666666666666,0.12903225806451613,7
scene_08_30_000328,test,scene_08,scene_08,000328,30,30,scene_08,12,19,0.5,0,19,12,0.0,0.0,0.0,7
scene_08_30_000329,test,scene_08,scene_08,000329,30,30,scene_08,11,11,0.25,1,10,10,0.09090909090909091,0.09090909090909091,0.09090909090909091,0
scene_08_30_000329,test,scene_08,scene_08,000329,30,30,scene_08,11,11,0.5,0,11,11,0.0,0.0,0.0,0
scene_08_30_000330,test,scene_08,scene_08,000330,30,30,scene_08,11,6,0.25,1,5,10,0.16666666666666666,0.09090909090909091,0.11764705882352941,5
scene_08_30_000330,test,scene_08,scene_08,000330,30,30,scene_08,11,6,0.5,0,6,11,0.0,0.0,0.0,5
scene_08_30_000331,test,scene_08,scene_08,000331,30,30,scene_08,9,15,0.25,0,15,9,0.0,0.0,0.0,6
scene_08_30_000331,test,scene_08,scene_08,000331,30,30,scene_08,9,15,0.5,0,15,9,0.0,0.0,0.0,6
scene_08_30_000332,test,scene_08,scene_08,000332,30,30,scene_08,9,9,0.25,0,9,9,0.0,0.0,0.0,0
scene_08_30_000332,test,scene_08,scene_08,000332,30,30,scene_08,9,9,0.5,0,9,9,0.0,0.0,0.0,0
scene_08_30_000333,test,scene_08,scene_08,000333,30,30,scene_08,8,11,0.25,0,11,8,0.0,0.0,0.0,3
scene_08_30_000333,test,scene_08,scene_08,000333,30,30,scene_08,8,11,0.5,0,11,8,0.0,0.0,0.0,3
scene_08_30_000334,test,scene_08,scene_08,000334,30,30,scene_08,8,11,0.25,0,11,8,0.0,0.0,0.0,3
scene_08_30_000334,test,scene_08,scene_08,000334,30,30,scene_08,8,11,0.5,0,11,8,0.0,0.0,0.0,3
scene_08_30_000335,test,scene_08,scene_08,000335,30,30,scene_08,9,12,0.25,0,12,9,0.0,0.0,0.0,3
scene_08_30_000335,test,scene_08,scene_08,000335,30,30,scene_08,9,12,0.5,0,12,9,0.0,0.0,0.0,3
scene_08_30_000336,test,scene_08,scene_08,000336,30,30,scene_08,9,10,0.25,0,10,9,0.0,0.0,0.0,1
scene_08_30_000336,test,scene_08,scene_08,000336,30,30,scene_08,9,10,0.5,0,10,9,0.0,0.0,0.0,1
scene_08_30_000337,test,scene_08,scene_08,000337,30,30,scene_08,11,11,0.25,0,11,11,0.0,0.0,0.0,0
scene_08_30_000337,test,scene_08,scene_08,000337,30,30,scene_08,11,11,0.5,0,11,11,0.0,0.0,0.0,0
scene_08_30_000338,test,scene_08,scene_08,000338,30,30,scene_08,16,11,0.25,0,11,16,0.0,0.0,0.0,5
scene_08_30_000338,test,scene_08,scene_08,000338,30,30,scene_08,16,11,0.5,0,11,16,0.0,0.0,0.0,5
scene_08_30_000339,test,scene_08,scene_08,000339,30,30,scene_08,15,10,0.25,0,10,15,0.0,0.0,0.0,5
scene_08_30_000339,test,scene_08,scene_08,000339,30,30,scene_08,15,10,0.5,0,10,15,0.0,0.0,0.0,5
scene_08_30_000340,test,scene_08,scene_08,000340,30,30,scene_08,13,10,0.25,0,10,13,0.0,0.0,0.0,3
scene_08_30_000340,test,scene_08,scene_08,000340,30,30,scene_08,13,10,0.5,0,10,13,0.0,0.0,0.0,3
scene_08_30_000341,test,scene_08,scene_08,000341,30,30,scene_08,14,11,0.25,0,11,14,0.0,0.0,0.0,3
scene_08_30_000341,test,scene_08,scene_08,000341,30,30,scene_08,14,11,0.5,0,11,14,0.0,0.0,0.0,3
scene_08_30_000342,test,scene_08,scene_08,000342,30,30,scene_08,14,6,0.25,0,6,14,0.0,0.0,0.0,8
scene_08_30_000342,test,scene_08,scene_08,000342,30,30,scene_08,14,6,0.5,0,6,14,0.0,0.0,0.0,8
scene_08_30_000343,test,scene_08,scene_08,000343,30,30,scene_08,16,10,0.25,0,10,16,0.0,0.0,0.0,6
scene_08_30_000343,test,scene_08,scene_08,000343,30,30,scene_08,16,10,0.5,0,10,16,0.0,0.0,0.0,6
scene_08_30_000344,test,scene_08,scene_08,000344,30,30,scene_08,15,6,0.25,0,6,15,0.0,0.0,0.0,9
scene_08_30_000344,test,scene_08,scene_08,000344,30,30,scene_08,15,6,0.5,0,6,15,0.0,0.0,0.0,9
scene_08_30_000345,test,scene_08,scene_08,000345,30,30,scene_08,19,5,0.25,0,5,19,0.0,0.0,0.0,14
scene_08_30_000345,test,scene_08,scene_08,000345,30,30,scene_08,19,5,0.5,0,5,19,0.0,0.0,0.0,14
scene_08_30_000346,test,scene_08,scene_08,000346,30,30,scene_08,18,2,0.25,0,2,18,0.0,0.0,0.0,16
scene_08_30_000346,test,scene_08,scene_08,000346,30,30,scene_08,18,2,0.5,0,2,18,0.0,0.0,0.0,16
scene_08_30_000347,test,scene_08,scene_08,000347,30,30,scene_08,14,0,0.25,0,0,14,0.0,0.0,0.0,14
scene_08_30_000347,test,scene_08,scene_08,000347,30,30,scene_08,14,0,0.5,0,0,14,0.0,0.0,0.0,14
scene_08_30_000348,test,scene_08,scene_08,000348,30,30,scene_08,12,0,0.25,0,0,12,0.0,0.0,0.0,12
scene_08_30_000348,test,scene_08,scene_08,000348,30,30,scene_08,12,0,0.5,0,0,12,0.0,0.0,0.0,12
scene_08_30_000349,test,scene_08,scene_08,000349,30,30,scene_08,10,0,0.25,0,0,10,0.0,0.0,0.0,10
scene_08_30_000349,test,scene_08,scene_08,000349,30,30,scene_08,10,0,0.5,0,0,10,0.0,0.0,0.0,10
scene_08_30_000351,test,scene_08,scene_08,000351,30,30,scene_08,15,6,0.25,0,6,15,0.0,0.0,0.0,9
scene_08_30_000351,test,scene_08,scene_08,000351,30,30,scene_08,15,6,0.5,0,6,15,0.0,0.0,0.0,9
scene_08_30_000352,test,scene_08,scene_08,000352,30,30,scene_08,13,14,0.25,0,14,13,0.0,0.0,0.0,1
scene_08_30_000352,test,scene_08,scene_08,000352,30,30,scene_08,13,14,0.5,0,14,13,0.0,0.0,0.0,1
scene_08_30_000353,test,scene_08,scene_08,000353,30,30,scene_08,14,5,0.25,0,5,14,0.0,0.0,0.0,9
scene_08_30_000353,test,scene_08,scene_08,000353,30,30,scene_08,14,5,0.5,0,5,14,0.0,0.0,0.0,9
scene_08_30_000354,test,scene_08,scene_08,000354,30,30,scene_08,15,17,0.25,0,17,15,0.0,0.0,0.0,2
scene_08_30_000354,test,scene_08,scene_08,000354,30,30,scene_08,15,17,0.5,0,17,15,0.0,0.0,0.0,2
scene_08_30_000355,test,scene_08,scene_08,000355,30,30,scene_08,13,11,0.25,0,11,13,0.0,0.0,0.0,2
scene_08_30_000355,test,scene_08,scene_08,000355,30,30,scene_08,13,11,0.5,0,11,13,0.0,0.0,0.0,2
scene_08_30_000356,test,scene_08,scene_08,000356,30,30,scene_08,15,19,0.25,0,19,15,0.0,0.0,0.0,4
scene_08_30_000356,test,scene_08,scene_08,000356,30,30,scene_08,15,19,0.5,0,19,15,0.0,0.0,0.0,4
scene_08_30_000357,test,scene_08,scene_08,000357,30,30,scene_08,14,13,0.25,0,13,14,0.0,0.0,0.0,1
scene_08_30_000357,test,scene_08,scene_08,000357,30,30,scene_08,14,13,0.5,0,13,14,0.0,0.0,0.0,1
scene_08_30_000358,test,scene_08,scene_08,000358,30,30,scene_08,14,11,0.25,0,11,14,0.0,0.0,0.0,3
scene_08_30_000358,test,scene_08,scene_08,000358,30,30,scene_08,14,11,0.5,0,11,14,0.0,0.0,0.0,3
scene_08_30_000359,test,scene_08,scene_08,000359,30,30,scene_08,14,8,0.25,0,8,14,0.0,0.0,0.0,6
scene_08_30_000359,test,scene_08,scene_08,000359,30,30,scene_08,14,8,0.5,0,8,14,0.0,0.0,0.0,6
scene_08_30_000360,test,scene_08,scene_08,000360,30,30,scene_08,8,13,0.25,0,13,8,0.0,0.0,0.0,5
scene_08_30_000360,test,scene_08,scene_08,000360,30,30,scene_08,8,13,0.5,0,13,8,0.0,0.0,0.0,5
scene_08_30_000361,test,scene_08,scene_08,000361,30,30,scene_08,6,9,0.25,0,9,6,0.0,0.0,0.0,3
scene_08_30_000361,test,scene_08,scene_08,000361,30,30,scene_08,6,9,0.5,0,9,6,0.0,0.0,0.0,3
scene_08_30_000362,test,scene_08,scene_08,000362,30,30,scene_08,5,7,0.25,0,7,5,0.0,0.0,0.0,2
scene_08_30_000362,test,scene_08,scene_08,000362,30,30,scene_08,5,7,0.5,0,7,5,0.0,0.0,0.0,2
scene_08_30_000363,test,scene_08,scene_08,000363,30,30,scene_08,6,5,0.25,0,5,6,0.0,0.0,0.0,1
scene_08_30_000363,test,scene_08,scene_08,000363,30,30,scene_08,6,5,0.5,0,5,6,0.0,0.0,0.0,1
scene_08_30_000364,test,scene_08,scene_08,000364,30,30,scene_08,5,4,0.25,0,4,5,0.0,0.0,0.0,1
scene_08_30_000364,test,scene_08,scene_08,000364,30,30,scene_08,5,4,0.5,0,4,5,0.0,0.0,0.0,1
scene_08_30_000365,test,scene_08,scene_08,000365,30,30,scene_08,6,14,0.25,0,14,6,0.0,0.0,0.0,8
scene_08_30_000365,test,scene_08,scene_08,000365,30,30,scene_08,6,14,0.5,0,14,6,0.0,0.0,0.0,8
scene_08_30_000366,test,scene_08,scene_08,000366,30,30,scene_08,6,7,0.25,0,7,6,0.0,0.0,0.0,1
scene_08_30_000366,test,scene_08,scene_08,000366,30,30,scene_08,6,7,0.5,0,7,6,0.0,0.0,0.0,1
scene_08_30_000367,test,scene_08,scene_08,000367,30,30,scene_08,6,10,0.25,0,10,6,0.0,0.0,0.0,4
scene_08_30_000367,test,scene_08,scene_08,000367,30,30,scene_08,6,10,0.5,0,10,6,0.0,0.0,0.0,4
scene_08_30_000368,test,scene_08,scene_08,000368,30,30,scene_08,5,8,0.25,0,8,5,0.0,0.0,0.0,3
scene_08_30_000368,test,scene_08,scene_08,000368,30,30,scene_08,5,8,0.5,0,8,5,0.0,0.0,0.0,3
scene_08_30_000369,test,scene_08,scene_08,000369,30,30,scene_08,5,10,0.25,0,10,5,0.0,0.0,0.0,5
scene_08_30_000369,test,scene_08,scene_08,000369,30,30,scene_08,5,10,0.5,0,10,5,0.0,0.0,0.0,5
scene_08_30_000370,test,scene_08,scene_08,000370,30,30,scene_08,5,5,0.25,0,5,5,0.0,0.0,0.0,0
scene_08_30_000370,test,scene_08,scene_08,000370,30,30,scene_08,5,5,0.5,0,5,5,0.0,0.0,0.0,0
scene_08_30_000371,test,scene_08,scene_08,000371,30,30,scene_08,6,6,0.25,0,6,6,0.0,0.0,0.0,0
scene_08_30_000371,test,scene_08,scene_08,000371,30,30,scene_08,6,6,0.5,0,6,6,0.0,0.0,0.0,0
scene_08_30_000372,test,scene_08,scene_08,000372,30,30,scene_08,6,8,0.25,0,8,6,0.0,0.0,0.0,2
scene_08_30_000372,test,scene_08,scene_08,000372,30,30,scene_08,6,8,0.5,0,8,6,0.0,0.0,0.0,2
scene_08_30_000373,test,scene_08,scene_08,000373,30,30,scene_08,9,5,0.25,0,5,9,0.0,0.0,0.0,4
scene_08_30_000373,test,scene_08,scene_08,000373,30,30,scene_08,9,5,0.5,0,5,9,0.0,0.0,0.0,4
scene_08_30_000374,test,scene_08,scene_08,000374,30,30,scene_08,9,4,0.25,0,4,9,0.0,0.0,0.0,5
scene_08_30_000374,test,scene_08,scene_08,000374,30,30,scene_08,9,4,0.5,0,4,9,0.0,0.0,0.0,5
scene_08_30_000375,test,scene_08,scene_08,000375,30,30,scene_08,7,16,0.25,0,16,7,0.0,0.0,0.0,9
scene_08_30_000375,test,scene_08,scene_08,000375,30,30,scene_08,7,16,0.5,0,16,7,0.0,0.0,0.0,9
scene_08_30_000376,test,scene_08,scene_08,000376,30,30,scene_08,5,20,0.25,0,20,5,0.0,0.0,0.0,15
scene_08_30_000376,test,scene_08,scene_08,000376,30,30,scene_08,5,20,0.5,0,20,5,0.0,0.0,0.0,15
scene_08_30_000377,test,scene_08,scene_08,000377,30,30,scene_08,4,13,0.25,0,13,4,0.0,0.0,0.0,9
scene_08_30_000377,test,scene_08,scene_08,000377,30,30,scene_08,4,13,0.5,0,13,4,0.0,0.0,0.0,9
scene_08_30_000378,test,scene_08,scene_08,000378,30,30,scene_08,4,14,0.25,0,14,4,0.0,0.0,0.0,10
scene_08_30_000378,test,scene_08,scene_08,000378,30,30,scene_08,4,14,0.5,0,14,4,0.0,0.0,0.0,10
scene_08_30_000379,test,scene_08,scene_08,000379,30,30,scene_08,4,13,0.25,0,13,4,0.0,0.0,0.0,9
scene_08_30_000379,test,scene_08,scene_08,000379,30,30,scene_08,4,13,0.5,0,13,4,0.0,0.0,0.0,9
scene_08_30_000380,test,scene_08,scene_08,000380,30,30,scene_08,4,7,0.25,0,7,4,0.0,0.0,0.0,3
scene_08_30_000380,test,scene_08,scene_08,000380,30,30,scene_08,4,7,0.5,0,7,4,0.0,0.0,0.0,3
scene_08_30_000381,test,scene_08,scene_08,000381,30,30,scene_08,5,5,0.25,0,5,5,0.0,0.0,0.0,0
scene_08_30_000381,test,scene_08,scene_08,000381,30,30,scene_08,5,5,0.5,0,5,5,0.0,0.0,0.0,0
scene_08_30_000382,test,scene_08,scene_08,000382,30,30,scene_08,4,1,0.25,0,1,4,0.0,0.0,0.0,3
scene_08_30_000382,test,scene_08,scene_08,000382,30,30,scene_08,4,1,0.5,0,1,4,0.0,0.0,0.0,3
scene_08_40_000000,test,scene_08,scene_08,000000,40,40,scene_08,11,12,0.25,0,12,11,0.0,0.0,0.0,1
scene_08_40_000000,test,scene_08,scene_08,000000,40,40,scene_08,11,12,0.5,0,12,11,0.0,0.0,0.0,1
scene_08_40_000001,test,scene_08,scene_08,000001,40,40,scene_08,14,19,0.25,0,19,14,0.0,0.0,0.0,5
scene_08_40_000001,test,scene_08,scene_08,000001,40,40,scene_08,14,19,0.5,0,19,14,0.0,0.0,0.0,5
scene_08_40_000002,test,scene_08,scene_08,000002,40,40,scene_08,17,25,0.25,0,25,17,0.0,0.0,0.0,8
scene_08_40_000002,test,scene_08,scene_08,000002,40,40,scene_08,17,25,0.5,0,25,17,0.0,0.0,0.0,8
scene_08_40_000003,test,scene_08,scene_08,000003,40,40,scene_08,17,21,0.25,0,21,17,0.0,0.0,0.0,4
scene_08_40_000003,test,scene_08,scene_08,000003,40,40,scene_08,17,21,0.5,0,21,17,0.0,0.0,0.0,4
scene_08_40_000004,test,scene_08,scene_08,000004,40,40,scene_08,17,23,0.25,0,23,17,0.0,0.0,0.0,6
scene_08_40_000004,test,scene_08,scene_08,000004,40,40,scene_08,17,23,0.5,0,23,17,0.0,0.0,0.0,6
scene_08_40_000005,test,scene_08,scene_08,000005,40,40,scene_08,19,17,0.25,0,17,19,0.0,0.0,0.0,2
scene_08_40_000005,test,scene_08,scene_08,000005,40,40,scene_08,19,17,0.5,0,17,19,0.0,0.0,0.0,2
scene_08_40_000006,test,scene_08,scene_08,000006,40,40,scene_08,16,18,0.25,0,18,16,0.0,0.0,0.0,2
scene_08_40_000006,test,scene_08,scene_08,000006,40,40,scene_08,16,18,0.5,0,18,16,0.0,0.0,0.0,2
scene_08_40_000007,test,scene_08,scene_08,000007,40,40,scene_08,16,15,0.25,1,14,15,0.06666666666666667,0.0625,0.06451612903225806,1
scene_08_40_000007,test,scene_08,scene_08,000007,40,40,scene_08,16,15,0.5,0,15,16,0.0,0.0,0.0,1
scene_08_40_000008,test,scene_08,scene_08,000008,40,40,scene_08,10,13,0.25,1,12,9,0.07692307692307693,0.1,0.08695652173913043,3
scene_08_40_000008,test,scene_08,scene_08,000008,40,40,scene_08,10,13,0.5,0,13,10,0.0,0.0,0.0,3
scene_08_40_000009,test,scene_08,scene_08,000009,40,40,scene_08,10,7,0.25,0,7,10,0.0,0.0,0.0,3
scene_08_40_000009,test,scene_08,scene_08,000009,40,40,scene_08,10,7,0.5,0,7,10,0.0,0.0,0.0,3
scene_08_40_000010,test,scene_08,scene_08,000010,40,40,scene_08,7,8,0.25,1,7,6,0.125,0.14285714285714285,0.13333333333333333,1
scene_08_40_000010,test,scene_08,scene_08,000010,40,40,scene_08,7,8,0.5,0,8,7,0.0,0.0,0.0,1
scene_08_40_000011,test,scene_08,scene_08,000011,40,40,scene_08,5,9,0.25,0,9,5,0.0,0.0,0.0,4
scene_08_40_000011,test,scene_08,scene_08,000011,40,40,scene_08,5,9,0.5,0,9,5,0.0,0.0,0.0,4
scene_08_40_000012,test,scene_08,scene_08,000012,40,40,scene_08,5,6,0.25,0,6,5,0.0,0.0,0.0,1
scene_08_40_000012,test,scene_08,scene_08,000012,40,40,scene_08,5,6,0.5,0,6,5,0.0,0.0,0.0,1
scene_08_40_000013,test,scene_08,scene_08,000013,40,40,scene_08,3,15,0.25,0,15,3,0.0,0.0,0.0,12
scene_08_40_000013,test,scene_08,scene_08,000013,40,40,scene_08,3,15,0.5,0,15,3,0.0,0.0,0.0,12
scene_08_40_000016,test,scene_08,scene_08,000016,40,40,scene_08,2,8,0.25,0,8,2,0.0,0.0,0.0,6
scene_08_40_000016,test,scene_08,scene_08,000016,40,40,scene_08,2,8,0.5,0,8,2,0.0,0.0,0.0,6
scene_08_40_000017,test,scene_08,scene_08,000017,40,40,scene_08,2,9,0.25,0,9,2,0.0,0.0,0.0,7
scene_08_40_000017,test,scene_08,scene_08,000017,40,40,scene_08,2,9,0.5,0,9,2,0.0,0.0,0.0,7
scene_08_40_000018,test,scene_08,scene_08,000018,40,40,scene_08,3,4,0.25,0,4,3,0.0,0.0,0.0,1
scene_08_40_000018,test,scene_08,scene_08,000018,40,40,scene_08,3,4,0.5,0,4,3,0.0,0.0,0.0,1
scene_08_40_000019,test,scene_08,scene_08,000019,40,40,scene_08,3,8,0.25,0,8,3,0.0,0.0,0.0,5
scene_08_40_000019,test,scene_08,scene_08,000019,40,40,scene_08,3,8,0.5,0,8,3,0.0,0.0,0.0,5
scene_08_40_000022,test,scene_08,scene_08,000022,40,40,scene_08,4,11,0.25,0,11,4,0.0,0.0,0.0,7
scene_08_40_000022,test,scene_08,scene_08,000022,40,40,scene_08,4,11,0.5,0,11,4,0.0,0.0,0.0,7
scene_08_40_000023,test,scene_08,scene_08,000023,40,40,scene_08,4,21,0.25,0,21,4,0.0,0.0,0.0,17
scene_08_40_000023,test,scene_08,scene_08,000023,40,40,scene_08,4,21,0.5,0,21,4,0.0,0.0,0.0,17
scene_08_40_000024,test,scene_08,scene_08,000024,40,40,scene_08,9,19,0.25,0,19,9,0.0,0.0,0.0,10
scene_08_40_000024,test,scene_08,scene_08,000024,40,40,scene_08,9,19,0.5,0,19,9,0.0,0.0,0.0,10
scene_08_40_000025,test,scene_08,scene_08,000025,40,40,scene_08,14,8,0.25,0,8,14,0.0,0.0,0.0,6
scene_08_40_000025,test,scene_08,scene_08,000025,40,40,scene_08,14,8,0.5,0,8,14,0.0,0.0,0.0,6
scene_08_40_000026,test,scene_08,scene_08,000026,40,40,scene_08,13,12,0.25,0,12,13,0.0,0.0,0.0,1
scene_08_40_000026,test,scene_08,scene_08,000026,40,40,scene_08,13,12,0.5,0,12,13,0.0,0.0,0.0,1
scene_08_40_000027,test,scene_08,scene_08,000027,40,40,scene_08,14,11,0.25,0,11,14,0.0,0.0,0.0,3
scene_08_40_000027,test,scene_08,scene_08,000027,40,40,scene_08,14,11,0.5,0,11,14,0.0,0.0,0.0,3
scene_08_40_000028,test,scene_08,scene_08,000028,40,40,scene_08,18,19,0.25,0,19,18,0.0,0.0,0.0,1
scene_08_40_000028,test,scene_08,scene_08,000028,40,40,scene_08,18,19,0.5,0,19,18,0.0,0.0,0.0,1
scene_08_40_000029,test,scene_08,scene_08,000029,40,40,scene_08,22,21,0.25,0,21,22,0.0,0.0,0.0,1
scene_08_40_000029,test,scene_08,scene_08,000029,40,40,scene_08,22,21,0.5,0,21,22,0.0,0.0,0.0,1
scene_08_40_000030,test,scene_08,scene_08,000030,40,40,scene_08,24,23,0.25,0,23,24,0.0,0.0,0.0,1
scene_08_40_000030,test,scene_08,scene_08,000030,40,40,scene_08,24,23,0.5,0,23,24,0.0,0.0,0.0,1
scene_08_40_000031,test,scene_08,scene_08,000031,40,40,scene_08,26,23,0.25,0,23,26,0.0,0.0,0.0,3
scene_08_40_000031,test,scene_08,scene_08,000031,40,40,scene_08,26,23,0.5,0,23,26,0.0,0.0,0.0,3
scene_08_40_000032,test,scene_08,scene_08,000032,40,40,scene_08,23,22,0.25,0,22,23,0.0,0.0,0.0,1
scene_08_40_000032,test,scene_08,scene_08,000032,40,40,scene_08,23,22,0.5,0,22,23,0.0,0.0,0.0,1
scene_08_40_000033,test,scene_08,scene_08,000033,40,40,scene_08,18,19,0.25,0,19,18,0.0,0.0,0.0,1
scene_08_40_000033,test,scene_08,scene_08,000033,40,40,scene_08,18,19,0.5,0,19,18,0.0,0.0,0.0,1
scene_08_40_000034,test,scene_08,scene_08,000034,40,40,scene_08,13,12,0.25,0,12,13,0.0,0.0,0.0,1
scene_08_40_000034,test,scene_08,scene_08,000034,40,40,scene_08,13,12,0.5,0,12,13,0.0,0.0,0.0,1
scene_08_40_000035,test,scene_08,scene_08,000035,40,40,scene_08,16,15,0.25,0,15,16,0.0,0.0,0.0,1
scene_08_40_000035,test,scene_08,scene_08,000035,40,40,scene_08,16,15,0.5,0,15,16,0.0,0.0,0.0,1
scene_08_40_000036,test,scene_08,scene_08,000036,40,40,scene_08,23,20,0.25,0,20,23,0.0,0.0,0.0,3
scene_08_40_000036,test,scene_08,scene_08,000036,40,40,scene_08,23,20,0.5,0,20,23,0.0,0.0,0.0,3
scene_08_40_000037,test,scene_08,scene_08,000037,40,40,scene_08,32,27,0.25,0,27,32,0.0,0.0,0.0,5
scene_08_40_000037,test,scene_08,scene_08,000037,40,40,scene_08,32,27,0.5,0,27,32,0.0,0.0,0.0,5
scene_08_40_000038,test,scene_08,scene_08,000038,40,40,scene_08,25,18,0.25,0,18,25,0.0,0.0,0.0,7
scene_08_40_000038,test,scene_08,scene_08,000038,40,40,scene_08,25,18,0.5,0,18,25,0.0,0.0,0.0,7
scene_08_40_000039,test,scene_08,scene_08,000039,40,40,scene_08,24,20,0.25,0,20,24,0.0,0.0,0.0,4
scene_08_40_000039,test,scene_08,scene_08,000039,40,40,scene_08,24,20,0.5,0,20,24,0.0,0.0,0.0,4
scene_08_40_000040,test,scene_08,scene_08,000040,40,40,scene_08,20,21,0.25,1,20,19,0.047619047619047616,0.05,0.04878048780487805,1
scene_08_40_000040,test,scene_08,scene_08,000040,40,40,scene_08,20,21,0.5,0,21,20,0.0,0.0,0.0,1
scene_08_40_000041,test,scene_08,scene_08,000041,40,40,scene_08,16,20,0.25,1,19,15,0.05,0.0625,0.05555555555555555,4
scene_08_40_000041,test,scene_08,scene_08,000041,40,40,scene_08,16,20,0.5,0,20,16,0.0,0.0,0.0,4
scene_08_40_000042,test,scene_08,scene_08,000042,40,40,scene_08,14,18,0.25,1,17,13,0.05555555555555555,0.07142857142857142,0.0625,4
scene_08_40_000042,test,scene_08,scene_08,000042,40,40,scene_08,14,18,0.5,0,18,14,0.0,0.0,0.0,4
scene_08_40_000043,test,scene_08,scene_08,000043,40,40,scene_08,12,12,0.25,1,11,11,0.08333333333333333,0.08333333333333333,0.08333333333333333,0
scene_08_40_000043,test,scene_08,scene_08,000043,40,40,scene_08,12,12,0.5,0,12,12,0.0,0.0,0.0,0
scene_08_40_000044,test,scene_08,scene_08,000044,40,40,scene_08,12,13,0.25,0,13,12,0.0,0.0,0.0,1
scene_08_40_000044,test,scene_08,scene_08,000044,40,40,scene_08,12,13,0.5,0,13,12,0.0,0.0,0.0,1
scene_08_40_000045,test,scene_08,scene_08,000045,40,40,scene_08,10,15,0.25,0,15,10,0.0,0.0,0.0,5
scene_08_40_000045,test,scene_08,scene_08,000045,40,40,scene_08,10,15,0.5,0,15,10,0.0,0.0,0.0,5
scene_08_40_000046,test,scene_08,scene_08,000046,40,40,scene_08,5,15,0.25,0,15,5,0.0,0.0,0.0,10
scene_08_40_000046,test,scene_08,scene_08,000046,40,40,scene_08,5,15,0.5,0,15,5,0.0,0.0,0.0,10
scene_08_40_000049,test,scene_08,scene_08,000049,40,40,scene_08,2,12,0.25,0,12,2,0.0,0.0,0.0,10
scene_08_40_000049,test,scene_08,scene_08,000049,40,40,scene_08,2,12,0.5,0,12,2,0.0,0.0,0.0,10
scene_08_40_000050,test,scene_08,scene_08,000050,40,40,scene_08,2,7,0.25,0,7,2,0.0,0.0,0.0,5
scene_08_40_000050,test,scene_08,scene_08,000050,40,40,scene_08,2,7,0.5,0,7,2,0.0,0.0,0.0,5
scene_08_40_000051,test,scene_08,scene_08,000051,40,40,scene_08,5,4,0.25,0,4,5,0.0,0.0,0.0,1
scene_08_40_000051,test,scene_08,scene_08,000051,40,40,scene_08,5,4,0.5,0,4,5,0.0,0.0,0.0,1
scene_08_40_000052,test,scene_08,scene_08,000052,40,40,scene_08,4,10,0.25,0,10,4,0.0,0.0,0.0,6
scene_08_40_000052,test,scene_08,scene_08,000052,40,40,scene_08,4,10,0.5,0,10,4,0.0,0.0,0.0,6
scene_08_40_000053,test,scene_08,scene_08,000053,40,40,scene_08,4,15,0.25,0,15,4,0.0,0.0,0.0,11
scene_08_40_000053,test,scene_08,scene_08,000053,40,40,scene_08,4,15,0.5,0,15,4,0.0,0.0,0.0,11
scene_08_40_000054,test,scene_08,scene_08,000054,40,40,scene_08,8,11,0.25,0,11,8,0.0,0.0,0.0,3
scene_08_40_000054,test,scene_08,scene_08,000054,40,40,scene_08,8,11,0.5,0,11,8,0.0,0.0,0.0,3
scene_08_40_000055,test,scene_08,scene_08,000055,40,40,scene_08,15,19,0.25,0,19,15,0.0,0.0,0.0,4
scene_08_40_000055,test,scene_08,scene_08,000055,40,40,scene_08,15,19,0.5,0,19,15,0.0,0.0,0.0,4
scene_08_40_000056,test,scene_08,scene_08,000056,40,40,scene_08,16,19,0.25,0,19,16,0.0,0.0,0.0,3
scene_08_40_000056,test,scene_08,scene_08,000056,40,40,scene_08,16,19,0.5,0,19,16,0.0,0.0,0.0,3
scene_08_40_000057,test,scene_08,scene_08,000057,40,40,scene_08,19,16,0.25,0,16,19,0.0,0.0,0.0,3
scene_08_40_000057,test,scene_08,scene_08,000057,40,40,scene_08,19,16,0.5,0,16,19,0.0,0.0,0.0,3
scene_08_40_000058,test,scene_08,scene_08,000058,40,40,scene_08,20,23,0.25,0,23,20,0.0,0.0,0.0,3
scene_08_40_000058,test,scene_08,scene_08,000058,40,40,scene_08,20,23,0.5,0,23,20,0.0,0.0,0.0,3
scene_08_40_000059,test,scene_08,scene_08,000059,40,40,scene_08,20,21,0.25,0,21,20,0.0,0.0,0.0,1
scene_08_40_000059,test,scene_08,scene_08,000059,40,40,scene_08,20,21,0.5,0,21,20,0.0,0.0,0.0,1
scene_08_40_000060,test,scene_08,scene_08,000060,40,40,scene_08,23,20,0.25,0,20,23,0.0,0.0,0.0,3
scene_08_40_000060,test,scene_08,scene_08,000060,40,40,scene_08,23,20,0.5,0,20,23,0.0,0.0,0.0,3
scene_08_40_000061,test,scene_08,scene_08,000061,40,40,scene_08,29,18,0.25,0,18,29,0.0,0.0,0.0,11
scene_08_40_000061,test,scene_08,scene_08,000061,40,40,scene_08,29,18,0.5,0,18,29,0.0,0.0,0.0,11
scene_08_40_000062,test,scene_08,scene_08,000062,40,40,scene_08,31,17,0.25,0,17,31,0.0,0.0,0.0,14
scene_08_40_000062,test,scene_08,scene_08,000062,40,40,scene_08,31,17,0.5,0,17,31,0.0,0.0,0.0,14
scene_08_40_000063,test,scene_08,scene_08,000063,40,40,scene_08,25,18,0.25,0,18,25,0.0,0.0,0.0,7
scene_08_40_000063,test,scene_08,scene_08,000063,40,40,scene_08,25,18,0.5,0,18,25,0.0,0.0,0.0,7
scene_08_40_000064,test,scene_08,scene_08,000064,40,40,scene_08,25,15,0.25,0,15,25,0.0,0.0,0.0,10
scene_08_40_000064,test,scene_08,scene_08,000064,40,40,scene_08,25,15,0.5,0,15,25,0.0,0.0,0.0,10
scene_08_40_000065,test,scene_08,scene_08,000065,40,40,scene_08,17,17,0.25,0,17,17,0.0,0.0,0.0,0
scene_08_40_000065,test,scene_08,scene_08,000065,40,40,scene_08,17,17,0.5,0,17,17,0.0,0.0,0.0,0
scene_08_40_000066,test,scene_08,scene_08,000066,40,40,scene_08,17,19,0.25,0,19,17,0.0,0.0,0.0,2
scene_08_40_000066,test,scene_08,scene_08,000066,40,40,scene_08,17,19,0.5,0,19,17,0.0,0.0,0.0,2
scene_08_40_000067,test,scene_08,scene_08,000067,40,40,scene_08,24,17,0.25,0,17,24,0.0,0.0,0.0,7
scene_08_40_000067,test,scene_08,scene_08,000067,40,40,scene_08,24,17,0.5,0,17,24,0.0,0.0,0.0,7
scene_08_40_000068,test,scene_08,scene_08,000068,40,40,scene_08,33,21,0.25,0,21,33,0.0,0.0,0.0,12
scene_08_40_000068,test,scene_08,scene_08,000068,40,40,scene_08,33,21,0.5,0,21,33,0.0,0.0,0.0,12
scene_08_40_000069,test,scene_08,scene_08,000069,40,40,scene_08,30,29,0.25,0,29,30,0.0,0.0,0.0,1
scene_08_40_000069,test,scene_08,scene_08,000069,40,40,scene_08,30,29,0.5,0,29,30,0.0,0.0,0.0,1
scene_08_40_000070,test,scene_08,scene_08,000070,40,40,scene_08,43,22,0.25,0,22,43,0.0,0.0,0.0,21
scene_08_40_000070,test,scene_08,scene_08,000070,40,40,scene_08,43,22,0.5,0,22,43,0.0,0.0,0.0,21
scene_08_40_000071,test,scene_08,scene_08,000071,40,40,scene_08,33,18,0.25,0,18,33,0.0,0.0,0.0,15
scene_08_40_000071,test,scene_08,scene_08,000071,40,40,scene_08,33,18,0.5,0,18,33,0.0,0.0,0.0,15
scene_08_40_000072,test,scene_08,scene_08,000072,40,40,scene_08,27,14,0.25,0,14,27,0.0,0.0,0.0,13
scene_08_40_000072,test,scene_08,scene_08,000072,40,40,scene_08,27,14,0.5,0,14,27,0.0,0.0,0.0,13
scene_08_40_000073,test,scene_08,scene_08,000073,40,40,scene_08,25,19,0.25,1,18,24,0.05263157894736842,0.04,0.045454545454545456,6
scene_08_40_000073,test,scene_08,scene_08,000073,40,40,scene_08,25,19,0.5,0,19,25,0.0,0.0,0.0,6
scene_08_40_000074,test,scene_08,scene_08,000074,40,40,scene_08,21,13,0.25,1,12,20,0.07692307692307693,0.047619047619047616,0.058823529411764705,8
scene_08_40_000074,test,scene_08,scene_08,000074,40,40,scene_08,21,13,0.5,0,13,21,0.0,0.0,0.0,8
scene_08_40_000075,test,scene_08,scene_08,000075,40,40,scene_08,19,13,0.25,1,12,18,0.07692307692307693,0.05263157894736842,0.0625,6
scene_08_40_000075,test,scene_08,scene_08,000075,40,40,scene_08,19,13,0.5,0,13,19,0.0,0.0,0.0,6
scene_08_40_000076,test,scene_08,scene_08,000076,40,40,scene_08,17,20,0.25,0,20,17,0.0,0.0,0.0,3
scene_08_40_000076,test,scene_08,scene_08,000076,40,40,scene_08,17,20,0.5,0,20,17,0.0,0.0,0.0,3
scene_08_40_000077,test,scene_08,scene_08,000077,40,40,scene_08,17,10,0.25,0,10,17,0.0,0.0,0.0,7
scene_08_40_000077,test,scene_08,scene_08,000077,40,40,scene_08,17,10,0.5,0,10,17,0.0,0.0,0.0,7
scene_08_40_000078,test,scene_08,scene_08,000078,40,40,scene_08,10,11,0.25,0,11,10,0.0,0.0,0.0,1
scene_08_40_000078,test,scene_08,scene_08,000078,40,40,scene_08,10,11,0.5,0,11,10,0.0,0.0,0.0,1
scene_08_40_000081,test,scene_08,scene_08,000081,40,40,scene_08,2,11,0.25,0,11,2,0.0,0.0,0.0,9
scene_08_40_000081,test,scene_08,scene_08,000081,40,40,scene_08,2,11,0.5,0,11,2,0.0,0.0,0.0,9
scene_08_40_000082,test,scene_08,scene_08,000082,40,40,scene_08,10,4,0.25,0,4,10,0.0,0.0,0.0,6
scene_08_40_000082,test,scene_08,scene_08,000082,40,40,scene_08,10,4,0.5,0,4,10,0.0,0.0,0.0,6
scene_08_40_000083,test,scene_08,scene_08,000083,40,40,scene_08,10,6,0.25,0,6,10,0.0,0.0,0.0,4
scene_08_40_000083,test,scene_08,scene_08,000083,40,40,scene_08,10,6,0.5,0,6,10,0.0,0.0,0.0,4
scene_08_40_000084,test,scene_08,scene_08,000084,40,40,scene_08,9,15,0.25,0,15,9,0.0,0.0,0.0,6
scene_08_40_000084,test,scene_08,scene_08,000084,40,40,scene_08,9,15,0.5,0,15,9,0.0,0.0,0.0,6
scene_08_40_000085,test,scene_08,scene_08,000085,40,40,scene_08,19,12,0.25,0,12,19,0.0,0.0,0.0,7
scene_08_40_000085,test,scene_08,scene_08,000085,40,40,scene_08,19,12,0.5,0,12,19,0.0,0.0,0.0,7
scene_08_40_000086,test,scene_08,scene_08,000086,40,40,scene_08,20,18,0.25,0,18,20,0.0,0.0,0.0,2
scene_08_40_000086,test,scene_08,scene_08,000086,40,40,scene_08,20,18,0.5,0,18,20,0.0,0.0,0.0,2
scene_08_40_000087,test,scene_08,scene_08,000087,40,40,scene_08,22,15,0.25,0,15,22,0.0,0.0,0.0,7
scene_08_40_000087,test,scene_08,scene_08,000087,40,40,scene_08,22,15,0.5,0,15,22,0.0,0.0,0.0,7
scene_08_40_000088,test,scene_08,scene_08,000088,40,40,scene_08,26,16,0.25,0,16,26,0.0,0.0,0.0,10
scene_08_40_000088,test,scene_08,scene_08,000088,40,40,scene_08,26,16,0.5,0,16,26,0.0,0.0,0.0,10
scene_08_40_000089,test,scene_08,scene_08,000089,40,40,scene_08,27,18,0.25,2,16,25,0.1111111111111111,0.07407407407407407,0.08888888888888889,9
scene_08_40_000089,test,scene_08,scene_08,000089,40,40,scene_08,27,18,0.5,0,18,27,0.0,0.0,0.0,9
scene_08_40_000090,test,scene_08,scene_08,000090,40,40,scene_08,29,17,0.25,1,16,28,0.058823529411764705,0.034482758620689655,0.043478260869565216,12
scene_08_40_000090,test,scene_08,scene_08,000090,40,40,scene_08,29,17,0.5,0,17,29,0.0,0.0,0.0,12
scene_08_40_000091,test,scene_08,scene_08,000091,40,40,scene_08,31,17,0.25,0,17,31,0.0,0.0,0.0,14
scene_08_40_000091,test,scene_08,scene_08,000091,40,40,scene_08,31,17,0.5,0,17,31,0.0,0.0,0.0,14
scene_08_40_000092,test,scene_08,scene_08,000092,40,40,scene_08,36,25,0.25,0,25,36,0.0,0.0,0.0,11
scene_08_40_000092,test,scene_08,scene_08,000092,40,40,scene_08,36,25,0.5,0,25,36,0.0,0.0,0.0,11
scene_08_40_000093,test,scene_08,scene_08,000093,40,40,scene_08,27,16,0.25,0,16,27,0.0,0.0,0.0,11
scene_08_40_000093,test,scene_08,scene_08,000093,40,40,scene_08,27,16,0.5,0,16,27,0.0,0.0,0.0,11
scene_08_40_000094,test,scene_08,scene_08,000094,40,40,scene_08,25,21,0.25,0,21,25,0.0,0.0,0.0,4
scene_08_40_000094,test,scene_08,scene_08,000094,40,40,scene_08,25,21,0.5,0,21,25,0.0,0.0,0.0,4
scene_08_40_000095,test,scene_08,scene_08,000095,40,40,scene_08,21,15,0.25,0,15,21,0.0,0.0,0.0,6
scene_08_40_000095,test,scene_08,scene_08,000095,40,40,scene_08,21,15,0.5,0,15,21,0.0,0.0,0.0,6
scene_08_40_000096,test,scene_08,scene_08,000096,40,40,scene_08,16,17,0.25,0,17,16,0.0,0.0,0.0,1
scene_08_40_000096,test,scene_08,scene_08,000096,40,40,scene_08,16,17,0.5,0,17,16,0.0,0.0,0.0,1
scene_08_40_000097,test,scene_08,scene_08,000097,40,40,scene_08,11,13,0.25,0,13,11,0.0,0.0,0.0,2
scene_08_40_000097,test,scene_08,scene_08,000097,40,40,scene_08,11,13,0.5,0,13,11,0.0,0.0,0.0,2
scene_08_40_000098,test,scene_08,scene_08,000098,40,40,scene_08,14,18,0.25,0,18,14,0.0,0.0,0.0,4
scene_08_40_000098,test,scene_08,scene_08,000098,40,40,scene_08,14,18,0.5,0,18,14,0.0,0.0,0.0,4
scene_08_40_000099,test,scene_08,scene_08,000099,40,40,scene_08,18,11,0.25,0,11,18,0.0,0.0,0.0,7
scene_08_40_000099,test,scene_08,scene_08,000099,40,40,scene_08,18,11,0.5,0,11,18,0.0,0.0,0.0,7
scene_08_40_000100,test,scene_08,scene_08,000100,40,40,scene_08,31,16,0.25,0,16,31,0.0,0.0,0.0,15
scene_08_40_000100,test,scene_08,scene_08,000100,40,40,scene_08,31,16,0.5,0,16,31,0.0,0.0,0.0,15
scene_08_40_000101,test,scene_08,scene_08,000101,40,40,scene_08,26,8,0.25,0,8,26,0.0,0.0,0.0,18
scene_08_40_000101,test,scene_08,scene_08,000101,40,40,scene_08,26,8,0.5,0,8,26,0.0,0.0,0.0,18
scene_08_40_000102,test,scene_08,scene_08,000102,40,40,scene_08,32,14,0.25,0,14,32,0.0,0.0,0.0,18
scene_08_40_000102,test,scene_08,scene_08,000102,40,40,scene_08,32,14,0.5,0,14,32,0.0,0.0,0.0,18
scene_08_40_000103,test,scene_08,scene_08,000103,40,40,scene_08,31,16,0.25,1,15,30,0.0625,0.03225806451612903,0.0425531914893617,15
scene_08_40_000103,test,scene_08,scene_08,000103,40,40,scene_08,31,16,0.5,0,16,31,0.0,0.0,0.0,15
scene_08_40_000104,test,scene_08,scene_08,000104,40,40,scene_08,23,14,0.25,0,14,23,0.0,0.0,0.0,9
scene_08_40_000104,test,scene_08,scene_08,000104,40,40,scene_08,23,14,0.5,0,14,23,0.0,0.0,0.0,9
scene_08_40_000105,test,scene_08,scene_08,000105,40,40,scene_08,22,15,0.25,1,14,21,0.06666666666666667,0.045454545454545456,0.05405405405405406,7
scene_08_40_000105,test,scene_08,scene_08,000105,40,40,scene_08,22,15,0.5,0,15,22,0.0,0.0,0.0,7
scene_08_40_000106,test,scene_08,scene_08,000106,40,40,scene_08,19,20,0.25,0,20,19,0.0,0.0,0.0,1
scene_08_40_000106,test,scene_08,scene_08,000106,40,40,scene_08,19,20,0.5,0,20,19,0.0,0.0,0.0,1
scene_08_40_000107,test,scene_08,scene_08,000107,40,40,scene_08,15,11,0.25,0,11,15,0.0,0.0,0.0,4
scene_08_40_000107,test,scene_08,scene_08,000107,40,40,scene_08,15,11,0.5,0,11,15,0.0,0.0,0.0,4
scene_08_40_000108,test,scene_08,scene_08,000108,40,40,scene_08,8,6,0.25,0,6,8,0.0,0.0,0.0,2
scene_08_40_000108,test,scene_08,scene_08,000108,40,40,scene_08,8,6,0.5,0,6,8,0.0,0.0,0.0,2
scene_08_40_000112,test,scene_08,scene_08,000112,40,40,scene_08,14,4,0.25,0,4,14,0.0,0.0,0.0,10
scene_08_40_000112,test,scene_08,scene_08,000112,40,40,scene_08,14,4,0.5,0,4,14,0.0,0.0,0.0,10
scene_08_40_000113,test,scene_08,scene_08,000113,40,40,scene_08,14,6,0.25,0,6,14,0.0,0.0,0.0,8
scene_08_40_000113,test,scene_08,scene_08,000113,40,40,scene_08,14,6,0.5,0,6,14,0.0,0.0,0.0,8
scene_08_40_000114,test,scene_08,scene_08,000114,40,40,scene_08,16,5,0.25,0,5,16,0.0,0.0,0.0,11
scene_08_40_000114,test,scene_08,scene_08,000114,40,40,scene_08,16,5,0.5,0,5,16,0.0,0.0,0.0,11
scene_08_40_000115,test,scene_08,scene_08,000115,40,40,scene_08,17,8,0.25,0,8,17,0.0,0.0,0.0,9
scene_08_40_000115,test,scene_08,scene_08,000115,40,40,scene_08,17,8,0.5,0,8,17,0.0,0.0,0.0,9
scene_08_40_000116,test,scene_08,scene_08,000116,40,40,scene_08,22,14,0.25,0,14,22,0.0,0.0,0.0,8
scene_08_40_000116,test,scene_08,scene_08,000116,40,40,scene_08,22,14,0.5,0,14,22,0.0,0.0,0.0,8
scene_08_40_000117,test,scene_08,scene_08,000117,40,40,scene_08,26,9,0.25,0,9,26,0.0,0.0,0.0,17
scene_08_40_000117,test,scene_08,scene_08,000117,40,40,scene_08,26,9,0.5,0,9,26,0.0,0.0,0.0,17
scene_08_40_000118,test,scene_08,scene_08,000118,40,40,scene_08,21,13,0.25,0,13,21,0.0,0.0,0.0,8
scene_08_40_000118,test,scene_08,scene_08,000118,40,40,scene_08,21,13,0.5,0,13,21,0.0,0.0,0.0,8
scene_08_40_000119,test,scene_08,scene_08,000119,40,40,scene_08,25,21,0.25,0,21,25,0.0,0.0,0.0,4
scene_08_40_000119,test,scene_08,scene_08,000119,40,40,scene_08,25,21,0.5,0,21,25,0.0,0.0,0.0,4
scene_08_40_000120,test,scene_08,scene_08,000120,40,40,scene_08,30,33,0.25,0,33,30,0.0,0.0,0.0,3
scene_08_40_000120,test,scene_08,scene_08,000120,40,40,scene_08,30,33,0.5,0,33,30,0.0,0.0,0.0,3
scene_08_40_000121,test,scene_08,scene_08,000121,40,40,scene_08,25,18,0.25,0,18,25,0.0,0.0,0.0,7
scene_08_40_000121,test,scene_08,scene_08,000121,40,40,scene_08,25,18,0.5,0,18,25,0.0,0.0,0.0,7
scene_08_40_000122,test,scene_08,scene_08,000122,40,40,scene_08,25,12,0.25,0,12,25,0.0,0.0,0.0,13
scene_08_40_000122,test,scene_08,scene_08,000122,40,40,scene_08,25,12,0.5,0,12,25,0.0,0.0,0.0,13
scene_08_40_000123,test,scene_08,scene_08,000123,40,40,scene_08,19,10,0.25,0,10,19,0.0,0.0,0.0,9
scene_08_40_000123,test,scene_08,scene_08,000123,40,40,scene_08,19,10,0.5,0,10,19,0.0,0.0,0.0,9
scene_08_40_000124,test,scene_08,scene_08,000124,40,40,scene_08,14,13,0.25,0,13,14,0.0,0.0,0.0,1
scene_08_40_000124,test,scene_08,scene_08,000124,40,40,scene_08,14,13,0.5,0,13,14,0.0,0.0,0.0,1
scene_08_40_000125,test,scene_08,scene_08,000125,40,40,scene_08,10,9,0.25,0,9,10,0.0,0.0,0.0,1
scene_08_40_000125,test,scene_08,scene_08,000125,40,40,scene_08,10,9,0.5,0,9,10,0.0,0.0,0.0,1
scene_08_40_000126,test,scene_08,scene_08,000126,40,40,scene_08,18,8,0.25,0,8,18,0.0,0.0,0.0,10
scene_08_40_000126,test,scene_08,scene_08,000126,40,40,scene_08,18,8,0.5,0,8,18,0.0,0.0,0.0,10
scene_08_40_000127,test,scene_08,scene_08,000127,40,40,scene_08,16,16,0.25,0,16,16,0.0,0.0,0.0,0
scene_08_40_000127,test,scene_08,scene_08,000127,40,40,scene_08,16,16,0.5,0,16,16,0.0,0.0,0.0,0
scene_08_40_000128,test,scene_08,scene_08,000128,40,40,scene_08,21,12,0.25,0,12,21,0.0,0.0,0.0,9
scene_08_40_000128,test,scene_08,scene_08,000128,40,40,scene_08,21,12,0.5,0,12,21,0.0,0.0,0.0,9
scene_08_40_000129,test,scene_08,scene_08,000129,40,40,scene_08,23,28,0.25,0,28,23,0.0,0.0,0.0,5
scene_08_40_000129,test,scene_08,scene_08,000129,40,40,scene_08,23,28,0.5,0,28,23,0.0,0.0,0.0,5
scene_08_40_000130,test,scene_08,scene_08,000130,40,40,scene_08,32,16,0.25,0,16,32,0.0,0.0,0.0,16
scene_08_40_000130,test,scene_08,scene_08,000130,40,40,scene_08,32,16,0.5,0,16,32,0.0,0.0,0.0,16
scene_08_40_000131,test,scene_08,scene_08,000131,40,40,scene_08,25,25,0.25,0,25,25,0.0,0.0,0.0,0
scene_08_40_000131,test,scene_08,scene_08,000131,40,40,scene_08,25,25,0.5,0,25,25,0.0,0.0,0.0,0
scene_08_40_000132,test,scene_08,scene_08,000132,40,40,scene_08,22,12,0.25,0,12,22,0.0,0.0,0.0,10
scene_08_40_000132,test,scene_08,scene_08,000132,40,40,scene_08,22,12,0.5,0,12,22,0.0,0.0,0.0,10
scene_08_40_000133,test,scene_08,scene_08,000133,40,40,scene_08,20,18,0.25,0,18,20,0.0,0.0,0.0,2
scene_08_40_000133,test,scene_08,scene_08,000133,40,40,scene_08,20,18,0.5,0,18,20,0.0,0.0,0.0,2
scene_08_40_000134,test,scene_08,scene_08,000134,40,40,scene_08,20,11,0.25,0,11,20,0.0,0.0,0.0,9
scene_08_40_000134,test,scene_08,scene_08,000134,40,40,scene_08,20,11,0.5,0,11,20,0.0,0.0,0.0,9
scene_08_40_000135,test,scene_08,scene_08,000135,40,40,scene_08,20,7,0.25,0,7,20,0.0,0.0,0.0,13
scene_08_40_000135,test,scene_08,scene_08,000135,40,40,scene_08,20,7,0.5,0,7,20,0.0,0.0,0.0,13
scene_08_40_000136,test,scene_08,scene_08,000136,40,40,scene_08,18,8,0.25,0,8,18,0.0,0.0,0.0,10
scene_08_40_000136,test,scene_08,scene_08,000136,40,40,scene_08,18,8,0.5,0,8,18,0.0,0.0,0.0,10
scene_08_40_000137,test,scene_08,scene_08,000137,40,40,scene_08,16,5,0.25,0,5,16,0.0,0.0,0.0,11
scene_08_40_000137,test,scene_08,scene_08,000137,40,40,scene_08,16,5,0.5,0,5,16,0.0,0.0,0.0,11
scene_08_40_000138,test,scene_08,scene_08,000138,40,40,scene_08,6,3,0.25,0,3,6,0.0,0.0,0.0,3
scene_08_40_000138,test,scene_08,scene_08,000138,40,40,scene_08,6,3,0.5,0,3,6,0.0,0.0,0.0,3
scene_08_40_000140,test,scene_08,scene_08,000140,40,40,scene_08,14,3,0.25,0,3,14,0.0,0.0,0.0,11
scene_08_40_000140,test,scene_08,scene_08,000140,40,40,scene_08,14,3,0.5,0,3,14,0.0,0.0,0.0,11
scene_08_40_000141,test,scene_08,scene_08,000141,40,40,scene_08,16,8,0.25,0,8,16,0.0,0.0,0.0,8
scene_08_40_000141,test,scene_08,scene_08,000141,40,40,scene_08,16,8,0.5,0,8,16,0.0,0.0,0.0,8
scene_08_40_000142,test,scene_08,scene_08,000142,40,40,scene_08,16,10,0.25,0,10,16,0.0,0.0,0.0,6
scene_08_40_000142,test,scene_08,scene_08,000142,40,40,scene_08,16,10,0.5,0,10,16,0.0,0.0,0.0,6
scene_08_40_000143,test,scene_08,scene_08,000143,40,40,scene_08,17,10,0.25,0,10,17,0.0,0.0,0.0,7
scene_08_40_000143,test,scene_08,scene_08,000143,40,40,scene_08,17,10,0.5,0,10,17,0.0,0.0,0.0,7
scene_08_40_000144,test,scene_08,scene_08,000144,40,40,scene_08,18,14,0.25,0,14,18,0.0,0.0,0.0,4
scene_08_40_000144,test,scene_08,scene_08,000144,40,40,scene_08,18,14,0.5,0,14,18,0.0,0.0,0.0,4
scene_08_40_000145,test,scene_08,scene_08,000145,40,40,scene_08,20,18,0.25,0,18,20,0.0,0.0,0.0,2
scene_08_40_000145,test,scene_08,scene_08,000145,40,40,scene_08,20,18,0.5,0,18,20,0.0,0.0,0.0,2
scene_08_40_000146,test,scene_08,scene_08,000146,40,40,scene_08,24,13,0.25,0,13,24,0.0,0.0,0.0,11
scene_08_40_000146,test,scene_08,scene_08,000146,40,40,scene_08,24,13,0.5,0,13,24,0.0,0.0,0.0,11
scene_08_40_000147,test,scene_08,scene_08,000147,40,40,scene_08,19,15,0.25,0,15,19,0.0,0.0,0.0,4
scene_08_40_000147,test,scene_08,scene_08,000147,40,40,scene_08,19,15,0.5,0,15,19,0.0,0.0,0.0,4
scene_08_40_000148,test,scene_08,scene_08,000148,40,40,scene_08,14,17,0.25,0,17,14,0.0,0.0,0.0,3
scene_08_40_000148,test,scene_08,scene_08,000148,40,40,scene_08,14,17,0.5,0,17,14,0.0,0.0,0.0,3
scene_08_40_000149,test,scene_08,scene_08,000149,40,40,scene_08,15,10,0.25,0,10,15,0.0,0.0,0.0,5
scene_08_40_000149,test,scene_08,scene_08,000149,40,40,scene_08,15,10,0.5,0,10,15,0.0,0.0,0.0,5
scene_08_40_000150,test,scene_08,scene_08,000150,40,40,scene_08,16,9,0.25,0,9,16,0.0,0.0,0.0,7
scene_08_40_000150,test,scene_08,scene_08,000150,40,40,scene_08,16,9,0.5,0,9,16,0.0,0.0,0.0,7
scene_08_40_000151,test,scene_08,scene_08,000151,40,40,scene_08,15,5,0.25,0,5,15,0.0,0.0,0.0,10
scene_08_40_000151,test,scene_08,scene_08,000151,40,40,scene_08,15,5,0.5,0,5,15,0.0,0.0,0.0,10
scene_08_40_000152,test,scene_08,scene_08,000152,40,40,scene_08,13,6,0.25,0,6,13,0.0,0.0,0.0,7
scene_08_40_000152,test,scene_08,scene_08,000152,40,40,scene_08,13,6,0.5,0,6,13,0.0,0.0,0.0,7
scene_08_40_000153,test,scene_08,scene_08,000153,40,40,scene_08,10,5,0.25,0,5,10,0.0,0.0,0.0,5
scene_08_40_000153,test,scene_08,scene_08,000153,40,40,scene_08,10,5,0.5,0,5,10,0.0,0.0,0.0,5
scene_08_40_000154,test,scene_08,scene_08,000154,40,40,scene_08,10,3,0.25,0,3,10,0.0,0.0,0.0,7
scene_08_40_000154,test,scene_08,scene_08,000154,40,40,scene_08,10,3,0.5,0,3,10,0.0,0.0,0.0,7
scene_08_40_000156,test,scene_08,scene_08,000156,40,40,scene_08,12,1,0.25,0,1,12,0.0,0.0,0.0,11
scene_08_40_000156,test,scene_08,scene_08,000156,40,40,scene_08,12,1,0.5,0,1,12,0.0,0.0,0.0,11
scene_08_40_000157,test,scene_08,scene_08,000157,40,40,scene_08,16,7,0.25,0,7,16,0.0,0.0,0.0,9
scene_08_40_000157,test,scene_08,scene_08,000157,40,40,scene_08,16,7,0.5,0,7,16,0.0,0.0,0.0,9
scene_08_40_000158,test,scene_08,scene_08,000158,40,40,scene_08,16,5,0.25,0,5,16,0.0,0.0,0.0,11
scene_08_40_000158,test,scene_08,scene_08,000158,40,40,scene_08,16,5,0.5,0,5,16,0.0,0.0,0.0,11
scene_08_40_000159,test,scene_08,scene_08,000159,40,40,scene_08,14,9,0.25,0,9,14,0.0,0.0,0.0,5
scene_08_40_000159,test,scene_08,scene_08,000159,40,40,scene_08,14,9,0.5,0,9,14,0.0,0.0,0.0,5
scene_08_40_000160,test,scene_08,scene_08,000160,40,40,scene_08,16,10,0.25,0,10,16,0.0,0.0,0.0,6
scene_08_40_000160,test,scene_08,scene_08,000160,40,40,scene_08,16,10,0.5,0,10,16,0.0,0.0,0.0,6
scene_08_40_000161,test,scene_08,scene_08,000161,40,40,scene_08,21,12,0.25,0,12,21,0.0,0.0,0.0,9
scene_08_40_000161,test,scene_08,scene_08,000161,40,40,scene_08,21,12,0.5,0,12,21,0.0,0.0,0.0,9
scene_08_40_000162,test,scene_08,scene_08,000162,40,40,scene_08,17,13,0.25,0,13,17,0.0,0.0,0.0,4
scene_08_40_000162,test,scene_08,scene_08,000162,40,40,scene_08,17,13,0.5,0,13,17,0.0,0.0,0.0,4
scene_08_40_000163,test,scene_08,scene_08,000163,40,40,scene_08,23,16,0.25,0,16,23,0.0,0.0,0.0,7
scene_08_40_000163,test,scene_08,scene_08,000163,40,40,scene_08,23,16,0.5,0,16,23,0.0,0.0,0.0,7
scene_08_40_000164,test,scene_08,scene_08,000164,40,40,scene_08,17,11,0.25,0,11,17,0.0,0.0,0.0,6
scene_08_40_000164,test,scene_08,scene_08,000164,40,40,scene_08,17,11,0.5,0,11,17,0.0,0.0,0.0,6
scene_08_40_000165,test,scene_08,scene_08,000165,40,40,scene_08,13,9,0.25,0,9,13,0.0,0.0,0.0,4
scene_08_40_000165,test,scene_08,scene_08,000165,40,40,scene_08,13,9,0.5,0,9,13,0.0,0.0,0.0,4
scene_08_40_000166,test,scene_08,scene_08,000166,40,40,scene_08,20,8,0.25,0,8,20,0.0,0.0,0.0,12
scene_08_40_000166,test,scene_08,scene_08,000166,40,40,scene_08,20,8,0.5,0,8,20,0.0,0.0,0.0,12
scene_08_40_000167,test,scene_08,scene_08,000167,40,40,scene_08,25,15,0.25,0,15,25,0.0,0.0,0.0,10
scene_08_40_000167,test,scene_08,scene_08,000167,40,40,scene_08,25,15,0.5,0,15,25,0.0,0.0,0.0,10
scene_08_40_000168,test,scene_08,scene_08,000168,40,40,scene_08,27,29,0.25,0,29,27,0.0,0.0,0.0,2
scene_08_40_000168,test,scene_08,scene_08,000168,40,40,scene_08,27,29,0.5,0,29,27,0.0,0.0,0.0,2
scene_08_40_000169,test,scene_08,scene_08,000169,40,40,scene_08,26,23,0.25,0,23,26,0.0,0.0,0.0,3
scene_08_40_000169,test,scene_08,scene_08,000169,40,40,scene_08,26,23,0.5,0,23,26,0.0,0.0,0.0,3
scene_08_40_000170,test,scene_08,scene_08,000170,40,40,scene_08,23,27,0.25,0,27,23,0.0,0.0,0.0,4
scene_08_40_000170,test,scene_08,scene_08,000170,40,40,scene_08,23,27,0.5,0,27,23,0.0,0.0,0.0,4
scene_08_40_000171,test,scene_08,scene_08,000171,40,40,scene_08,17,28,0.25,0,28,17,0.0,0.0,0.0,11
scene_08_40_000171,test,scene_08,scene_08,000171,40,40,scene_08,17,28,0.5,0,28,17,0.0,0.0,0.0,11
scene_08_40_000172,test,scene_08,scene_08,000172,40,40,scene_08,16,18,0.25,0,18,16,0.0,0.0,0.0,2
scene_08_40_000172,test,scene_08,scene_08,000172,40,40,scene_08,16,18,0.5,0,18,16,0.0,0.0,0.0,2
scene_08_40_000173,test,scene_08,scene_08,000173,40,40,scene_08,21,26,0.25,0,26,21,0.0,0.0,0.0,5
scene_08_40_000173,test,scene_08,scene_08,000173,40,40,scene_08,21,26,0.5,0,26,21,0.0,0.0,0.0,5
scene_08_40_000174,test,scene_08,scene_08,000174,40,40,scene_08,15,15,0.25,0,15,15,0.0,0.0,0.0,0
scene_08_40_000174,test,scene_08,scene_08,000174,40,40,scene_08,15,15,0.5,0,15,15,0.0,0.0,0.0,0
scene_08_40_000175,test,scene_08,scene_08,000175,40,40,scene_08,14,12,0.25,0,12,14,0.0,0.0,0.0,2
scene_08_40_000175,test,scene_08,scene_08,000175,40,40,scene_08,14,12,0.5,0,12,14,0.0,0.0,0.0,2
scene_08_40_000176,test,scene_08,scene_08,000176,40,40,scene_08,14,25,0.25,0,25,14,0.0,0.0,0.0,11
scene_08_40_000176,test,scene_08,scene_08,000176,40,40,scene_08,14,25,0.5,0,25,14,0.0,0.0,0.0,11
scene_08_40_000177,test,scene_08,scene_08,000177,40,40,scene_08,16,11,0.25,0,11,16,0.0,0.0,0.0,5
scene_08_40_000177,test,scene_08,scene_08,000177,40,40,scene_08,16,11,0.5,0,11,16,0.0,0.0,0.0,5
scene_08_40_000178,test,scene_08,scene_08,000178,40,40,scene_08,15,26,0.25,0,26,15,0.0,0.0,0.0,11
scene_08_40_000178,test,scene_08,scene_08,000178,40,40,scene_08,15,26,0.5,0,26,15,0.0,0.0,0.0,11
scene_08_40_000179,test,scene_08,scene_08,000179,40,40,scene_08,18,19,0.25,0,19,18,0.0,0.0,0.0,1
scene_08_40_000179,test,scene_08,scene_08,000179,40,40,scene_08,18,19,0.5,0,19,18,0.0,0.0,0.0,1
scene_08_40_000180,test,scene_08,scene_08,000180,40,40,scene_08,22,21,0.25,0,21,22,0.0,0.0,0.0,1
scene_08_40_000180,test,scene_08,scene_08,000180,40,40,scene_08,22,21,0.5,0,21,22,0.0,0.0,0.0,1
scene_08_40_000181,test,scene_08,scene_08,000181,40,40,scene_08,26,15,0.25,0,15,26,0.0,0.0,0.0,11
scene_08_40_000181,test,scene_08,scene_08,000181,40,40,scene_08,26,15,0.5,0,15,26,0.0,0.0,0.0,11
scene_08_40_000182,test,scene_08,scene_08,000182,40,40,scene_08,20,12,0.25,0,12,20,0.0,0.0,0.0,8
scene_08_40_000182,test,scene_08,scene_08,000182,40,40,scene_08,20,12,0.5,0,12,20,0.0,0.0,0.0,8
scene_08_40_000183,test,scene_08,scene_08,000183,40,40,scene_08,25,14,0.25,0,14,25,0.0,0.0,0.0,11
scene_08_40_000183,test,scene_08,scene_08,000183,40,40,scene_08,25,14,0.5,0,14,25,0.0,0.0,0.0,11
scene_08_40_000184,test,scene_08,scene_08,000184,40,40,scene_08,21,22,0.25,0,22,21,0.0,0.0,0.0,1
scene_08_40_000184,test,scene_08,scene_08,000184,40,40,scene_08,21,22,0.5,0,22,21,0.0,0.0,0.0,1
scene_08_40_000185,test,scene_08,scene_08,000185,40,40,scene_08,24,16,0.25,0,16,24,0.0,0.0,0.0,8
scene_08_40_000185,test,scene_08,scene_08,000185,40,40,scene_08,24,16,0.5,0,16,24,0.0,0.0,0.0,8
scene_08_40_000186,test,scene_08,scene_08,000186,40,40,scene_08,24,16,0.25,0,16,24,0.0,0.0,0.0,8
scene_08_40_000186,test,scene_08,scene_08,000186,40,40,scene_08,24,16,0.5,0,16,24,0.0,0.0,0.0,8
scene_08_40_000187,test,scene_08,scene_08,000187,40,40,scene_08,29,17,0.25,0,17,29,0.0,0.0,0.0,12
scene_08_40_000187,test,scene_08,scene_08,000187,40,40,scene_08,29,17,0.5,0,17,29,0.0,0.0,0.0,12
scene_08_40_000188,test,scene_08,scene_08,000188,40,40,scene_08,28,13,0.25,0,13,28,0.0,0.0,0.0,15
scene_08_40_000188,test,scene_08,scene_08,000188,40,40,scene_08,28,13,0.5,0,13,28,0.0,0.0,0.0,15
scene_08_40_000189,test,scene_08,scene_08,000189,40,40,scene_08,24,13,0.25,0,13,24,0.0,0.0,0.0,11
scene_08_40_000189,test,scene_08,scene_08,000189,40,40,scene_08,24,13,0.5,0,13,24,0.0,0.0,0.0,11
scene_08_40_000190,test,scene_08,scene_08,000190,40,40,scene_08,21,13,0.25,0,13,21,0.0,0.0,0.0,8
scene_08_40_000190,test,scene_08,scene_08,000190,40,40,scene_08,21,13,0.5,0,13,21,0.0,0.0,0.0,8
scene_08_40_000191,test,scene_08,scene_08,000191,40,40,scene_08,19,13,0.25,0,13,19,0.0,0.0,0.0,6
scene_08_40_000191,test,scene_08,scene_08,000191,40,40,scene_08,19,13,0.5,0,13,19,0.0,0.0,0.0,6
scene_08_40_000192,test,scene_08,scene_08,000192,40,40,scene_08,17,11,0.25,0,11,17,0.0,0.0,0.0,6
scene_08_40_000192,test,scene_08,scene_08,000192,40,40,scene_08,17,11,0.5,0,11,17,0.0,0.0,0.0,6
scene_08_40_000193,test,scene_08,scene_08,000193,40,40,scene_08,18,12,0.25,0,12,18,0.0,0.0,0.0,6
scene_08_40_000193,test,scene_08,scene_08,000193,40,40,scene_08,18,12,0.5,0,12,18,0.0,0.0,0.0,6
scene_08_40_000194,test,scene_08,scene_08,000194,40,40,scene_08,15,10,0.25,0,10,15,0.0,0.0,0.0,5
scene_08_40_000194,test,scene_08,scene_08,000194,40,40,scene_08,15,10,0.5,0,10,15,0.0,0.0,0.0,5
scene_08_40_000195,test,scene_08,scene_08,000195,40,40,scene_08,22,20,0.25,0,20,22,0.0,0.0,0.0,2
scene_08_40_000195,test,scene_08,scene_08,000195,40,40,scene_08,22,20,0.5,0,20,22,0.0,0.0,0.0,2
scene_08_40_000196,test,scene_08,scene_08,000196,40,40,scene_08,25,11,0.25,0,11,25,0.0,0.0,0.0,14
scene_08_40_000196,test,scene_08,scene_08,000196,40,40,scene_08,25,11,0.5,0,11,25,0.0,0.0,0.0,14
scene_08_40_000197,test,scene_08,scene_08,000197,40,40,scene_08,25,17,0.25,0,17,25,0.0,0.0,0.0,8
scene_08_40_000197,test,scene_08,scene_08,000197,40,40,scene_08,25,17,0.5,0,17,25,0.0,0.0,0.0,8
scene_08_40_000198,test,scene_08,scene_08,000198,40,40,scene_08,30,17,0.25,0,17,30,0.0,0.0,0.0,13
scene_08_40_000198,test,scene_08,scene_08,000198,40,40,scene_08,30,17,0.5,0,17,30,0.0,0.0,0.0,13
scene_08_40_000199,test,scene_08,scene_08,000199,40,40,scene_08,32,17,0.25,0,17,32,0.0,0.0,0.0,15
scene_08_40_000199,test,scene_08,scene_08,000199,40,40,scene_08,32,17,0.5,0,17,32,0.0,0.0,0.0,15
scene_08_40_000200,test,scene_08,scene_08,000200,40,40,scene_08,31,25,0.25,0,25,31,0.0,0.0,0.0,6
scene_08_40_000200,test,scene_08,scene_08,000200,40,40,scene_08,31,25,0.5,0,25,31,0.0,0.0,0.0,6
scene_08_40_000201,test,scene_08,scene_08,000201,40,40,scene_08,25,18,0.25,0,18,25,0.0,0.0,0.0,7
scene_08_40_000201,test,scene_08,scene_08,000201,40,40,scene_08,25,18,0.5,0,18,25,0.0,0.0,0.0,7
scene_08_40_000202,test,scene_08,scene_08,000202,40,40,scene_08,24,23,0.25,0,23,24,0.0,0.0,0.0,1
scene_08_40_000202,test,scene_08,scene_08,000202,40,40,scene_08,24,23,0.5,0,23,24,0.0,0.0,0.0,1
scene_08_40_000203,test,scene_08,scene_08,000203,40,40,scene_08,20,17,0.25,0,17,20,0.0,0.0,0.0,3
scene_08_40_000203,test,scene_08,scene_08,000203,40,40,scene_08,20,17,0.5,0,17,20,0.0,0.0,0.0,3
scene_08_40_000204,test,scene_08,scene_08,000204,40,40,scene_08,20,15,0.25,0,15,20,0.0,0.0,0.0,5
scene_08_40_000204,test,scene_08,scene_08,000204,40,40,scene_08,20,15,0.5,0,15,20,0.0,0.0,0.0,5
scene_08_40_000205,test,scene_08,scene_08,000205,40,40,scene_08,28,24,0.25,0,24,28,0.0,0.0,0.0,4
scene_08_40_000205,test,scene_08,scene_08,000205,40,40,scene_08,28,24,0.5,0,24,28,0.0,0.0,0.0,4
scene_08_40_000206,test,scene_08,scene_08,000206,40,40,scene_08,25,18,0.25,0,18,25,0.0,0.0,0.0,7
scene_08_40_000206,test,scene_08,scene_08,000206,40,40,scene_08,25,18,0.5,0,18,25,0.0,0.0,0.0,7
scene_08_40_000207,test,scene_08,scene_08,000207,40,40,scene_08,21,16,0.25,0,16,21,0.0,0.0,0.0,5
scene_08_40_000207,test,scene_08,scene_08,000207,40,40,scene_08,21,16,0.5,0,16,21,0.0,0.0,0.0,5
scene_08_40_000208,test,scene_08,scene_08,000208,40,40,scene_08,16,18,0.25,0,18,16,0.0,0.0,0.0,2
scene_08_40_000208,test,scene_08,scene_08,000208,40,40,scene_08,16,18,0.5,0,18,16,0.0,0.0,0.0,2
scene_08_40_000209,test,scene_08,scene_08,000209,40,40,scene_08,17,22,0.25,0,22,17,0.0,0.0,0.0,5
scene_08_40_000209,test,scene_08,scene_08,000209,40,40,scene_08,17,22,0.5,0,22,17,0.0,0.0,0.0,5
scene_08_40_000210,test,scene_08,scene_08,000210,40,40,scene_08,13,16,0.25,0,16,13,0.0,0.0,0.0,3
scene_08_40_000210,test,scene_08,scene_08,000210,40,40,scene_08,13,16,0.5,0,16,13,0.0,0.0,0.0,3
scene_08_40_000211,test,scene_08,scene_08,000211,40,40,scene_08,11,14,0.25,0,14,11,0.0,0.0,0.0,3
scene_08_40_000211,test,scene_08,scene_08,000211,40,40,scene_08,11,14,0.5,0,14,11,0.0,0.0,0.0,3
scene_08_40_000212,test,scene_08,scene_08,000212,40,40,scene_08,13,24,0.25,0,24,13,0.0,0.0,0.0,11
scene_08_40_000212,test,scene_08,scene_08,000212,40,40,scene_08,13,24,0.5,0,24,13,0.0,0.0,0.0,11
scene_08_40_000213,test,scene_08,scene_08,000213,40,40,scene_08,12,14,0.25,0,14,12,0.0,0.0,0.0,2
scene_08_40_000213,test,scene_08,scene_08,000213,40,40,scene_08,12,14,0.5,0,14,12,0.0,0.0,0.0,2
scene_08_40_000214,test,scene_08,scene_08,000214,40,40,scene_08,15,19,0.25,0,19,15,0.0,0.0,0.0,4
scene_08_40_000214,test,scene_08,scene_08,000214,40,40,scene_08,15,19,0.5,0,19,15,0.0,0.0,0.0,4
scene_08_40_000215,test,scene_08,scene_08,000215,40,40,scene_08,16,17,0.25,0,17,16,0.0,0.0,0.0,1
scene_08_40_000215,test,scene_08,scene_08,000215,40,40,scene_08,16,17,0.5,0,17,16,0.0,0.0,0.0,1
scene_08_40_000216,test,scene_08,scene_08,000216,40,40,scene_08,16,26,0.25,0,26,16,0.0,0.0,0.0,10
scene_08_40_000216,test,scene_08,scene_08,000216,40,40,scene_08,16,26,0.5,0,26,16,0.0,0.0,0.0,10
scene_08_40_000217,test,scene_08,scene_08,000217,40,40,scene_08,23,24,0.25,0,24,23,0.0,0.0,0.0,1
scene_08_40_000217,test,scene_08,scene_08,000217,40,40,scene_08,23,24,0.5,0,24,23,0.0,0.0,0.0,1
scene_08_40_000218,test,scene_08,scene_08,000218,40,40,scene_08,25,19,0.25,0,19,25,0.0,0.0,0.0,6
scene_08_40_000218,test,scene_08,scene_08,000218,40,40,scene_08,25,19,0.5,0,19,25,0.0,0.0,0.0,6
scene_08_40_000219,test,scene_08,scene_08,000219,40,40,scene_08,21,18,0.25,0,18,21,0.0,0.0,0.0,3
scene_08_40_000219,test,scene_08,scene_08,000219,40,40,scene_08,21,18,0.5,0,18,21,0.0,0.0,0.0,3
scene_08_40_000220,test,scene_08,scene_08,000220,40,40,scene_08,22,20,0.25,0,20,22,0.0,0.0,0.0,2
scene_08_40_000220,test,scene_08,scene_08,000220,40,40,scene_08,22,20,0.5,0,20,22,0.0,0.0,0.0,2
scene_08_40_000221,test,scene_08,scene_08,000221,40,40,scene_08,20,25,0.25,0,25,20,0.0,0.0,0.0,5
scene_08_40_000221,test,scene_08,scene_08,000221,40,40,scene_08,20,25,0.5,0,25,20,0.0,0.0,0.0,5
scene_08_40_000222,test,scene_08,scene_08,000222,40,40,scene_08,26,21,0.25,1,20,25,0.047619047619047616,0.038461538461538464,0.0425531914893617,5
scene_08_40_000222,test,scene_08,scene_08,000222,40,40,scene_08,26,21,0.5,0,21,26,0.0,0.0,0.0,5
scene_08_40_000223,test,scene_08,scene_08,000223,40,40,scene_08,25,16,0.25,0,16,25,0.0,0.0,0.0,9
scene_08_40_000223,test,scene_08,scene_08,000223,40,40,scene_08,25,16,0.5,0,16,25,0.0,0.0,0.0,9
scene_08_40_000224,test,scene_08,scene_08,000224,40,40,scene_08,28,19,0.25,1,18,27,0.05263157894736842,0.03571428571428571,0.0425531914893617,9
scene_08_40_000224,test,scene_08,scene_08,000224,40,40,scene_08,28,19,0.5,0,19,28,0.0,0.0,0.0,9
scene_08_40_000225,test,scene_08,scene_08,000225,40,40,scene_08,30,14,0.25,0,14,30,0.0,0.0,0.0,16
scene_08_40_000225,test,scene_08,scene_08,000225,40,40,scene_08,30,14,0.5,0,14,30,0.0,0.0,0.0,16
scene_08_40_000226,test,scene_08,scene_08,000226,40,40,scene_08,23,16,0.25,0,16,23,0.0,0.0,0.0,7
scene_08_40_000226,test,scene_08,scene_08,000226,40,40,scene_08,23,16,0.5,0,16,23,0.0,0.0,0.0,7
scene_08_40_000227,test,scene_08,scene_08,000227,40,40,scene_08,23,12,0.25,0,12,23,0.0,0.0,0.0,11
scene_08_40_000227,test,scene_08,scene_08,000227,40,40,scene_08,23,12,0.5,0,12,23,0.0,0.0,0.0,11
scene_08_40_000228,test,scene_08,scene_08,000228,40,40,scene_08,21,4,0.25,0,4,21,0.0,0.0,0.0,17
scene_08_40_000228,test,scene_08,scene_08,000228,40,40,scene_08,21,4,0.5,0,4,21,0.0,0.0,0.0,17
scene_08_40_000229,test,scene_08,scene_08,000229,40,40,scene_08,16,10,0.25,0,10,16,0.0,0.0,0.0,6
scene_08_40_000229,test,scene_08,scene_08,000229,40,40,scene_08,16,10,0.5,0,10,16,0.0,0.0,0.0,6
scene_08_40_000230,test,scene_08,scene_08,000230,40,40,scene_08,12,15,0.25,0,15,12,0.0,0.0,0.0,3
scene_08_40_000230,test,scene_08,scene_08,000230,40,40,scene_08,12,15,0.5,0,15,12,0.0,0.0,0.0,3
scene_08_40_000231,test,scene_08,scene_08,000231,40,40,scene_08,8,7,0.25,0,7,8,0.0,0.0,0.0,1
scene_08_40_000231,test,scene_08,scene_08,000231,40,40,scene_08,8,7,0.5,0,7,8,0.0,0.0,0.0,1
scene_08_40_000232,test,scene_08,scene_08,000232,40,40,scene_08,9,9,0.25,0,9,9,0.0,0.0,0.0,0
scene_08_40_000232,test,scene_08,scene_08,000232,40,40,scene_08,9,9,0.5,0,9,9,0.0,0.0,0.0,0
scene_08_40_000233,test,scene_08,scene_08,000233,40,40,scene_08,16,7,0.25,0,7,16,0.0,0.0,0.0,9
scene_08_40_000233,test,scene_08,scene_08,000233,40,40,scene_08,16,7,0.5,0,7,16,0.0,0.0,0.0,9
scene_08_40_000234,test,scene_08,scene_08,000234,40,40,scene_08,19,5,0.25,0,5,19,0.0,0.0,0.0,14
scene_08_40_000234,test,scene_08,scene_08,000234,40,40,scene_08,19,5,0.5,0,5,19,0.0,0.0,0.0,14
scene_08_40_000235,test,scene_08,scene_08,000235,40,40,scene_08,19,8,0.25,0,8,19,0.0,0.0,0.0,11
scene_08_40_000235,test,scene_08,scene_08,000235,40,40,scene_08,19,8,0.5,0,8,19,0.0,0.0,0.0,11
scene_08_40_000236,test,scene_08,scene_08,000236,40,40,scene_08,21,12,0.25,0,12,21,0.0,0.0,0.0,9
scene_08_40_000236,test,scene_08,scene_08,000236,40,40,scene_08,21,12,0.5,0,12,21,0.0,0.0,0.0,9
scene_08_40_000237,test,scene_08,scene_08,000237,40,40,scene_08,25,18,0.25,0,18,25,0.0,0.0,0.0,7
scene_08_40_000237,test,scene_08,scene_08,000237,40,40,scene_08,25,18,0.5,0,18,25,0.0,0.0,0.0,7
scene_08_40_000238,test,scene_08,scene_08,000238,40,40,scene_08,26,19,0.25,0,19,26,0.0,0.0,0.0,7
scene_08_40_000238,test,scene_08,scene_08,000238,40,40,scene_08,26,19,0.5,0,19,26,0.0,0.0,0.0,7
scene_08_40_000239,test,scene_08,scene_08,000239,40,40,scene_08,24,19,0.25,0,19,24,0.0,0.0,0.0,5
scene_08_40_000239,test,scene_08,scene_08,000239,40,40,scene_08,24,19,0.5,0,19,24,0.0,0.0,0.0,5
scene_08_40_000240,test,scene_08,scene_08,000240,40,40,scene_08,22,15,0.25,0,15,22,0.0,0.0,0.0,7
scene_08_40_000240,test,scene_08,scene_08,000240,40,40,scene_08,22,15,0.5,0,15,22,0.0,0.0,0.0,7
scene_08_40_000241,test,scene_08,scene_08,000241,40,40,scene_08,19,16,0.25,0,16,19,0.0,0.0,0.0,3
scene_08_40_000241,test,scene_08,scene_08,000241,40,40,scene_08,19,16,0.5,0,16,19,0.0,0.0,0.0,3
scene_08_40_000242,test,scene_08,scene_08,000242,40,40,scene_08,16,20,0.25,0,20,16,0.0,0.0,0.0,4
scene_08_40_000242,test,scene_08,scene_08,000242,40,40,scene_08,16,20,0.5,0,20,16,0.0,0.0,0.0,4
scene_08_40_000243,test,scene_08,scene_08,000243,40,40,scene_08,20,17,0.25,0,17,20,0.0,0.0,0.0,3
scene_08_40_000243,test,scene_08,scene_08,000243,40,40,scene_08,20,17,0.5,0,17,20,0.0,0.0,0.0,3
scene_08_40_000244,test,scene_08,scene_08,000244,40,40,scene_08,23,12,0.25,0,12,23,0.0,0.0,0.0,11
scene_08_40_000244,test,scene_08,scene_08,000244,40,40,scene_08,23,12,0.5,0,12,23,0.0,0.0,0.0,11
scene_08_40_000245,test,scene_08,scene_08,000245,40,40,scene_08,20,17,0.25,1,16,19,0.058823529411764705,0.05,0.05405405405405406,3
scene_08_40_000245,test,scene_08,scene_08,000245,40,40,scene_08,20,17,0.5,0,17,20,0.0,0.0,0.0,3
scene_08_40_000246,test,scene_08,scene_08,000246,40,40,scene_08,18,14,0.25,0,14,18,0.0,0.0,0.0,4
scene_08_40_000246,test,scene_08,scene_08,000246,40,40,scene_08,18,14,0.5,0,14,18,0.0,0.0,0.0,4
scene_08_40_000247,test,scene_08,scene_08,000247,40,40,scene_08,16,11,0.25,1,10,15,0.09090909090909091,0.0625,0.07407407407407407,5
scene_08_40_000247,test,scene_08,scene_08,000247,40,40,scene_08,16,11,0.5,0,11,16,0.0,0.0,0.0,5
scene_08_40_000248,test,scene_08,scene_08,000248,40,40,scene_08,16,15,0.25,1,14,15,0.06666666666666667,0.0625,0.06451612903225806,1
scene_08_40_000248,test,scene_08,scene_08,000248,40,40,scene_08,16,15,0.5,0,15,16,0.0,0.0,0.0,1
scene_08_40_000249,test,scene_08,scene_08,000249,40,40,scene_08,14,11,0.25,0,11,14,0.0,0.0,0.0,3
scene_08_40_000249,test,scene_08,scene_08,000249,40,40,scene_08,14,11,0.5,0,11,14,0.0,0.0,0.0,3
scene_08_40_000250,test,scene_08,scene_08,000250,40,40,scene_08,11,11,0.25,0,11,11,0.0,0.0,0.0,0
scene_08_40_000250,test,scene_08,scene_08,000250,40,40,scene_08,11,11,0.5,0,11,11,0.0,0.0,0.0,0
scene_08_40_000251,test,scene_08,scene_08,000251,40,40,scene_08,11,16,0.25,0,16,11,0.0,0.0,0.0,5
scene_08_40_000251,test,scene_08,scene_08,000251,40,40,scene_08,11,16,0.5,0,16,11,0.0,0.0,0.0,5
scene_08_40_000252,test,scene_08,scene_08,000252,40,40,scene_08,13,13,0.25,0,13,13,0.0,0.0,0.0,0
scene_08_40_000252,test,scene_08,scene_08,000252,40,40,scene_08,13,13,0.5,0,13,13,0.0,0.0,0.0,0
scene_08_40_000253,test,scene_08,scene_08,000253,40,40,scene_08,12,10,0.25,0,10,12,0.0,0.0,0.0,2
scene_08_40_000253,test,scene_08,scene_08,000253,40,40,scene_08,12,10,0.5,0,10,12,0.0,0.0,0.0,2
scene_08_40_000254,test,scene_08,scene_08,000254,40,40,scene_08,15,13,0.25,0,13,15,0.0,0.0,0.0,2
scene_08_40_000254,test,scene_08,scene_08,000254,40,40,scene_08,15,13,0.5,0,13,15,0.0,0.0,0.0,2
scene_08_40_000255,test,scene_08,scene_08,000255,40,40,scene_08,18,12,0.25,0,12,18,0.0,0.0,0.0,6
scene_08_40_000255,test,scene_08,scene_08,000255,40,40,scene_08,18,12,0.5,0,12,18,0.0,0.0,0.0,6
scene_08_40_000256,test,scene_08,scene_08,000256,40,40,scene_08,18,12,0.25,0,12,18,0.0,0.0,0.0,6
scene_08_40_000256,test,scene_08,scene_08,000256,40,40,scene_08,18,12,0.5,0,12,18,0.0,0.0,0.0,6
scene_08_40_000257,test,scene_08,scene_08,000257,40,40,scene_08,15,10,0.25,0,10,15,0.0,0.0,0.0,5
scene_08_40_000257,test,scene_08,scene_08,000257,40,40,scene_08,15,10,0.5,0,10,15,0.0,0.0,0.0,5
scene_08_40_000258,test,scene_08,scene_08,000258,40,40,scene_08,14,17,0.25,0,17,14,0.0,0.0,0.0,3
scene_08_40_000258,test,scene_08,scene_08,000258,40,40,scene_08,14,17,0.5,0,17,14,0.0,0.0,0.0,3
scene_08_40_000259,test,scene_08,scene_08,000259,40,40,scene_08,14,15,0.25,0,15,14,0.0,0.0,0.0,1
scene_08_40_000259,test,scene_08,scene_08,000259,40,40,scene_08,14,15,0.5,0,15,14,0.0,0.0,0.0,1
scene_08_40_000260,test,scene_08,scene_08,000260,40,40,scene_08,15,16,0.25,0,16,15,0.0,0.0,0.0,1
scene_08_40_000260,test,scene_08,scene_08,000260,40,40,scene_08,15,16,0.5,0,16,15,0.0,0.0,0.0,1
scene_08_40_000261,test,scene_08,scene_08,000261,40,40,scene_08,17,17,0.25,1,16,16,0.058823529411764705,0.058823529411764705,0.058823529411764705,0
scene_08_40_000261,test,scene_08,scene_08,000261,40,40,scene_08,17,17,0.5,0,17,17,0.0,0.0,0.0,0
scene_08_40_000262,test,scene_08,scene_08,000262,40,40,scene_08,21,12,0.25,0,12,21,0.0,0.0,0.0,9
scene_08_40_000262,test,scene_08,scene_08,000262,40,40,scene_08,21,12,0.5,0,12,21,0.0,0.0,0.0,9
scene_08_40_000263,test,scene_08,scene_08,000263,40,40,scene_08,21,13,0.25,0,13,21,0.0,0.0,0.0,8
scene_08_40_000263,test,scene_08,scene_08,000263,40,40,scene_08,21,13,0.5,0,13,21,0.0,0.0,0.0,8
scene_08_40_000264,test,scene_08,scene_08,000264,40,40,scene_08,18,11,0.25,0,11,18,0.0,0.0,0.0,7
scene_08_40_000264,test,scene_08,scene_08,000264,40,40,scene_08,18,11,0.5,0,11,18,0.0,0.0,0.0,7
scene_08_40_000265,test,scene_08,scene_08,000265,40,40,scene_08,14,14,0.25,0,14,14,0.0,0.0,0.0,0
scene_08_40_000265,test,scene_08,scene_08,000265,40,40,scene_08,14,14,0.5,0,14,14,0.0,0.0,0.0,0
scene_08_40_000266,test,scene_08,scene_08,000266,40,40,scene_08,15,10,0.25,0,10,15,0.0,0.0,0.0,5
scene_08_40_000266,test,scene_08,scene_08,000266,40,40,scene_08,15,10,0.5,0,10,15,0.0,0.0,0.0,5
scene_08_40_000267,test,scene_08,scene_08,000267,40,40,scene_08,10,5,0.25,0,5,10,0.0,0.0,0.0,5
scene_08_40_000267,test,scene_08,scene_08,000267,40,40,scene_08,10,5,0.5,0,5,10,0.0,0.0,0.0,5
scene_08_40_000269,test,scene_08,scene_08,000269,40,40,scene_08,13,8,0.25,0,8,13,0.0,0.0,0.0,5
scene_08_40_000269,test,scene_08,scene_08,000269,40,40,scene_08,13,8,0.5,0,8,13,0.0,0.0,0.0,5
scene_08_40_000270,test,scene_08,scene_08,000270,40,40,scene_08,11,6,0.25,0,6,11,0.0,0.0,0.0,5
scene_08_40_000270,test,scene_08,scene_08,000270,40,40,scene_08,11,6,0.5,0,6,11,0.0,0.0,0.0,5
scene_08_40_000271,test,scene_08,scene_08,000271,40,40,scene_08,14,3,0.25,0,3,14,0.0,0.0,0.0,11
scene_08_40_000271,test,scene_08,scene_08,000271,40,40,scene_08,14,3,0.5,0,3,14,0.0,0.0,0.0,11
scene_08_40_000272,test,scene_08,scene_08,000272,40,40,scene_08,16,4,0.25,0,4,16,0.0,0.0,0.0,12
scene_08_40_000272,test,scene_08,scene_08,000272,40,40,scene_08,16,4,0.5,0,4,16,0.0,0.0,0.0,12
scene_08_40_000273,test,scene_08,scene_08,000273,40,40,scene_08,17,5,0.25,0,5,17,0.0,0.0,0.0,12
scene_08_40_000273,test,scene_08,scene_08,000273,40,40,scene_08,17,5,0.5,0,5,17,0.0,0.0,0.0,12
scene_08_40_000274,test,scene_08,scene_08,000274,40,40,scene_08,19,9,0.25,0,9,19,0.0,0.0,0.0,10
scene_08_40_000274,test,scene_08,scene_08,000274,40,40,scene_08,19,9,0.5,0,9,19,0.0,0.0,0.0,10
scene_08_40_000275,test,scene_08,scene_08,000275,40,40,scene_08,22,15,0.25,0,15,22,0.0,0.0,0.0,7
scene_08_40_000275,test,scene_08,scene_08,000275,40,40,scene_08,22,15,0.5,0,15,22,0.0,0.0,0.0,7
scene_08_40_000276,test,scene_08,scene_08,000276,40,40,scene_08,19,17,0.25,0,17,19,0.0,0.0,0.0,2
scene_08_40_000276,test,scene_08,scene_08,000276,40,40,scene_08,19,17,0.5,0,17,19,0.0,0.0,0.0,2
scene_08_40_000277,test,scene_08,scene_08,000277,40,40,scene_08,17,15,0.25,0,15,17,0.0,0.0,0.0,2
scene_08_40_000277,test,scene_08,scene_08,000277,40,40,scene_08,17,15,0.5,0,15,17,0.0,0.0,0.0,2
scene_08_40_000278,test,scene_08,scene_08,000278,40,40,scene_08,18,18,0.25,0,18,18,0.0,0.0,0.0,0
scene_08_40_000278,test,scene_08,scene_08,000278,40,40,scene_08,18,18,0.5,0,18,18,0.0,0.0,0.0,0
scene_08_40_000279,test,scene_08,scene_08,000279,40,40,scene_08,15,16,0.25,1,15,14,0.0625,0.06666666666666667,0.06451612903225806,1
scene_08_40_000279,test,scene_08,scene_08,000279,40,40,scene_08,15,16,0.5,0,16,15,0.0,0.0,0.0,1
scene_08_40_000280,test,scene_08,scene_08,000280,40,40,scene_08,13,22,0.25,0,22,13,0.0,0.0,0.0,9
scene_08_40_000280,test,scene_08,scene_08,000280,40,40,scene_08,13,22,0.5,0,22,13,0.0,0.0,0.0,9
scene_08_40_000281,test,scene_08,scene_08,000281,40,40,scene_08,17,17,0.25,0,17,17,0.0,0.0,0.0,0
scene_08_40_000281,test,scene_08,scene_08,000281,40,40,scene_08,17,17,0.5,0,17,17,0.0,0.0,0.0,0
scene_08_40_000282,test,scene_08,scene_08,000282,40,40,scene_08,12,15,0.25,0,15,12,0.0,0.0,0.0,3
scene_08_40_000282,test,scene_08,scene_08,000282,40,40,scene_08,12,15,0.5,0,15,12,0.0,0.0,0.0,3
scene_08_40_000283,test,scene_08,scene_08,000283,40,40,scene_08,8,9,0.25,0,9,8,0.0,0.0,0.0,1
scene_08_40_000283,test,scene_08,scene_08,000283,40,40,scene_08,8,9,0.5,0,9,8,0.0,0.0,0.0,1
scene_08_40_000284,test,scene_08,scene_08,000284,40,40,scene_08,9,6,0.25,0,6,9,0.0,0.0,0.0,3
scene_08_40_000284,test,scene_08,scene_08,000284,40,40,scene_08,9,6,0.5,0,6,9,0.0,0.0,0.0,3
scene_08_40_000285,test,scene_08,scene_08,000285,40,40,scene_08,10,7,0.25,1,6,9,0.14285714285714285,0.1,0.11764705882352941,3
scene_08_40_000285,test,scene_08,scene_08,000285,40,40,scene_08,10,7,0.5,0,7,10,0.0,0.0,0.0,3
scene_08_40_000286,test,scene_08,scene_08,000286,40,40,scene_08,8,10,0.25,0,10,8,0.0,0.0,0.0,2
scene_08_40_000286,test,scene_08,scene_08,000286,40,40,scene_08,8,10,0.5,0,10,8,0.0,0.0,0.0,2
scene_08_40_000287,test,scene_08,scene_08,000287,40,40,scene_08,5,19,0.25,0,19,5,0.0,0.0,0.0,14
scene_08_40_000287,test,scene_08,scene_08,000287,40,40,scene_08,5,19,0.5,0,19,5,0.0,0.0,0.0,14
scene_08_40_000288,test,scene_08,scene_08,000288,40,40,scene_08,5,20,0.25,1,19,4,0.05,0.2,0.08,15
scene_08_40_000288,test,scene_08,scene_08,000288,40,40,scene_08,5,20,0.5,0,20,5,0.0,0.0,0.0,15
scene_08_40_000289,test,scene_08,scene_08,000289,40,40,scene_08,8,10,0.25,0,10,8,0.0,0.0,0.0,2
scene_08_40_000289,test,scene_08,scene_08,000289,40,40,scene_08,8,10,0.5,0,10,8,0.0,0.0,0.0,2
scene_08_40_000290,test,scene_08,scene_08,000290,40,40,scene_08,9,15,0.25,0,15,9,0.0,0.0,0.0,6
scene_08_40_000290,test,scene_08,scene_08,000290,40,40,scene_08,9,15,0.5,0,15,9,0.0,0.0,0.0,6
scene_08_40_000291,test,scene_08,scene_08,000291,40,40,scene_08,9,12,0.25,0,12,9,0.0,0.0,0.0,3
scene_08_40_000291,test,scene_08,scene_08,000291,40,40,scene_08,9,12,0.5,0,12,9,0.0,0.0,0.0,3
scene_08_40_000292,test,scene_08,scene_08,000292,40,40,scene_08,11,12,0.25,0,12,11,0.0,0.0,0.0,1
scene_08_40_000292,test,scene_08,scene_08,000292,40,40,scene_08,11,12,0.5,0,12,11,0.0,0.0,0.0,1
scene_08_40_000293,test,scene_08,scene_08,000293,40,40,scene_08,11,10,0.25,0,10,11,0.0,0.0,0.0,1
scene_08_40_000293,test,scene_08,scene_08,000293,40,40,scene_08,11,10,0.5,0,10,11,0.0,0.0,0.0,1
scene_08_40_000294,test,scene_08,scene_08,000294,40,40,scene_08,14,17,0.25,0,17,14,0.0,0.0,0.0,3
scene_08_40_000294,test,scene_08,scene_08,000294,40,40,scene_08,14,17,0.5,0,17,14,0.0,0.0,0.0,3
scene_08_40_000295,test,scene_08,scene_08,000295,40,40,scene_08,14,11,0.25,0,11,14,0.0,0.0,0.0,3
scene_08_40_000295,test,scene_08,scene_08,000295,40,40,scene_08,14,11,0.5,0,11,14,0.0,0.0,0.0,3
scene_08_40_000296,test,scene_08,scene_08,000296,40,40,scene_08,14,8,0.25,0,8,14,0.0,0.0,0.0,6
scene_08_40_000296,test,scene_08,scene_08,000296,40,40,scene_08,14,8,0.5,0,8,14,0.0,0.0,0.0,6
scene_08_40_000297,test,scene_08,scene_08,000297,40,40,scene_08,13,10,0.25,0,10,13,0.0,0.0,0.0,3
scene_08_40_000297,test,scene_08,scene_08,000297,40,40,scene_08,13,10,0.5,0,10,13,0.0,0.0,0.0,3
scene_08_40_000298,test,scene_08,scene_08,000298,40,40,scene_08,14,2,0.25,0,2,14,0.0,0.0,0.0,12
scene_08_40_000298,test,scene_08,scene_08,000298,40,40,scene_08,14,2,0.5,0,2,14,0.0,0.0,0.0,12
scene_08_40_000299,test,scene_08,scene_08,000299,40,40,scene_08,15,3,0.25,0,3,15,0.0,0.0,0.0,12
scene_08_40_000299,test,scene_08,scene_08,000299,40,40,scene_08,15,3,0.5,0,3,15,0.0,0.0,0.0,12
scene_08_40_000300,test,scene_08,scene_08,000300,40,40,scene_08,8,15,0.25,0,15,8,0.0,0.0,0.0,7
scene_08_40_000300,test,scene_08,scene_08,000300,40,40,scene_08,8,15,0.5,0,15,8,0.0,0.0,0.0,7
scene_08_40_000301,test,scene_08,scene_08,000301,40,40,scene_08,9,10,0.25,0,10,9,0.0,0.0,0.0,1
scene_08_40_000301,test,scene_08,scene_08,000301,40,40,scene_08,9,10,0.5,0,10,9,0.0,0.0,0.0,1
scene_08_40_000302,test,scene_08,scene_08,000302,40,40,scene_08,8,12,0.25,0,12,8,0.0,0.0,0.0,4
scene_08_40_000302,test,scene_08,scene_08,000302,40,40,scene_08,8,12,0.5,0,12,8,0.0,0.0,0.0,4
scene_08_40_000303,test,scene_08,scene_08,000303,40,40,scene_08,7,12,0.25,0,12,7,0.0,0.0,0.0,5
scene_08_40_000303,test,scene_08,scene_08,000303,40,40,scene_08,7,12,0.5,0,12,7,0.0,0.0,0.0,5
scene_08_40_000304,test,scene_08,scene_08,000304,40,40,scene_08,8,10,0.25,0,10,8,0.0,0.0,0.0,2
scene_08_40_000304,test,scene_08,scene_08,000304,40,40,scene_08,8,10,0.5,0,10,8,0.0,0.0,0.0,2
scene_08_40_000305,test,scene_08,scene_08,000305,40,40,scene_08,9,14,0.25,0,14,9,0.0,0.0,0.0,5
scene_08_40_000305,test,scene_08,scene_08,000305,40,40,scene_08,9,14,0.5,0,14,9,0.0,0.0,0.0,5
scene_08_40_000306,test,scene_08,scene_08,000306,40,40,scene_08,6,17,0.25,0,17,6,0.0,0.0,0.0,11
scene_08_40_000306,test,scene_08,scene_08,000306,40,40,scene_08,6,17,0.5,0,17,6,0.0,0.0,0.0,11
scene_08_40_000307,test,scene_08,scene_08,000307,40,40,scene_08,5,7,0.25,0,7,5,0.0,0.0,0.0,2
scene_08_40_000307,test,scene_08,scene_08,000307,40,40,scene_08,5,7,0.5,0,7,5,0.0,0.0,0.0,2
scene_08_40_000308,test,scene_08,scene_08,000308,40,40,scene_08,5,11,0.25,0,11,5,0.0,0.0,0.0,6
scene_08_40_000308,test,scene_08,scene_08,000308,40,40,scene_08,5,11,0.5,0,11,5,0.0,0.0,0.0,6
scene_08_40_000309,test,scene_08,scene_08,000309,40,40,scene_08,6,11,0.25,0,11,6,0.0,0.0,0.0,5
scene_08_40_000309,test,scene_08,scene_08,000309,40,40,scene_08,6,11,0.5,0,11,6,0.0,0.0,0.0,5
scene_08_40_000310,test,scene_08,scene_08,000310,40,40,scene_08,5,8,0.25,0,8,5,0.0,0.0,0.0,3
scene_08_40_000310,test,scene_08,scene_08,000310,40,40,scene_08,5,8,0.5,0,8,5,0.0,0.0,0.0,3
scene_08_40_000311,test,scene_08,scene_08,000311,40,40,scene_08,3,18,0.25,0,18,3,0.0,0.0,0.0,15
scene_08_40_000311,test,scene_08,scene_08,000311,40,40,scene_08,3,18,0.5,0,18,3,0.0,0.0,0.0,15
scene_08_40_000312,test,scene_08,scene_08,000312,40,40,scene_08,6,14,0.25,0,14,6,0.0,0.0,0.0,8
scene_08_40_000312,test,scene_08,scene_08,000312,40,40,scene_08,6,14,0.5,0,14,6,0.0,0.0,0.0,8
scene_08_40_000313,test,scene_08,scene_08,000313,40,40,scene_08,6,14,0.25,0,14,6,0.0,0.0,0.0,8
scene_08_40_000313,test,scene_08,scene_08,000313,40,40,scene_08,6,14,0.5,0,14,6,0.0,0.0,0.0,8
scene_08_40_000314,test,scene_08,scene_08,000314,40,40,scene_08,4,18,0.25,0,18,4,0.0,0.0,0.0,14
scene_08_40_000314,test,scene_08,scene_08,000314,40,40,scene_08,4,18,0.5,0,18,4,0.0,0.0,0.0,14
scene_08_40_000315,test,scene_08,scene_08,000315,40,40,scene_08,4,10,0.25,0,10,4,0.0,0.0,0.0,6
scene_08_40_000315,test,scene_08,scene_08,000315,40,40,scene_08,4,10,0.5,0,10,4,0.0,0.0,0.0,6
scene_08_50_000000,test,scene_08,scene_08,000000,50,50,scene_08,2,14,0.25,0,14,2,0.0,0.0,0.0,12
scene_08_50_000000,test,scene_08,scene_08,000000,50,50,scene_08,2,14,0.5,0,14,2,0.0,0.0,0.0,12
scene_08_50_000002,test,scene_08,scene_08,000002,50,50,scene_08,3,7,0.25,1,6,2,0.14285714285714285,0.3333333333333333,0.2,4
scene_08_50_000002,test,scene_08,scene_08,000002,50,50,scene_08,3,7,0.5,0,7,3,0.0,0.0,0.0,4
scene_08_50_000003,test,scene_08,scene_08,000003,50,50,scene_08,4,5,0.25,0,5,4,0.0,0.0,0.0,1
scene_08_50_000003,test,scene_08,scene_08,000003,50,50,scene_08,4,5,0.5,0,5,4,0.0,0.0,0.0,1
scene_08_50_000004,test,scene_08,scene_08,000004,50,50,scene_08,16,24,0.25,0,24,16,0.0,0.0,0.0,8
scene_08_50_000004,test,scene_08,scene_08,000004,50,50,scene_08,16,24,0.5,0,24,16,0.0,0.0,0.0,8
scene_08_50_000005,test,scene_08,scene_08,000005,50,50,scene_08,17,15,0.25,0,15,17,0.0,0.0,0.0,2
scene_08_50_000005,test,scene_08,scene_08,000005,50,50,scene_08,17,15,0.5,0,15,17,0.0,0.0,0.0,2
scene_08_50_000006,test,scene_08,scene_08,000006,50,50,scene_08,18,20,0.25,0,20,18,0.0,0.0,0.0,2
scene_08_50_000006,test,scene_08,scene_08,000006,50,50,scene_08,18,20,0.5,0,20,18,0.0,0.0,0.0,2
scene_08_50_000007,test,scene_08,scene_08,000007,50,50,scene_08,14,13,0.25,0,13,14,0.0,0.0,0.0,1
scene_08_50_000007,test,scene_08,scene_08,000007,50,50,scene_08,14,13,0.5,0,13,14,0.0,0.0,0.0,1
scene_08_50_000008,test,scene_08,scene_08,000008,50,50,scene_08,10,14,0.25,0,14,10,0.0,0.0,0.0,4
scene_08_50_000008,test,scene_08,scene_08,000008,50,50,scene_08,10,14,0.5,0,14,10,0.0,0.0,0.0,4
scene_08_50_000009,test,scene_08,scene_08,000009,50,50,scene_08,10,9,0.25,0,9,10,0.0,0.0,0.0,1
scene_08_50_000009,test,scene_08,scene_08,000009,50,50,scene_08,10,9,0.5,0,9,10,0.0,0.0,0.0,1
scene_08_50_000010,test,scene_08,scene_08,000010,50,50,scene_08,7,13,0.25,0,13,7,0.0,0.0,0.0,6
scene_08_50_000010,test,scene_08,scene_08,000010,50,50,scene_08,7,13,0.5,0,13,7,0.0,0.0,0.0,6
scene_08_50_000011,test,scene_08,scene_08,000011,50,50,scene_08,7,14,0.25,0,14,7,0.0,0.0,0.0,7
scene_08_50_000011,test,scene_08,scene_08,000011,50,50,scene_08,7,14,0.5,0,14,7,0.0,0.0,0.0,7
scene_08_50_000012,test,scene_08,scene_08,000012,50,50,scene_08,6,7,0.25,1,6,5,0.14285714285714285,0.16666666666666666,0.15384615384615385,1
scene_08_50_000012,test,scene_08,scene_08,000012,50,50,scene_08,6,7,0.5,0,7,6,0.0,0.0,0.0,1
scene_08_50_000013,test,scene_08,scene_08,000013,50,50,scene_08,3,4,0.25,1,3,2,0.25,0.3333333333333333,0.2857142857142857,1
scene_08_50_000013,test,scene_08,scene_08,000013,50,50,scene_08,3,4,0.5,0,4,3,0.0,0.0,0.0,1
scene_08_50_000014,test,scene_08,scene_08,000014,50,50,scene_08,2,7,0.25,0,7,2,0.0,0.0,0.0,5
scene_08_50_000014,test,scene_08,scene_08,000014,50,50,scene_08,2,7,0.5,0,7,2,0.0,0.0,0.0,5
scene_08_50_000015,test,scene_08,scene_08,000015,50,50,scene_08,2,6,0.25,0,6,2,0.0,0.0,0.0,4
scene_08_50_000015,test,scene_08,scene_08,000015,50,50,scene_08,2,6,0.5,0,6,2,0.0,0.0,0.0,4
scene_08_50_000016,test,scene_08,scene_08,000016,50,50,scene_08,2,14,0.25,0,14,2,0.0,0.0,0.0,12
scene_08_50_000016,test,scene_08,scene_08,000016,50,50,scene_08,2,14,0.5,0,14,2,0.0,0.0,0.0,12
scene_08_50_000017,test,scene_08,scene_08,000017,50,50,scene_08,5,16,0.25,0,16,5,0.0,0.0,0.0,11
scene_08_50_000017,test,scene_08,scene_08,000017,50,50,scene_08,5,16,0.5,0,16,5,0.0,0.0,0.0,11
scene_08_50_000018,test,scene_08,scene_08,000018,50,50,scene_08,9,9,0.25,0,9,9,0.0,0.0,0.0,0
scene_08_50_000018,test,scene_08,scene_08,000018,50,50,scene_08,9,9,0.5,0,9,9,0.0,0.0,0.0,0
scene_08_50_000019,test,scene_08,scene_08,000019,50,50,scene_08,11,8,0.25,1,7,10,0.125,0.09090909090909091,0.10526315789473684,3
scene_08_50_000019,test,scene_08,scene_08,000019,50,50,scene_08,11,8,0.5,0,8,11,0.0,0.0,0.0,3
scene_08_50_000020,test,scene_08,scene_08,000020,50,50,scene_08,10,14,0.25,0,14,10,0.0,0.0,0.0,4
scene_08_50_000020,test,scene_08,scene_08,000020,50,50,scene_08,10,14,0.5,0,14,10,0.0,0.0,0.0,4
scene_08_50_000021,test,scene_08,scene_08,000021,50,50,scene_08,11,16,0.25,0,16,11,0.0,0.0,0.0,5
scene_08_50_000021,test,scene_08,scene_08,000021,50,50,scene_08,11,16,0.5,0,16,11,0.0,0.0,0.0,5
scene_08_50_000022,test,scene_08,scene_08,000022,50,50,scene_08,13,18,0.25,0,18,13,0.0,0.0,0.0,5
scene_08_50_000022,test,scene_08,scene_08,000022,50,50,scene_08,13,18,0.5,0,18,13,0.0,0.0,0.0,5
scene_08_50_000023,test,scene_08,scene_08,000023,50,50,scene_08,18,19,0.25,0,19,18,0.0,0.0,0.0,1
scene_08_50_000023,test,scene_08,scene_08,000023,50,50,scene_08,18,19,0.5,0,19,18,0.0,0.0,0.0,1
scene_08_50_000024,test,scene_08,scene_08,000024,50,50,scene_08,26,17,0.25,0,17,26,0.0,0.0,0.0,9
scene_08_50_000024,test,scene_08,scene_08,000024,50,50,scene_08,26,17,0.5,0,17,26,0.0,0.0,0.0,9
scene_08_50_000025,test,scene_08,scene_08,000025,50,50,scene_08,19,24,0.25,0,24,19,0.0,0.0,0.0,5
scene_08_50_000025,test,scene_08,scene_08,000025,50,50,scene_08,19,24,0.5,0,24,19,0.0,0.0,0.0,5
scene_08_50_000026,test,scene_08,scene_08,000026,50,50,scene_08,14,22,0.25,0,22,14,0.0,0.0,0.0,8
scene_08_50_000026,test,scene_08,scene_08,000026,50,50,scene_08,14,22,0.5,0,22,14,0.0,0.0,0.0,8
scene_08_50_000027,test,scene_08,scene_08,000027,50,50,scene_08,16,15,0.25,0,15,16,0.0,0.0,0.0,1
scene_08_50_000027,test,scene_08,scene_08,000027,50,50,scene_08,16,15,0.5,0,15,16,0.0,0.0,0.0,1
scene_08_50_000028,test,scene_08,scene_08,000028,50,50,scene_08,21,18,0.25,0,18,21,0.0,0.0,0.0,3
scene_08_50_000028,test,scene_08,scene_08,000028,50,50,scene_08,21,18,0.5,0,18,21,0.0,0.0,0.0,3
scene_08_50_000029,test,scene_08,scene_08,000029,50,50,scene_08,24,26,0.25,0,26,24,0.0,0.0,0.0,2
scene_08_50_000029,test,scene_08,scene_08,000029,50,50,scene_08,24,26,0.5,0,26,24,0.0,0.0,0.0,2
scene_08_50_000030,test,scene_08,scene_08,000030,50,50,scene_08,22,27,0.25,0,27,22,0.0,0.0,0.0,5
scene_08_50_000030,test,scene_08,scene_08,000030,50,50,scene_08,22,27,0.5,0,27,22,0.0,0.0,0.0,5
scene_08_50_000031,test,scene_08,scene_08,000031,50,50,scene_08,26,27,0.25,0,27,26,0.0,0.0,0.0,1
scene_08_50_000031,test,scene_08,scene_08,000031,50,50,scene_08,26,27,0.5,0,27,26,0.0,0.0,0.0,1
scene_08_50_000032,test,scene_08,scene_08,000032,50,50,scene_08,25,20,0.25,0,20,25,0.0,0.0,0.0,5
scene_08_50_000032,test,scene_08,scene_08,000032,50,50,scene_08,25,20,0.5,0,20,25,0.0,0.0,0.0,5
scene_08_50_000033,test,scene_08,scene_08,000033,50,50,scene_08,18,19,0.25,0,19,18,0.0,0.0,0.0,1
scene_08_50_000033,test,scene_08,scene_08,000033,50,50,scene_08,18,19,0.5,0,19,18,0.0,0.0,0.0,1
scene_08_50_000034,test,scene_08,scene_08,000034,50,50,scene_08,16,9,0.25,0,9,16,0.0,0.0,0.0,7
scene_08_50_000034,test,scene_08,scene_08,000034,50,50,scene_08,16,9,0.5,0,9,16,0.0,0.0,0.0,7
scene_08_50_000035,test,scene_08,scene_08,000035,50,50,scene_08,16,18,0.25,0,18,16,0.0,0.0,0.0,2
scene_08_50_000035,test,scene_08,scene_08,000035,50,50,scene_08,16,18,0.5,0,18,16,0.0,0.0,0.0,2
scene_08_50_000036,test,scene_08,scene_08,000036,50,50,scene_08,12,22,0.25,0,22,12,0.0,0.0,0.0,10
scene_08_50_000036,test,scene_08,scene_08,000036,50,50,scene_08,12,22,0.5,0,22,12,0.0,0.0,0.0,10
scene_08_50_000037,test,scene_08,scene_08,000037,50,50,scene_08,9,10,0.25,0,10,9,0.0,0.0,0.0,1
scene_08_50_000037,test,scene_08,scene_08,000037,50,50,scene_08,9,10,0.5,0,10,9,0.0,0.0,0.0,1
scene_08_50_000038,test,scene_08,scene_08,000038,50,50,scene_08,4,11,0.25,0,11,4,0.0,0.0,0.0,7
scene_08_50_000038,test,scene_08,scene_08,000038,50,50,scene_08,4,11,0.5,0,11,4,0.0,0.0,0.0,7
scene_08_50_000040,test,scene_08,scene_08,000040,50,50,scene_08,12,5,0.25,0,5,12,0.0,0.0,0.0,7
scene_08_50_000040,test,scene_08,scene_08,000040,50,50,scene_08,12,5,0.5,0,5,12,0.0,0.0,0.0,7
scene_08_50_000041,test,scene_08,scene_08,000041,50,50,scene_08,13,8,0.25,0,8,13,0.0,0.0,0.0,5
scene_08_50_000041,test,scene_08,scene_08,000041,50,50,scene_08,13,8,0.5,0,8,13,0.0,0.0,0.0,5
scene_08_50_000042,test,scene_08,scene_08,000042,50,50,scene_08,17,8,0.25,0,8,17,0.0,0.0,0.0,9
scene_08_50_000042,test,scene_08,scene_08,000042,50,50,scene_08,17,8,0.5,0,8,17,0.0,0.0,0.0,9
scene_08_50_000043,test,scene_08,scene_08,000043,50,50,scene_08,19,12,0.25,0,12,19,0.0,0.0,0.0,7
scene_08_50_000043,test,scene_08,scene_08,000043,50,50,scene_08,19,12,0.5,0,12,19,0.0,0.0,0.0,7
scene_08_50_000044,test,scene_08,scene_08,000044,50,50,scene_08,20,22,0.25,0,22,20,0.0,0.0,0.0,2
scene_08_50_000044,test,scene_08,scene_08,000044,50,50,scene_08,20,22,0.5,0,22,20,0.0,0.0,0.0,2
scene_08_50_000045,test,scene_08,scene_08,000045,50,50,scene_08,21,18,0.25,0,18,21,0.0,0.0,0.0,3
scene_08_50_000045,test,scene_08,scene_08,000045,50,50,scene_08,21,18,0.5,0,18,21,0.0,0.0,0.0,3
scene_08_50_000046,test,scene_08,scene_08,000046,50,50,scene_08,27,24,0.25,0,24,27,0.0,0.0,0.0,3
scene_08_50_000046,test,scene_08,scene_08,000046,50,50,scene_08,27,24,0.5,0,24,27,0.0,0.0,0.0,3
scene_08_50_000047,test,scene_08,scene_08,000047,50,50,scene_08,29,26,0.25,0,26,29,0.0,0.0,0.0,3
scene_08_50_000047,test,scene_08,scene_08,000047,50,50,scene_08,29,26,0.5,0,26,29,0.0,0.0,0.0,3
scene_08_50_000048,test,scene_08,scene_08,000048,50,50,scene_08,24,25,0.25,0,25,24,0.0,0.0,0.0,1
scene_08_50_000048,test,scene_08,scene_08,000048,50,50,scene_08,24,25,0.5,0,25,24,0.0,0.0,0.0,1
scene_08_50_000049,test,scene_08,scene_08,000049,50,50,scene_08,23,25,0.25,0,25,23,0.0,0.0,0.0,2
scene_08_50_000049,test,scene_08,scene_08,000049,50,50,scene_08,23,25,0.5,0,25,23,0.0,0.0,0.0,2
scene_08_50_000050,test,scene_08,scene_08,000050,50,50,scene_08,18,25,0.25,0,25,18,0.0,0.0,0.0,7
scene_08_50_000050,test,scene_08,scene_08,000050,50,50,scene_08,18,25,0.5,0,25,18,0.0,0.0,0.0,7
scene_08_50_000051,test,scene_08,scene_08,000051,50,50,scene_08,13,15,0.25,0,15,13,0.0,0.0,0.0,2
scene_08_50_000051,test,scene_08,scene_08,000051,50,50,scene_08,13,15,0.5,0,15,13,0.0,0.0,0.0,2
scene_08_50_000052,test,scene_08,scene_08,000052,50,50,scene_08,30,21,0.25,0,21,30,0.0,0.0,0.0,9
scene_08_50_000052,test,scene_08,scene_08,000052,50,50,scene_08,30,21,0.5,0,21,30,0.0,0.0,0.0,9
scene_08_50_000053,test,scene_08,scene_08,000053,50,50,scene_08,30,23,0.25,0,23,30,0.0,0.0,0.0,7
scene_08_50_000053,test,scene_08,scene_08,000053,50,50,scene_08,30,23,0.5,0,23,30,0.0,0.0,0.0,7
scene_08_50_000054,test,scene_08,scene_08,000054,50,50,scene_08,33,21,0.25,0,21,33,0.0,0.0,0.0,12
scene_08_50_000054,test,scene_08,scene_08,000054,50,50,scene_08,33,21,0.5,0,21,33,0.0,0.0,0.0,12
scene_08_50_000055,test,scene_08,scene_08,000055,50,50,scene_08,30,15,0.25,0,15,30,0.0,0.0,0.0,15
scene_08_50_000055,test,scene_08,scene_08,000055,50,50,scene_08,30,15,0.5,0,15,30,0.0,0.0,0.0,15
scene_08_50_000056,test,scene_08,scene_08,000056,50,50,scene_08,26,13,0.25,0,13,26,0.0,0.0,0.0,13
scene_08_50_000056,test,scene_08,scene_08,000056,50,50,scene_08,26,13,0.5,0,13,26,0.0,0.0,0.0,13
scene_08_50_000057,test,scene_08,scene_08,000057,50,50,scene_08,27,13,0.25,0,13,27,0.0,0.0,0.0,14
scene_08_50_000057,test,scene_08,scene_08,000057,50,50,scene_08,27,13,0.5,0,13,27,0.0,0.0,0.0,14
scene_08_50_000058,test,scene_08,scene_08,000058,50,50,scene_08,22,11,0.25,0,11,22,0.0,0.0,0.0,11
scene_08_50_000058,test,scene_08,scene_08,000058,50,50,scene_08,22,11,0.5,0,11,22,0.0,0.0,0.0,11
scene_08_50_000059,test,scene_08,scene_08,000059,50,50,scene_08,19,9,0.25,0,9,19,0.0,0.0,0.0,10
scene_08_50_000059,test,scene_08,scene_08,000059,50,50,scene_08,19,9,0.5,0,9,19,0.0,0.0,0.0,10
scene_08_50_000060,test,scene_08,scene_08,000060,50,50,scene_08,12,7,0.25,0,7,12,0.0,0.0,0.0,5
scene_08_50_000060,test,scene_08,scene_08,000060,50,50,scene_08,12,7,0.5,0,7,12,0.0,0.0,0.0,5
scene_08_50_000063,test,scene_08,scene_08,000063,50,50,scene_08,18,7,0.25,0,7,18,0.0,0.0,0.0,11
scene_08_50_000063,test,scene_08,scene_08,000063,50,50,scene_08,18,7,0.5,0,7,18,0.0,0.0,0.0,11
scene_08_50_000064,test,scene_08,scene_08,000064,50,50,scene_08,21,13,0.25,0,13,21,0.0,0.0,0.0,8
scene_08_50_000064,test,scene_08,scene_08,000064,50,50,scene_08,21,13,0.5,0,13,21,0.0,0.0,0.0,8
scene_08_50_000065,test,scene_08,scene_08,000065,50,50,scene_08,23,13,0.25,0,13,23,0.0,0.0,0.0,10
scene_08_50_000065,test,scene_08,scene_08,000065,50,50,scene_08,23,13,0.5,0,13,23,0.0,0.0,0.0,10
scene_08_50_000066,test,scene_08,scene_08,000066,50,50,scene_08,22,17,0.25,0,17,22,0.0,0.0,0.0,5
scene_08_50_000066,test,scene_08,scene_08,000066,50,50,scene_08,22,17,0.5,0,17,22,0.0,0.0,0.0,5
scene_08_50_000067,test,scene_08,scene_08,000067,50,50,scene_08,29,20,0.25,0,20,29,0.0,0.0,0.0,9
scene_08_50_000067,test,scene_08,scene_08,000067,50,50,scene_08,29,20,0.5,0,20,29,0.0,0.0,0.0,9
scene_08_50_000068,test,scene_08,scene_08,000068,50,50,scene_08,29,21,0.25,0,21,29,0.0,0.0,0.0,8
scene_08_50_000068,test,scene_08,scene_08,000068,50,50,scene_08,29,21,0.5,0,21,29,0.0,0.0,0.0,8
scene_08_50_000069,test,scene_08,scene_08,000069,50,50,scene_08,31,30,0.25,0,30,31,0.0,0.0,0.0,1
scene_08_50_000069,test,scene_08,scene_08,000069,50,50,scene_08,31,30,0.5,0,30,31,0.0,0.0,0.0,1
scene_08_50_000070,test,scene_08,scene_08,000070,50,50,scene_08,25,24,0.25,0,24,25,0.0,0.0,0.0,1
scene_08_50_000070,test,scene_08,scene_08,000070,50,50,scene_08,25,24,0.5,0,24,25,0.0,0.0,0.0,1
scene_08_50_000071,test,scene_08,scene_08,000071,50,50,scene_08,20,20,0.25,0,20,20,0.0,0.0,0.0,0
scene_08_50_000071,test,scene_08,scene_08,000071,50,50,scene_08,20,20,0.5,0,20,20,0.0,0.0,0.0,0
scene_08_50_000072,test,scene_08,scene_08,000072,50,50,scene_08,16,27,0.25,0,27,16,0.0,0.0,0.0,11
scene_08_50_000072,test,scene_08,scene_08,000072,50,50,scene_08,16,27,0.5,0,27,16,0.0,0.0,0.0,11
scene_08_50_000073,test,scene_08,scene_08,000073,50,50,scene_08,26,19,0.25,0,19,26,0.0,0.0,0.0,7
scene_08_50_000073,test,scene_08,scene_08,000073,50,50,scene_08,26,19,0.5,0,19,26,0.0,0.0,0.0,7
scene_08_50_000074,test,scene_08,scene_08,000074,50,50,scene_08,31,18,0.25,0,18,31,0.0,0.0,0.0,13
scene_08_50_000074,test,scene_08,scene_08,000074,50,50,scene_08,31,18,0.5,0,18,31,0.0,0.0,0.0,13
scene_08_50_000075,test,scene_08,scene_08,000075,50,50,scene_08,28,32,0.25,0,32,28,0.0,0.0,0.0,4
scene_08_50_000075,test,scene_08,scene_08,000075,50,50,scene_08,28,32,0.5,0,32,28,0.0,0.0,0.0,4
scene_08_50_000076,test,scene_08,scene_08,000076,50,50,scene_08,27,22,0.25,0,22,27,0.0,0.0,0.0,5
scene_08_50_000076,test,scene_08,scene_08,000076,50,50,scene_08,27,22,0.5,0,22,27,0.0,0.0,0.0,5
scene_08_50_000077,test,scene_08,scene_08,000077,50,50,scene_08,24,13,0.25,0,13,24,0.0,0.0,0.0,11
scene_08_50_000077,test,scene_08,scene_08,000077,50,50,scene_08,24,13,0.5,0,13,24,0.0,0.0,0.0,11
scene_08_50_000078,test,scene_08,scene_08,000078,50,50,scene_08,21,11,0.25,0,11,21,0.0,0.0,0.0,10
scene_08_50_000078,test,scene_08,scene_08,000078,50,50,scene_08,21,11,0.5,0,11,21,0.0,0.0,0.0,10
scene_08_50_000079,test,scene_08,scene_08,000079,50,50,scene_08,22,12,0.25,0,12,22,0.0,0.0,0.0,10
scene_08_50_000079,test,scene_08,scene_08,000079,50,50,scene_08,22,12,0.5,0,12,22,0.0,0.0,0.0,10
scene_08_50_000080,test,scene_08,scene_08,000080,50,50,scene_08,12,12,0.25,0,12,12,0.0,0.0,0.0,0
scene_08_50_000080,test,scene_08,scene_08,000080,50,50,scene_08,12,12,0.5,0,12,12,0.0,0.0,0.0,0
scene_08_50_000083,test,scene_08,scene_08,000083,50,50,scene_08,13,4,0.25,0,4,13,0.0,0.0,0.0,9
scene_08_50_000083,test,scene_08,scene_08,000083,50,50,scene_08,13,4,0.5,0,4,13,0.0,0.0,0.0,9
scene_08_50_000084,test,scene_08,scene_08,000084,50,50,scene_08,16,12,0.25,0,12,16,0.0,0.0,0.0,4
scene_08_50_000084,test,scene_08,scene_08,000084,50,50,scene_08,16,12,0.5,0,12,16,0.0,0.0,0.0,4
scene_08_50_000085,test,scene_08,scene_08,000085,50,50,scene_08,17,9,0.25,0,9,17,0.0,0.0,0.0,8
scene_08_50_000085,test,scene_08,scene_08,000085,50,50,scene_08,17,9,0.5,0,9,17,0.0,0.0,0.0,8
scene_08_50_000086,test,scene_08,scene_08,000086,50,50,scene_08,18,15,0.25,0,15,18,0.0,0.0,0.0,3
scene_08_50_000086,test,scene_08,scene_08,000086,50,50,scene_08,18,15,0.5,0,15,18,0.0,0.0,0.0,3
scene_08_50_000087,test,scene_08,scene_08,000087,50,50,scene_08,22,15,0.25,0,15,22,0.0,0.0,0.0,7
scene_08_50_000087,test,scene_08,scene_08,000087,50,50,scene_08,22,15,0.5,0,15,22,0.0,0.0,0.0,7
scene_08_50_000088,test,scene_08,scene_08,000088,50,50,scene_08,20,18,0.25,0,18,20,0.0,0.0,0.0,2
scene_08_50_000088,test,scene_08,scene_08,000088,50,50,scene_08,20,18,0.5,0,18,20,0.0,0.0,0.0,2
scene_08_50_000089,test,scene_08,scene_08,000089,50,50,scene_08,24,20,0.25,0,20,24,0.0,0.0,0.0,4
scene_08_50_000089,test,scene_08,scene_08,000089,50,50,scene_08,24,20,0.5,0,20,24,0.0,0.0,0.0,4
scene_08_50_000090,test,scene_08,scene_08,000090,50,50,scene_08,22,13,0.25,0,13,22,0.0,0.0,0.0,9
scene_08_50_000090,test,scene_08,scene_08,000090,50,50,scene_08,22,13,0.5,0,13,22,0.0,0.0,0.0,9
scene_08_50_000091,test,scene_08,scene_08,000091,50,50,scene_08,14,11,0.25,0,11,14,0.0,0.0,0.0,3
scene_08_50_000091,test,scene_08,scene_08,000091,50,50,scene_08,14,11,0.5,0,11,14,0.0,0.0,0.0,3
scene_08_50_000092,test,scene_08,scene_08,000092,50,50,scene_08,10,10,0.25,0,10,10,0.0,0.0,0.0,0
scene_08_50_000092,test,scene_08,scene_08,000092,50,50,scene_08,10,10,0.5,0,10,10,0.0,0.0,0.0,0
scene_08_50_000093,test,scene_08,scene_08,000093,50,50,scene_08,19,15,0.25,0,15,19,0.0,0.0,0.0,4
scene_08_50_000093,test,scene_08,scene_08,000093,50,50,scene_08,19,15,0.5,0,15,19,0.0,0.0,0.0,4
scene_08_50_000094,test,scene_08,scene_08,000094,50,50,scene_08,16,21,0.25,0,21,16,0.0,0.0,0.0,5
scene_08_50_000094,test,scene_08,scene_08,000094,50,50,scene_08,16,21,0.5,0,21,16,0.0,0.0,0.0,5
scene_08_50_000095,test,scene_08,scene_08,000095,50,50,scene_08,12,23,0.25,0,23,12,0.0,0.0,0.0,11
scene_08_50_000095,test,scene_08,scene_08,000095,50,50,scene_08,12,23,0.5,0,23,12,0.0,0.0,0.0,11
scene_08_50_000096,test,scene_08,scene_08,000096,50,50,scene_08,10,13,0.25,0,13,10,0.0,0.0,0.0,3
scene_08_50_000096,test,scene_08,scene_08,000096,50,50,scene_08,10,13,0.5,0,13,10,0.0,0.0,0.0,3
scene_08_50_000097,test,scene_08,scene_08,000097,50,50,scene_08,13,15,0.25,0,15,13,0.0,0.0,0.0,2
scene_08_50_000097,test,scene_08,scene_08,000097,50,50,scene_08,13,15,0.5,0,15,13,0.0,0.0,0.0,2
scene_08_50_000098,test,scene_08,scene_08,000098,50,50,scene_08,17,17,0.25,0,17,17,0.0,0.0,0.0,0
scene_08_50_000098,test,scene_08,scene_08,000098,50,50,scene_08,17,17,0.5,0,17,17,0.0,0.0,0.0,0
scene_08_50_000099,test,scene_08,scene_08,000099,50,50,scene_08,20,26,0.25,0,26,20,0.0,0.0,0.0,6
scene_08_50_000099,test,scene_08,scene_08,000099,50,50,scene_08,20,26,0.5,0,26,20,0.0,0.0,0.0,6
scene_08_50_000100,test,scene_08,scene_08,000100,50,50,scene_08,25,30,0.25,0,30,25,0.0,0.0,0.0,5
scene_08_50_000100,test,scene_08,scene_08,000100,50,50,scene_08,25,30,0.5,0,30,25,0.0,0.0,0.0,5
scene_08_50_000101,test,scene_08,scene_08,000101,50,50,scene_08,26,31,0.25,0,31,26,0.0,0.0,0.0,5
scene_08_50_000101,test,scene_08,scene_08,000101,50,50,scene_08,26,31,0.5,0,31,26,0.0,0.0,0.0,5
scene_08_50_000102,test,scene_08,scene_08,000102,50,50,scene_08,21,21,0.25,0,21,21,0.0,0.0,0.0,0
scene_08_50_000102,test,scene_08,scene_08,000102,50,50,scene_08,21,21,0.5,0,21,21,0.0,0.0,0.0,0
scene_08_50_000103,test,scene_08,scene_08,000103,50,50,scene_08,20,17,0.25,0,17,20,0.0,0.0,0.0,3
scene_08_50_000103,test,scene_08,scene_08,000103,50,50,scene_08,20,17,0.5,0,17,20,0.0,0.0,0.0,3
scene_08_50_000104,test,scene_08,scene_08,000104,50,50,scene_08,21,20,0.25,0,20,21,0.0,0.0,0.0,1
scene_08_50_000104,test,scene_08,scene_08,000104,50,50,scene_08,21,20,0.5,0,20,21,0.0,0.0,0.0,1
scene_08_50_000105,test,scene_08,scene_08,000105,50,50,scene_08,28,23,0.25,0,23,28,0.0,0.0,0.0,5
scene_08_50_000105,test,scene_08,scene_08,000105,50,50,scene_08,28,23,0.5,0,23,28,0.0,0.0,0.0,5
scene_08_50_000106,test,scene_08,scene_08,000106,50,50,scene_08,26,18,0.25,0,18,26,0.0,0.0,0.0,8
scene_08_50_000106,test,scene_08,scene_08,000106,50,50,scene_08,26,18,0.5,0,18,26,0.0,0.0,0.0,8
scene_08_50_000107,test,scene_08,scene_08,000107,50,50,scene_08,21,14,0.25,0,14,21,0.0,0.0,0.0,7
scene_08_50_000107,test,scene_08,scene_08,000107,50,50,scene_08,21,14,0.5,0,14,21,0.0,0.0,0.0,7
scene_08_50_000108,test,scene_08,scene_08,000108,50,50,scene_08,24,15,0.25,0,15,24,0.0,0.0,0.0,9
scene_08_50_000108,test,scene_08,scene_08,000108,50,50,scene_08,24,15,0.5,0,15,24,0.0,0.0,0.0,9
scene_08_50_000109,test,scene_08,scene_08,000109,50,50,scene_08,29,16,0.25,0,16,29,0.0,0.0,0.0,13
scene_08_50_000109,test,scene_08,scene_08,000109,50,50,scene_08,29,16,0.5,0,16,29,0.0,0.0,0.0,13
scene_08_50_000110,test,scene_08,scene_08,000110,50,50,scene_08,32,16,0.25,0,16,32,0.0,0.0,0.0,16
scene_08_50_000110,test,scene_08,scene_08,000110,50,50,scene_08,32,16,0.5,0,16,32,0.0,0.0,0.0,16
scene_08_50_000111,test,scene_08,scene_08,000111,50,50,scene_08,32,19,0.25,0,19,32,0.0,0.0,0.0,13
scene_08_50_000111,test,scene_08,scene_08,000111,50,50,scene_08,32,19,0.5,0,19,32,0.0,0.0,0.0,13
scene_08_50_000112,test,scene_08,scene_08,000112,50,50,scene_08,28,26,0.25,0,26,28,0.0,0.0,0.0,2
scene_08_50_000112,test,scene_08,scene_08,000112,50,50,scene_08,28,26,0.5,0,26,28,0.0,0.0,0.0,2
scene_08_50_000113,test,scene_08,scene_08,000113,50,50,scene_08,24,22,0.25,0,22,24,0.0,0.0,0.0,2
scene_08_50_000113,test,scene_08,scene_08,000113,50,50,scene_08,24,22,0.5,0,22,24,0.0,0.0,0.0,2
scene_08_50_000114,test,scene_08,scene_08,000114,50,50,scene_08,26,22,0.25,0,22,26,0.0,0.0,0.0,4
scene_08_50_000114,test,scene_08,scene_08,000114,50,50,scene_08,26,22,0.5,0,22,26,0.0,0.0,0.0,4
scene_08_50_000115,test,scene_08,scene_08,000115,50,50,scene_08,29,19,0.25,0,19,29,0.0,0.0,0.0,10
scene_08_50_000115,test,scene_08,scene_08,000115,50,50,scene_08,29,19,0.5,0,19,29,0.0,0.0,0.0,10
scene_08_50_000116,test,scene_08,scene_08,000116,50,50,scene_08,23,26,0.25,0,26,23,0.0,0.0,0.0,3
scene_08_50_000116,test,scene_08,scene_08,000116,50,50,scene_08,23,26,0.5,0,26,23,0.0,0.0,0.0,3
scene_08_50_000117,test,scene_08,scene_08,000117,50,50,scene_08,21,18,0.25,0,18,21,0.0,0.0,0.0,3
scene_08_50_000117,test,scene_08,scene_08,000117,50,50,scene_08,21,18,0.5,0,18,21,0.0,0.0,0.0,3
scene_08_50_000118,test,scene_08,scene_08,000118,50,50,scene_08,14,14,0.25,0,14,14,0.0,0.0,0.0,0
scene_08_50_000118,test,scene_08,scene_08,000118,50,50,scene_08,14,14,0.5,0,14,14,0.0,0.0,0.0,0
scene_08_50_000119,test,scene_08,scene_08,000119,50,50,scene_08,14,20,0.25,0,20,14,0.0,0.0,0.0,6
scene_08_50_000119,test,scene_08,scene_08,000119,50,50,scene_08,14,20,0.5,0,20,14,0.0,0.0,0.0,6
scene_08_50_000120,test,scene_08,scene_08,000120,50,50,scene_08,9,14,0.25,0,14,9,0.0,0.0,0.0,5
scene_08_50_000120,test,scene_08,scene_08,000120,50,50,scene_08,9,14,0.5,0,14,9,0.0,0.0,0.0,5
scene_08_50_000121,test,scene_08,scene_08,000121,50,50,scene_08,3,17,0.25,0,17,3,0.0,0.0,0.0,14
scene_08_50_000121,test,scene_08,scene_08,000121,50,50,scene_08,3,17,0.5,0,17,3,0.0,0.0,0.0,14
scene_08_50_000122,test,scene_08,scene_08,000122,50,50,scene_08,12,12,0.25,0,12,12,0.0,0.0,0.0,0
scene_08_50_000122,test,scene_08,scene_08,000122,50,50,scene_08,12,12,0.5,0,12,12,0.0,0.0,0.0,0
scene_08_50_000123,test,scene_08,scene_08,000123,50,50,scene_08,13,8,0.25,0,8,13,0.0,0.0,0.0,5
scene_08_50_000123,test,scene_08,scene_08,000123,50,50,scene_08,13,8,0.5,0,8,13,0.0,0.0,0.0,5
scene_08_50_000124,test,scene_08,scene_08,000124,50,50,scene_08,17,10,0.25,0,10,17,0.0,0.0,0.0,7
scene_08_50_000124,test,scene_08,scene_08,000124,50,50,scene_08,17,10,0.5,0,10,17,0.0,0.0,0.0,7
scene_08_50_000125,test,scene_08,scene_08,000125,50,50,scene_08,17,16,0.25,0,16,17,0.0,0.0,0.0,1
scene_08_50_000125,test,scene_08,scene_08,000125,50,50,scene_08,17,16,0.5,0,16,17,0.0,0.0,0.0,1
scene_08_50_000126,test,scene_08,scene_08,000126,50,50,scene_08,22,16,0.25,0,16,22,0.0,0.0,0.0,6
scene_08_50_000126,test,scene_08,scene_08,000126,50,50,scene_08,22,16,0.5,0,16,22,0.0,0.0,0.0,6
scene_08_50_000127,test,scene_08,scene_08,000127,50,50,scene_08,23,22,0.25,0,22,23,0.0,0.0,0.0,1
scene_08_50_000127,test,scene_08,scene_08,000127,50,50,scene_08,23,22,0.5,0,22,23,0.0,0.0,0.0,1
scene_08_50_000128,test,scene_08,scene_08,000128,50,50,scene_08,22,19,0.25,0,19,22,0.0,0.0,0.0,3
scene_08_50_000128,test,scene_08,scene_08,000128,50,50,scene_08,22,19,0.5,0,19,22,0.0,0.0,0.0,3
scene_08_50_000129,test,scene_08,scene_08,000129,50,50,scene_08,22,14,0.25,0,14,22,0.0,0.0,0.0,8
scene_08_50_000129,test,scene_08,scene_08,000129,50,50,scene_08,22,14,0.5,0,14,22,0.0,0.0,0.0,8
scene_08_50_000130,test,scene_08,scene_08,000130,50,50,scene_08,24,20,0.25,0,20,24,0.0,0.0,0.0,4
scene_08_50_000130,test,scene_08,scene_08,000130,50,50,scene_08,24,20,0.5,0,20,24,0.0,0.0,0.0,4
scene_08_50_000131,test,scene_08,scene_08,000131,50,50,scene_08,26,20,0.25,0,20,26,0.0,0.0,0.0,6
scene_08_50_000131,test,scene_08,scene_08,000131,50,50,scene_08,26,20,0.5,0,20,26,0.0,0.0,0.0,6
scene_08_50_000132,test,scene_08,scene_08,000132,50,50,scene_08,28,24,0.25,0,24,28,0.0,0.0,0.0,4
scene_08_50_000132,test,scene_08,scene_08,000132,50,50,scene_08,28,24,0.5,0,24,28,0.0,0.0,0.0,4
scene_08_50_000133,test,scene_08,scene_08,000133,50,50,scene_08,21,21,0.25,0,21,21,0.0,0.0,0.0,0
scene_08_50_000133,test,scene_08,scene_08,000133,50,50,scene_08,21,21,0.5,0,21,21,0.0,0.0,0.0,0
scene_08_50_000134,test,scene_08,scene_08,000134,50,50,scene_08,23,13,0.25,0,13,23,0.0,0.0,0.0,10
scene_08_50_000134,test,scene_08,scene_08,000134,50,50,scene_08,23,13,0.5,0,13,23,0.0,0.0,0.0,10
scene_08_50_000135,test,scene_08,scene_08,000135,50,50,scene_08,16,15,0.25,0,15,16,0.0,0.0,0.0,1
scene_08_50_000135,test,scene_08,scene_08,000135,50,50,scene_08,16,15,0.5,0,15,16,0.0,0.0,0.0,1
scene_08_50_000136,test,scene_08,scene_08,000136,50,50,scene_08,11,11,0.25,0,11,11,0.0,0.0,0.0,0
scene_08_50_000136,test,scene_08,scene_08,000136,50,50,scene_08,11,11,0.5,0,11,11,0.0,0.0,0.0,0
scene_08_50_000137,test,scene_08,scene_08,000137,50,50,scene_08,19,16,0.25,0,16,19,0.0,0.0,0.0,3
scene_08_50_000137,test,scene_08,scene_08,000137,50,50,scene_08,19,16,0.5,0,16,19,0.0,0.0,0.0,3
scene_08_50_000138,test,scene_08,scene_08,000138,50,50,scene_08,23,19,0.25,0,19,23,0.0,0.0,0.0,4
scene_08_50_000138,test,scene_08,scene_08,000138,50,50,scene_08,23,19,0.5,0,19,23,0.0,0.0,0.0,4
scene_08_50_000139,test,scene_08,scene_08,000139,50,50,scene_08,22,16,0.25,0,16,22,0.0,0.0,0.0,6
scene_08_50_000139,test,scene_08,scene_08,000139,50,50,scene_08,22,16,0.5,0,16,22,0.0,0.0,0.0,6
scene_08_50_000140,test,scene_08,scene_08,000140,50,50,scene_08,25,14,0.25,0,14,25,0.0,0.0,0.0,11
scene_08_50_000140,test,scene_08,scene_08,000140,50,50,scene_08,25,14,0.5,0,14,25,0.0,0.0,0.0,11
scene_08_50_000141,test,scene_08,scene_08,000141,50,50,scene_08,24,29,0.25,0,29,24,0.0,0.0,0.0,5
scene_08_50_000141,test,scene_08,scene_08,000141,50,50,scene_08,24,29,0.5,0,29,24,0.0,0.0,0.0,5
scene_08_50_000142,test,scene_08,scene_08,000142,50,50,scene_08,14,20,0.25,0,20,14,0.0,0.0,0.0,6
scene_08_50_000142,test,scene_08,scene_08,000142,50,50,scene_08,14,20,0.5,0,20,14,0.0,0.0,0.0,6
scene_08_50_000143,test,scene_08,scene_08,000143,50,50,scene_08,15,13,0.25,0,13,15,0.0,0.0,0.0,2
scene_08_50_000143,test,scene_08,scene_08,000143,50,50,scene_08,15,13,0.5,0,13,15,0.0,0.0,0.0,2
scene_08_50_000144,test,scene_08,scene_08,000144,50,50,scene_08,13,12,0.25,0,12,13,0.0,0.0,0.0,1
scene_08_50_000144,test,scene_08,scene_08,000144,50,50,scene_08,13,12,0.5,0,12,13,0.0,0.0,0.0,1
scene_08_50_000145,test,scene_08,scene_08,000145,50,50,scene_08,13,16,0.25,0,16,13,0.0,0.0,0.0,3
scene_08_50_000145,test,scene_08,scene_08,000145,50,50,scene_08,13,16,0.5,0,16,13,0.0,0.0,0.0,3
scene_08_50_000146,test,scene_08,scene_08,000146,50,50,scene_08,13,14,0.25,0,14,13,0.0,0.0,0.0,1
scene_08_50_000146,test,scene_08,scene_08,000146,50,50,scene_08,13,14,0.5,0,14,13,0.0,0.0,0.0,1
scene_08_50_000147,test,scene_08,scene_08,000147,50,50,scene_08,10,12,0.25,0,12,10,0.0,0.0,0.0,2
scene_08_50_000147,test,scene_08,scene_08,000147,50,50,scene_08,10,12,0.5,0,12,10,0.0,0.0,0.0,2
scene_08_50_000148,test,scene_08,scene_08,000148,50,50,scene_08,9,7,0.25,0,7,9,0.0,0.0,0.0,2
scene_08_50_000148,test,scene_08,scene_08,000148,50,50,scene_08,9,7,0.5,0,7,9,0.0,0.0,0.0,2
scene_08_50_000149,test,scene_08,scene_08,000149,50,50,scene_08,9,11,0.25,1,10,8,0.09090909090909091,0.1111111111111111,0.1,2
scene_08_50_000149,test,scene_08,scene_08,000149,50,50,scene_08,9,11,0.5,0,11,9,0.0,0.0,0.0,2
scene_08_50_000150,test,scene_08,scene_08,000150,50,50,scene_08,9,9,0.25,0,9,9,0.0,0.0,0.0,0
scene_08_50_000150,test,scene_08,scene_08,000150,50,50,scene_08,9,9,0.5,0,9,9,0.0,0.0,0.0,0
scene_08_50_000151,test,scene_08,scene_08,000151,50,50,scene_08,4,7,0.25,0,7,4,0.0,0.0,0.0,3
scene_08_50_000151,test,scene_08,scene_08,000151,50,50,scene_08,4,7,0.5,0,7,4,0.0,0.0,0.0,3
scene_08_50_000152,test,scene_08,scene_08,000152,50,50,scene_08,5,14,0.25,0,14,5,0.0,0.0,0.0,9
scene_08_50_000152,test,scene_08,scene_08,000152,50,50,scene_08,5,14,0.5,0,14,5,0.0,0.0,0.0,9
scene_08_50_000153,test,scene_08,scene_08,000153,50,50,scene_08,5,9,0.25,0,9,5,0.0,0.0,0.0,4
scene_08_50_000153,test,scene_08,scene_08,000153,50,50,scene_08,5,9,0.5,0,9,5,0.0,0.0,0.0,4
scene_08_50_000154,test,scene_08,scene_08,000154,50,50,scene_08,5,8,0.25,0,8,5,0.0,0.0,0.0,3
scene_08_50_000154,test,scene_08,scene_08,000154,50,50,scene_08,5,8,0.5,0,8,5,0.0,0.0,0.0,3
scene_08_50_000155,test,scene_08,scene_08,000155,50,50,scene_08,7,12,0.25,0,12,7,0.0,0.0,0.0,5
scene_08_50_000155,test,scene_08,scene_08,000155,50,50,scene_08,7,12,0.5,0,12,7,0.0,0.0,0.0,5
scene_08_50_000156,test,scene_08,scene_08,000156,50,50,scene_08,7,13,0.25,0,13,7,0.0,0.0,0.0,6
scene_08_50_000156,test,scene_08,scene_08,000156,50,50,scene_08,7,13,0.5,0,13,7,0.0,0.0,0.0,6
scene_08_50_000157,test,scene_08,scene_08,000157,50,50,scene_08,10,14,0.25,0,14,10,0.0,0.0,0.0,4
scene_08_50_000157,test,scene_08,scene_08,000157,50,50,scene_08,10,14,0.5,0,14,10,0.0,0.0,0.0,4
scene_08_50_000158,test,scene_08,scene_08,000158,50,50,scene_08,9,10,0.25,0,10,9,0.0,0.0,0.0,1
scene_08_50_000158,test,scene_08,scene_08,000158,50,50,scene_08,9,10,0.5,0,10,9,0.0,0.0,0.0,1
scene_08_50_000159,test,scene_08,scene_08,000159,50,50,scene_08,13,11,0.25,0,11,13,0.0,0.0,0.0,2
scene_08_50_000159,test,scene_08,scene_08,000159,50,50,scene_08,13,11,0.5,0,11,13,0.0,0.0,0.0,2
scene_08_50_000160,test,scene_08,scene_08,000160,50,50,scene_08,16,14,0.25,0,14,16,0.0,0.0,0.0,2
scene_08_50_000160,test,scene_08,scene_08,000160,50,50,scene_08,16,14,0.5,0,14,16,0.0,0.0,0.0,2
scene_08_50_000161,test,scene_08,scene_08,000161,50,50,scene_08,16,10,0.25,0,10,16,0.0,0.0,0.0,6
scene_08_50_000161,test,scene_08,scene_08,000161,50,50,scene_08,16,10,0.5,0,10,16,0.0,0.0,0.0,6
scene_08_50_000162,test,scene_08,scene_08,000162,50,50,scene_08,19,11,0.25,0,11,19,0.0,0.0,0.0,8
scene_08_50_000162,test,scene_08,scene_08,000162,50,50,scene_08,19,11,0.5,0,11,19,0.0,0.0,0.0,8
scene_08_50_000163,test,scene_08,scene_08,000163,50,50,scene_08,19,18,0.25,0,18,19,0.0,0.0,0.0,1
scene_08_50_000163,test,scene_08,scene_08,000163,50,50,scene_08,19,18,0.5,0,18,19,0.0,0.0,0.0,1
scene_08_50_000164,test,scene_08,scene_08,000164,50,50,scene_08,15,11,0.25,0,11,15,0.0,0.0,0.0,4
scene_08_50_000164,test,scene_08,scene_08,000164,50,50,scene_08,15,11,0.5,0,11,15,0.0,0.0,0.0,4
scene_08_50_000165,test,scene_08,scene_08,000165,50,50,scene_08,15,15,0.25,0,15,15,0.0,0.0,0.0,0
scene_08_50_000165,test,scene_08,scene_08,000165,50,50,scene_08,15,15,0.5,0,15,15,0.0,0.0,0.0,0
scene_08_50_000166,test,scene_08,scene_08,000166,50,50,scene_08,12,7,0.25,0,7,12,0.0,0.0,0.0,5
scene_08_50_000166,test,scene_08,scene_08,000166,50,50,scene_08,12,7,0.5,0,7,12,0.0,0.0,0.0,5
scene_08_50_000167,test,scene_08,scene_08,000167,50,50,scene_08,15,5,0.25,0,5,15,0.0,0.0,0.0,10
scene_08_50_000167,test,scene_08,scene_08,000167,50,50,scene_08,15,5,0.5,0,5,15,0.0,0.0,0.0,10
scene_08_50_000168,test,scene_08,scene_08,000168,50,50,scene_08,17,2,0.25,0,2,17,0.0,0.0,0.0,15
scene_08_50_000168,test,scene_08,scene_08,000168,50,50,scene_08,17,2,0.5,0,2,17,0.0,0.0,0.0,15
scene_08_50_000169,test,scene_08,scene_08,000169,50,50,scene_08,19,4,0.25,0,4,19,0.0,0.0,0.0,15
scene_08_50_000169,test,scene_08,scene_08,000169,50,50,scene_08,19,4,0.5,0,4,19,0.0,0.0,0.0,15
scene_08_50_000170,test,scene_08,scene_08,000170,50,50,scene_08,21,3,0.25,0,3,21,0.0,0.0,0.0,18
scene_08_50_000170,test,scene_08,scene_08,000170,50,50,scene_08,21,3,0.5,0,3,21,0.0,0.0,0.0,18
scene_08_50_000171,test,scene_08,scene_08,000171,50,50,scene_08,16,5,0.25,0,5,16,0.0,0.0,0.0,11
scene_08_50_000171,test,scene_08,scene_08,000171,50,50,scene_08,16,5,0.5,0,5,16,0.0,0.0,0.0,11
scene_08_50_000172,test,scene_08,scene_08,000172,50,50,scene_08,14,5,0.25,0,5,14,0.0,0.0,0.0,9
scene_08_50_000172,test,scene_08,scene_08,000172,50,50,scene_08,14,5,0.5,0,5,14,0.0,0.0,0.0,9
scene_08_50_000173,test,scene_08,scene_08,000173,50,50,scene_08,11,6,0.25,0,6,11,0.0,0.0,0.0,5
scene_08_50_000173,test,scene_08,scene_08,000173,50,50,scene_08,11,6,0.5,0,6,11,0.0,0.0,0.0,5
scene_08_50_000174,test,scene_08,scene_08,000174,50,50,scene_08,10,6,0.25,0,6,10,0.0,0.0,0.0,4
scene_08_50_000174,test,scene_08,scene_08,000174,50,50,scene_08,10,6,0.5,0,6,10,0.0,0.0,0.0,4
scene_08_50_000175,test,scene_08,scene_08,000175,50,50,scene_08,11,6,0.25,0,6,11,0.0,0.0,0.0,5
scene_08_50_000175,test,scene_08,scene_08,000175,50,50,scene_08,11,6,0.5,0,6,11,0.0,0.0,0.0,5
scene_08_50_000176,test,scene_08,scene_08,000176,50,50,scene_08,6,13,0.25,0,13,6,0.0,0.0,0.0,7
scene_08_50_000176,test,scene_08,scene_08,000176,50,50,scene_08,6,13,0.5,0,13,6,0.0,0.0,0.0,7
scene_08_50_000177,test,scene_08,scene_08,000177,50,50,scene_08,3,8,0.25,0,8,3,0.0,0.0,0.0,5
scene_08_50_000177,test,scene_08,scene_08,000177,50,50,scene_08,3,8,0.5,0,8,3,0.0,0.0,0.0,5
scene_08_50_000178,test,scene_08,scene_08,000178,50,50,scene_08,6,9,0.25,0,9,6,0.0,0.0,0.0,3
scene_08_50_000178,test,scene_08,scene_08,000178,50,50,scene_08,6,9,0.5,0,9,6,0.0,0.0,0.0,3
scene_08_50_000179,test,scene_08,scene_08,000179,50,50,scene_08,4,10,0.25,1,9,3,0.1,0.25,0.14285714285714285,6
scene_08_50_000179,test,scene_08,scene_08,000179,50,50,scene_08,4,10,0.5,0,10,4,0.0,0.0,0.0,6
scene_08_50_000180,test,scene_08,scene_08,000180,50,50,scene_08,4,10,0.25,0,10,4,0.0,0.0,0.0,6
scene_08_50_000180,test,scene_08,scene_08,000180,50,50,scene_08,4,10,0.5,0,10,4,0.0,0.0,0.0,6
scene_08_50_000181,test,scene_08,scene_08,000181,50,50,scene_08,2,10,0.25,0,10,2,0.0,0.0,0.0,8
scene_08_50_000181,test,scene_08,scene_08,000181,50,50,scene_08,2,10,0.5,0,10,2,0.0,0.0,0.0,8
scene_09_30_000027,test,scene_09,scene_09,000027,30,30,scene_09,15,4,0.25,0,4,15,0.0,0.0,0.0,11
scene_09_30_000027,test,scene_09,scene_09,000027,30,30,scene_09,15,4,0.5,0,4,15,0.0,0.0,0.0,11
scene_09_30_000028,test,scene_09,scene_09,000028,30,30,scene_09,9,7,0.25,0,7,9,0.0,0.0,0.0,2
scene_09_30_000028,test,scene_09,scene_09,000028,30,30,scene_09,9,7,0.5,0,7,9,0.0,0.0,0.0,2
scene_09_30_000029,test,scene_09,scene_09,000029,30,30,scene_09,9,3,0.25,0,3,9,0.0,0.0,0.0,6
scene_09_30_000029,test,scene_09,scene_09,000029,30,30,scene_09,9,3,0.5,0,3,9,0.0,0.0,0.0,6
scene_09_30_000030,test,scene_09,scene_09,000030,30,30,scene_09,11,3,0.25,0,3,11,0.0,0.0,0.0,8
scene_09_30_000030,test,scene_09,scene_09,000030,30,30,scene_09,11,3,0.5,0,3,11,0.0,0.0,0.0,8
scene_09_30_000031,test,scene_09,scene_09,000031,30,30,scene_09,10,6,0.25,0,6,10,0.0,0.0,0.0,4
scene_09_30_000031,test,scene_09,scene_09,000031,30,30,scene_09,10,6,0.5,0,6,10,0.0,0.0,0.0,4
scene_09_30_000032,test,scene_09,scene_09,000032,30,30,scene_09,10,2,0.25,0,2,10,0.0,0.0,0.0,8
scene_09_30_000032,test,scene_09,scene_09,000032,30,30,scene_09,10,2,0.5,0,2,10,0.0,0.0,0.0,8
scene_09_30_000033,test,scene_09,scene_09,000033,30,30,scene_09,13,5,0.25,0,5,13,0.0,0.0,0.0,8
scene_09_30_000033,test,scene_09,scene_09,000033,30,30,scene_09,13,5,0.5,0,5,13,0.0,0.0,0.0,8
scene_09_30_000034,test,scene_09,scene_09,000034,30,30,scene_09,8,1,0.25,0,1,8,0.0,0.0,0.0,7
scene_09_30_000034,test,scene_09,scene_09,000034,30,30,scene_09,8,1,0.5,0,1,8,0.0,0.0,0.0,7
scene_09_30_000035,test,scene_09,scene_09,000035,30,30,scene_09,13,3,0.25,0,3,13,0.0,0.0,0.0,10
scene_09_30_000035,test,scene_09,scene_09,000035,30,30,scene_09,13,3,0.5,0,3,13,0.0,0.0,0.0,10
scene_09_30_000061,test,scene_09,scene_09,000061,30,30,scene_09,14,6,0.25,0,6,14,0.0,0.0,0.0,8
scene_09_30_000061,test,scene_09,scene_09,000061,30,30,scene_09,14,6,0.5,0,6,14,0.0,0.0,0.0,8
scene_09_30_000062,test,scene_09,scene_09,000062,30,30,scene_09,13,0,0.25,0,0,13,0.0,0.0,0.0,13
scene_09_30_000062,test,scene_09,scene_09,000062,30,30,scene_09,13,0,0.5,0,0,13,0.0,0.0,0.0,13
scene_09_30_000063,test,scene_09,scene_09,000063,30,30,scene_09,15,0,0.25,0,0,15,0.0,0.0,0.0,15
scene_09_30_000063,test,scene_09,scene_09,000063,30,30,scene_09,15,0,0.5,0,0,15,0.0,0.0,0.0,15
scene_09_30_000064,test,scene_09,scene_09,000064,30,30,scene_09,16,2,0.25,0,2,16,0.0,0.0,0.0,14
scene_09_30_000064,test,scene_09,scene_09,000064,30,30,scene_09,16,2,0.5,0,2,16,0.0,0.0,0.0,14
scene_09_30_000065,test,scene_09,scene_09,000065,30,30,scene_09,12,1,0.25,0,1,12,0.0,0.0,0.0,11
scene_09_30_000065,test,scene_09,scene_09,000065,30,30,scene_09,12,1,0.5,0,1,12,0.0,0.0,0.0,11
scene_09_30_000088,test,scene_09,scene_09,000088,30,30,scene_09,11,9,0.25,0,9,11,0.0,0.0,0.0,2
scene_09_30_000088,test,scene_09,scene_09,000088,30,30,scene_09,11,9,0.5,0,9,11,0.0,0.0,0.0,2
scene_09_30_000089,test,scene_09,scene_09,000089,30,30,scene_09,12,6,0.25,0,6,12,0.0,0.0,0.0,6
scene_09_30_000089,test,scene_09,scene_09,000089,30,30,scene_09,12,6,0.5,0,6,12,0.0,0.0,0.0,6
scene_09_30_000090,test,scene_09,scene_09,000090,30,30,scene_09,17,6,0.25,0,6,17,0.0,0.0,0.0,11
scene_09_30_000090,test,scene_09,scene_09,000090,30,30,scene_09,17,6,0.5,0,6,17,0.0,0.0,0.0,11
scene_09_30_000091,test,scene_09,scene_09,000091,30,30,scene_09,18,6,0.25,0,6,18,0.0,0.0,0.0,12
scene_09_30_000091,test,scene_09,scene_09,000091,30,30,scene_09,18,6,0.5,0,6,18,0.0,0.0,0.0,12
scene_09_30_000092,test,scene_09,scene_09,000092,30,30,scene_09,17,4,0.25,0,4,17,0.0,0.0,0.0,13
scene_09_30_000092,test,scene_09,scene_09,000092,30,30,scene_09,17,4,0.5,0,4,17,0.0,0.0,0.0,13
scene_09_30_000093,test,scene_09,scene_09,000093,30,30,scene_09,16,2,0.25,0,2,16,0.0,0.0,0.0,14
scene_09_30_000093,test,scene_09,scene_09,000093,30,30,scene_09,16,2,0.5,0,2,16,0.0,0.0,0.0,14
scene_09_30_000094,test,scene_09,scene_09,000094,30,30,scene_09,15,0,0.25,0,0,15,0.0,0.0,0.0,15
scene_09_30_000094,test,scene_09,scene_09,000094,30,30,scene_09,15,0,0.5,0,0,15,0.0,0.0,0.0,15
scene_09_30_000095,test,scene_09,scene_09,000095,30,30,scene_09,22,0,0.25,0,0,22,0.0,0.0,0.0,22
scene_09_30_000095,test,scene_09,scene_09,000095,30,30,scene_09,22,0,0.5,0,0,22,0.0,0.0,0.0,22
scene_09_30_000096,test,scene_09,scene_09,000096,30,30,scene_09,20,0,0.25,0,0,20,0.0,0.0,0.0,20
scene_09_30_000096,test,scene_09,scene_09,000096,30,30,scene_09,20,0,0.5,0,0,20,0.0,0.0,0.0,20
scene_09_30_000097,test,scene_09,scene_09,000097,30,30,scene_09,14,0,0.25,0,0,14,0.0,0.0,0.0,14
scene_09_30_000097,test,scene_09,scene_09,000097,30,30,scene_09,14,0,0.5,0,0,14,0.0,0.0,0.0,14
scene_09_30_000098,test,scene_09,scene_09,000098,30,30,scene_09,15,2,0.25,0,2,15,0.0,0.0,0.0,13
scene_09_30_000098,test,scene_09,scene_09,000098,30,30,scene_09,15,2,0.5,0,2,15,0.0,0.0,0.0,13
scene_09_30_000135,test,scene_09,scene_09,000135,30,30,scene_09,11,1,0.25,0,1,11,0.0,0.0,0.0,10
scene_09_30_000135,test,scene_09,scene_09,000135,30,30,scene_09,11,1,0.5,0,1,11,0.0,0.0,0.0,10
scene_09_30_000136,test,scene_09,scene_09,000136,30,30,scene_09,16,1,0.25,0,1,16,0.0,0.0,0.0,15
scene_09_30_000136,test,scene_09,scene_09,000136,30,30,scene_09,16,1,0.5,0,1,16,0.0,0.0,0.0,15
scene_09_30_000137,test,scene_09,scene_09,000137,30,30,scene_09,16,2,0.25,0,2,16,0.0,0.0,0.0,14
scene_09_30_000137,test,scene_09,scene_09,000137,30,30,scene_09,16,2,0.5,0,2,16,0.0,0.0,0.0,14
scene_09_30_000138,test,scene_09,scene_09,000138,30,30,scene_09,11,9,0.25,0,9,11,0.0,0.0,0.0,2
scene_09_30_000138,test,scene_09,scene_09,000138,30,30,scene_09,11,9,0.5,0,9,11,0.0,0.0,0.0,2
scene_09_30_000139,test,scene_09,scene_09,000139,30,30,scene_09,12,4,0.25,0,4,12,0.0,0.0,0.0,8
scene_09_30_000139,test,scene_09,scene_09,000139,30,30,scene_09,12,4,0.5,0,4,12,0.0,0.0,0.0,8
scene_09_30_000140,test,scene_09,scene_09,000140,30,30,scene_09,12,12,0.25,0,12,12,0.0,0.0,0.0,0
scene_09_30_000140,test,scene_09,scene_09,000140,30,30,scene_09,12,12,0.5,0,12,12,0.0,0.0,0.0,0
scene_09_30_000141,test,scene_09,scene_09,000141,30,30,scene_09,11,19,0.25,0,19,11,0.0,0.0,0.0,8
scene_09_30_000141,test,scene_09,scene_09,000141,30,30,scene_09,11,19,0.5,0,19,11,0.0,0.0,0.0,8
scene_09_30_000142,test,scene_09,scene_09,000142,30,30,scene_09,10,7,0.25,0,7,10,0.0,0.0,0.0,3
scene_09_30_000142,test,scene_09,scene_09,000142,30,30,scene_09,10,7,0.5,0,7,10,0.0,0.0,0.0,3
scene_09_30_000143,test,scene_09,scene_09,000143,30,30,scene_09,15,6,0.25,0,6,15,0.0,0.0,0.0,9
scene_09_30_000143,test,scene_09,scene_09,000143,30,30,scene_09,15,6,0.5,0,6,15,0.0,0.0,0.0,9
scene_09_30_000144,test,scene_09,scene_09,000144,30,30,scene_09,12,3,0.25,0,3,12,0.0,0.0,0.0,9
scene_09_30_000144,test,scene_09,scene_09,000144,30,30,scene_09,12,3,0.5,0,3,12,0.0,0.0,0.0,9
scene_09_30_000145,test,scene_09,scene_09,000145,30,30,scene_09,10,5,0.25,0,5,10,0.0,0.0,0.0,5
scene_09_30_000145,test,scene_09,scene_09,000145,30,30,scene_09,10,5,0.5,0,5,10,0.0,0.0,0.0,5
scene_09_30_000146,test,scene_09,scene_09,000146,30,30,scene_09,12,4,0.25,0,4,12,0.0,0.0,0.0,8
scene_09_30_000146,test,scene_09,scene_09,000146,30,30,scene_09,12,4,0.5,0,4,12,0.0,0.0,0.0,8
scene_09_30_000166,test,scene_09,scene_09,000166,30,30,scene_09,12,5,0.25,0,5,12,0.0,0.0,0.0,7
scene_09_30_000166,test,scene_09,scene_09,000166,30,30,scene_09,12,5,0.5,0,5,12,0.0,0.0,0.0,7
scene_09_30_000167,test,scene_09,scene_09,000167,30,30,scene_09,15,6,0.25,0,6,15,0.0,0.0,0.0,9
scene_09_30_000167,test,scene_09,scene_09,000167,30,30,scene_09,15,6,0.5,0,6,15,0.0,0.0,0.0,9
scene_09_30_000168,test,scene_09,scene_09,000168,30,30,scene_09,12,4,0.25,0,4,12,0.0,0.0,0.0,8
scene_09_30_000168,test,scene_09,scene_09,000168,30,30,scene_09,12,4,0.5,0,4,12,0.0,0.0,0.0,8
scene_09_30_000169,test,scene_09,scene_09,000169,30,30,scene_09,12,6,0.25,0,6,12,0.0,0.0,0.0,6
scene_09_30_000169,test,scene_09,scene_09,000169,30,30,scene_09,12,6,0.5,0,6,12,0.0,0.0,0.0,6
scene_09_30_000170,test,scene_09,scene_09,000170,30,30,scene_09,13,9,0.25,0,9,13,0.0,0.0,0.0,4
scene_09_30_000170,test,scene_09,scene_09,000170,30,30,scene_09,13,9,0.5,0,9,13,0.0,0.0,0.0,4
scene_09_30_000171,test,scene_09,scene_09,000171,30,30,scene_09,17,11,0.25,0,11,17,0.0,0.0,0.0,6
scene_09_30_000171,test,scene_09,scene_09,000171,30,30,scene_09,17,11,0.5,0,11,17,0.0,0.0,0.0,6
scene_09_30_000172,test,scene_09,scene_09,000172,30,30,scene_09,16,6,0.25,0,6,16,0.0,0.0,0.0,10
scene_09_30_000172,test,scene_09,scene_09,000172,30,30,scene_09,16,6,0.5,0,6,16,0.0,0.0,0.0,10
scene_09_30_000173,test,scene_09,scene_09,000173,30,30,scene_09,18,9,0.25,0,9,18,0.0,0.0,0.0,9
scene_09_30_000173,test,scene_09,scene_09,000173,30,30,scene_09,18,9,0.5,0,9,18,0.0,0.0,0.0,9
scene_09_30_000174,test,scene_09,scene_09,000174,30,30,scene_09,14,10,0.25,0,10,14,0.0,0.0,0.0,4
scene_09_30_000174,test,scene_09,scene_09,000174,30,30,scene_09,14,10,0.5,0,10,14,0.0,0.0,0.0,4
scene_09_30_000175,test,scene_09,scene_09,000175,30,30,scene_09,15,10,0.25,0,10,15,0.0,0.0,0.0,5
scene_09_30_000175,test,scene_09,scene_09,000175,30,30,scene_09,15,10,0.5,0,10,15,0.0,0.0,0.0,5
scene_09_30_000176,test,scene_09,scene_09,000176,30,30,scene_09,19,6,0.25,0,6,19,0.0,0.0,0.0,13
scene_09_30_000176,test,scene_09,scene_09,000176,30,30,scene_09,19,6,0.5,0,6,19,0.0,0.0,0.0,13
scene_09_30_000177,test,scene_09,scene_09,000177,30,30,scene_09,16,8,0.25,0,8,16,0.0,0.0,0.0,8
scene_09_30_000177,test,scene_09,scene_09,000177,30,30,scene_09,16,8,0.5,0,8,16,0.0,0.0,0.0,8
scene_09_30_000178,test,scene_09,scene_09,000178,30,30,scene_09,15,9,0.25,0,9,15,0.0,0.0,0.0,6
scene_09_30_000178,test,scene_09,scene_09,000178,30,30,scene_09,15,9,0.5,0,9,15,0.0,0.0,0.0,6
scene_09_30_000179,test,scene_09,scene_09,000179,30,30,scene_09,15,5,0.25,0,5,15,0.0,0.0,0.0,10
scene_09_30_000179,test,scene_09,scene_09,000179,30,30,scene_09,15,5,0.5,0,5,15,0.0,0.0,0.0,10
scene_09_30_000180,test,scene_09,scene_09,000180,30,30,scene_09,12,11,0.25,0,11,12,0.0,0.0,0.0,1
scene_09_30_000180,test,scene_09,scene_09,000180,30,30,scene_09,12,11,0.5,0,11,12,0.0,0.0,0.0,1
scene_09_30_000181,test,scene_09,scene_09,000181,30,30,scene_09,9,19,0.25,0,19,9,0.0,0.0,0.0,10
scene_09_30_000181,test,scene_09,scene_09,000181,30,30,scene_09,9,19,0.5,0,19,9,0.0,0.0,0.0,10
scene_09_30_000182,test,scene_09,scene_09,000182,30,30,scene_09,9,7,0.25,0,7,9,0.0,0.0,0.0,2
scene_09_30_000182,test,scene_09,scene_09,000182,30,30,scene_09,9,7,0.5,0,7,9,0.0,0.0,0.0,2
scene_09_30_000183,test,scene_09,scene_09,000183,30,30,scene_09,7,6,0.25,0,6,7,0.0,0.0,0.0,1
scene_09_30_000183,test,scene_09,scene_09,000183,30,30,scene_09,7,6,0.5,0,6,7,0.0,0.0,0.0,1
scene_09_30_000184,test,scene_09,scene_09,000184,30,30,scene_09,13,17,0.25,0,17,13,0.0,0.0,0.0,4
scene_09_30_000184,test,scene_09,scene_09,000184,30,30,scene_09,13,17,0.5,0,17,13,0.0,0.0,0.0,4
scene_09_30_000185,test,scene_09,scene_09,000185,30,30,scene_09,12,13,0.25,0,13,12,0.0,0.0,0.0,1
scene_09_30_000185,test,scene_09,scene_09,000185,30,30,scene_09,12,13,0.5,0,13,12,0.0,0.0,0.0,1
scene_09_30_000186,test,scene_09,scene_09,000186,30,30,scene_09,15,9,0.25,0,9,15,0.0,0.0,0.0,6
scene_09_30_000186,test,scene_09,scene_09,000186,30,30,scene_09,15,9,0.5,0,9,15,0.0,0.0,0.0,6
scene_09_30_000187,test,scene_09,scene_09,000187,30,30,scene_09,14,9,0.25,0,9,14,0.0,0.0,0.0,5
scene_09_30_000187,test,scene_09,scene_09,000187,30,30,scene_09,14,9,0.5,0,9,14,0.0,0.0,0.0,5
scene_09_30_000188,test,scene_09,scene_09,000188,30,30,scene_09,14,12,0.25,0,12,14,0.0,0.0,0.0,2
scene_09_30_000188,test,scene_09,scene_09,000188,30,30,scene_09,14,12,0.5,0,12,14,0.0,0.0,0.0,2
scene_09_30_000189,test,scene_09,scene_09,000189,30,30,scene_09,16,19,0.25,0,19,16,0.0,0.0,0.0,3
scene_09_30_000189,test,scene_09,scene_09,000189,30,30,scene_09,16,19,0.5,0,19,16,0.0,0.0,0.0,3
scene_09_30_000190,test,scene_09,scene_09,000190,30,30,scene_09,13,13,0.25,0,13,13,0.0,0.0,0.0,0
scene_09_30_000190,test,scene_09,scene_09,000190,30,30,scene_09,13,13,0.5,0,13,13,0.0,0.0,0.0,0
scene_09_30_000191,test,scene_09,scene_09,000191,30,30,scene_09,15,11,0.25,0,11,15,0.0,0.0,0.0,4
scene_09_30_000191,test,scene_09,scene_09,000191,30,30,scene_09,15,11,0.5,0,11,15,0.0,0.0,0.0,4
scene_09_30_000192,test,scene_09,scene_09,000192,30,30,scene_09,18,19,0.25,0,19,18,0.0,0.0,0.0,1
scene_09_30_000192,test,scene_09,scene_09,000192,30,30,scene_09,18,19,0.5,0,19,18,0.0,0.0,0.0,1
scene_09_30_000193,test,scene_09,scene_09,000193,30,30,scene_09,10,20,0.25,0,20,10,0.0,0.0,0.0,10
scene_09_30_000193,test,scene_09,scene_09,000193,30,30,scene_09,10,20,0.5,0,20,10,0.0,0.0,0.0,10
scene_09_30_000194,test,scene_09,scene_09,000194,30,30,scene_09,12,9,0.25,0,9,12,0.0,0.0,0.0,3
scene_09_30_000194,test,scene_09,scene_09,000194,30,30,scene_09,12,9,0.5,0,9,12,0.0,0.0,0.0,3
scene_09_30_000195,test,scene_09,scene_09,000195,30,30,scene_09,12,13,0.25,0,13,12,0.0,0.0,0.0,1
scene_09_30_000195,test,scene_09,scene_09,000195,30,30,scene_09,12,13,0.5,0,13,12,0.0,0.0,0.0,1
scene_09_30_000196,test,scene_09,scene_09,000196,30,30,scene_09,16,12,0.25,0,12,16,0.0,0.0,0.0,4
scene_09_30_000196,test,scene_09,scene_09,000196,30,30,scene_09,16,12,0.5,0,12,16,0.0,0.0,0.0,4
scene_09_30_000197,test,scene_09,scene_09,000197,30,30,scene_09,15,7,0.25,0,7,15,0.0,0.0,0.0,8
scene_09_30_000197,test,scene_09,scene_09,000197,30,30,scene_09,15,7,0.5,0,7,15,0.0,0.0,0.0,8
scene_09_30_000198,test,scene_09,scene_09,000198,30,30,scene_09,9,10,0.25,0,10,9,0.0,0.0,0.0,1
scene_09_30_000198,test,scene_09,scene_09,000198,30,30,scene_09,9,10,0.5,0,10,9,0.0,0.0,0.0,1
scene_09_30_000199,test,scene_09,scene_09,000199,30,30,scene_09,12,11,0.25,0,11,12,0.0,0.0,0.0,1
scene_09_30_000199,test,scene_09,scene_09,000199,30,30,scene_09,12,11,0.5,0,11,12,0.0,0.0,0.0,1
scene_09_30_000200,test,scene_09,scene_09,000200,30,30,scene_09,13,7,0.25,0,7,13,0.0,0.0,0.0,6
scene_09_30_000200,test,scene_09,scene_09,000200,30,30,scene_09,13,7,0.5,0,7,13,0.0,0.0,0.0,6
scene_09_30_000201,test,scene_09,scene_09,000201,30,30,scene_09,8,10,0.25,0,10,8,0.0,0.0,0.0,2
scene_09_30_000201,test,scene_09,scene_09,000201,30,30,scene_09,8,10,0.5,0,10,8,0.0,0.0,0.0,2
scene_09_30_000202,test,scene_09,scene_09,000202,30,30,scene_09,9,7,0.25,0,7,9,0.0,0.0,0.0,2
scene_09_30_000202,test,scene_09,scene_09,000202,30,30,scene_09,9,7,0.5,0,7,9,0.0,0.0,0.0,2
scene_09_30_000203,test,scene_09,scene_09,000203,30,30,scene_09,14,11,0.25,0,11,14,0.0,0.0,0.0,3
scene_09_30_000203,test,scene_09,scene_09,000203,30,30,scene_09,14,11,0.5,0,11,14,0.0,0.0,0.0,3
scene_09_30_000204,test,scene_09,scene_09,000204,30,30,scene_09,17,9,0.25,0,9,17,0.0,0.0,0.0,8
scene_09_30_000204,test,scene_09,scene_09,000204,30,30,scene_09,17,9,0.5,0,9,17,0.0,0.0,0.0,8
scene_09_30_000205,test,scene_09,scene_09,000205,30,30,scene_09,19,0,0.25,0,0,19,0.0,0.0,0.0,19
scene_09_30_000205,test,scene_09,scene_09,000205,30,30,scene_09,19,0,0.5,0,0,19,0.0,0.0,0.0,19
scene_09_30_000206,test,scene_09,scene_09,000206,30,30,scene_09,6,0,0.25,0,0,6,0.0,0.0,0.0,6
scene_09_30_000206,test,scene_09,scene_09,000206,30,30,scene_09,6,0,0.5,0,0,6,0.0,0.0,0.0,6
scene_09_30_000237,test,scene_09,scene_09,000237,30,30,scene_09,17,1,0.25,0,1,17,0.0,0.0,0.0,16
scene_09_30_000237,test,scene_09,scene_09,000237,30,30,scene_09,17,1,0.5,0,1,17,0.0,0.0,0.0,16
scene_09_30_000238,test,scene_09,scene_09,000238,30,30,scene_09,19,7,0.25,0,7,19,0.0,0.0,0.0,12
scene_09_30_000238,test,scene_09,scene_09,000238,30,30,scene_09,19,7,0.5,0,7,19,0.0,0.0,0.0,12
scene_09_30_000239,test,scene_09,scene_09,000239,30,30,scene_09,19,5,0.25,0,5,19,0.0,0.0,0.0,14
scene_09_30_000239,test,scene_09,scene_09,000239,30,30,scene_09,19,5,0.5,0,5,19,0.0,0.0,0.0,14
scene_09_40_000014,test,scene_09,scene_09,000014,40,40,scene_09,10,4,0.25,0,4,10,0.0,0.0,0.0,6
scene_09_40_000014,test,scene_09,scene_09,000014,40,40,scene_09,10,4,0.5,0,4,10,0.0,0.0,0.0,6
scene_09_40_000015,test,scene_09,scene_09,000015,40,40,scene_09,13,0,0.25,0,0,13,0.0,0.0,0.0,13
scene_09_40_000015,test,scene_09,scene_09,000015,40,40,scene_09,13,0,0.5,0,0,13,0.0,0.0,0.0,13
scene_09_40_000016,test,scene_09,scene_09,000016,40,40,scene_09,13,7,0.25,0,7,13,0.0,0.0,0.0,6
scene_09_40_000016,test,scene_09,scene_09,000016,40,40,scene_09,13,7,0.5,0,7,13,0.0,0.0,0.0,6
scene_09_40_000017,test,scene_09,scene_09,000017,40,40,scene_09,11,7,0.25,0,7,11,0.0,0.0,0.0,4
scene_09_40_000017,test,scene_09,scene_09,000017,40,40,scene_09,11,7,0.5,0,7,11,0.0,0.0,0.0,4
scene_09_40_000018,test,scene_09,scene_09,000018,40,40,scene_09,9,7,0.25,0,7,9,0.0,0.0,0.0,2
scene_09_40_000018,test,scene_09,scene_09,000018,40,40,scene_09,9,7,0.5,0,7,9,0.0,0.0,0.0,2
scene_09_40_000019,test,scene_09,scene_09,000019,40,40,scene_09,10,11,0.25,0,11,10,0.0,0.0,0.0,1
scene_09_40_000019,test,scene_09,scene_09,000019,40,40,scene_09,10,11,0.5,0,11,10,0.0,0.0,0.0,1
scene_09_40_000020,test,scene_09,scene_09,000020,40,40,scene_09,17,8,0.25,0,8,17,0.0,0.0,0.0,9
scene_09_40_000020,test,scene_09,scene_09,000020,40,40,scene_09,17,8,0.5,0,8,17,0.0,0.0,0.0,9
scene_09_40_000021,test,scene_09,scene_09,000021,40,40,scene_09,9,8,0.25,0,8,9,0.0,0.0,0.0,1
scene_09_40_000021,test,scene_09,scene_09,000021,40,40,scene_09,9,8,0.5,0,8,9,0.0,0.0,0.0,1
scene_09_40_000022,test,scene_09,scene_09,000022,40,40,scene_09,11,4,0.25,0,4,11,0.0,0.0,0.0,7
scene_09_40_000022,test,scene_09,scene_09,000022,40,40,scene_09,11,4,0.5,0,4,11,0.0,0.0,0.0,7
scene_09_40_000023,test,scene_09,scene_09,000023,40,40,scene_09,7,2,0.25,0,2,7,0.0,0.0,0.0,5
scene_09_40_000023,test,scene_09,scene_09,000023,40,40,scene_09,7,2,0.5,0,2,7,0.0,0.0,0.0,5
scene_09_40_000052,test,scene_09,scene_09,000052,40,40,scene_09,11,7,0.25,0,7,11,0.0,0.0,0.0,4
scene_09_40_000052,test,scene_09,scene_09,000052,40,40,scene_09,11,7,0.5,0,7,11,0.0,0.0,0.0,4
scene_09_40_000053,test,scene_09,scene_09,000053,40,40,scene_09,17,1,0.25,0,1,17,0.0,0.0,0.0,16
scene_09_40_000053,test,scene_09,scene_09,000053,40,40,scene_09,17,1,0.5,0,1,17,0.0,0.0,0.0,16
scene_09_40_000054,test,scene_09,scene_09,000054,40,40,scene_09,10,0,0.25,0,0,10,0.0,0.0,0.0,10
scene_09_40_000054,test,scene_09,scene_09,000054,40,40,scene_09,10,0,0.5,0,0,10,0.0,0.0,0.0,10
scene_09_40_000055,test,scene_09,scene_09,000055,40,40,scene_09,12,6,0.25,0,6,12,0.0,0.0,0.0,6
scene_09_40_000055,test,scene_09,scene_09,000055,40,40,scene_09,12,6,0.5,0,6,12,0.0,0.0,0.0,6
scene_09_40_000056,test,scene_09,scene_09,000056,40,40,scene_09,15,8,0.25,0,8,15,0.0,0.0,0.0,7
scene_09_40_000056,test,scene_09,scene_09,000056,40,40,scene_09,15,8,0.5,0,8,15,0.0,0.0,0.0,7
scene_09_40_000057,test,scene_09,scene_09,000057,40,40,scene_09,14,11,0.25,0,11,14,0.0,0.0,0.0,3
scene_09_40_000057,test,scene_09,scene_09,000057,40,40,scene_09,14,11,0.5,0,11,14,0.0,0.0,0.0,3
scene_09_40_000058,test,scene_09,scene_09,000058,40,40,scene_09,14,10,0.25,0,10,14,0.0,0.0,0.0,4
scene_09_40_000058,test,scene_09,scene_09,000058,40,40,scene_09,14,10,0.5,0,10,14,0.0,0.0,0.0,4
scene_09_40_000059,test,scene_09,scene_09,000059,40,40,scene_09,16,5,0.25,0,5,16,0.0,0.0,0.0,11
scene_09_40_000059,test,scene_09,scene_09,000059,40,40,scene_09,16,5,0.5,0,5,16,0.0,0.0,0.0,11
scene_09_40_000060,test,scene_09,scene_09,000060,40,40,scene_09,18,7,0.25,0,7,18,0.0,0.0,0.0,11
scene_09_40_000060,test,scene_09,scene_09,000060,40,40,scene_09,18,7,0.5,0,7,18,0.0,0.0,0.0,11
scene_09_40_000061,test,scene_09,scene_09,000061,40,40,scene_09,13,0,0.25,0,0,13,0.0,0.0,0.0,13
scene_09_40_000061,test,scene_09,scene_09,000061,40,40,scene_09,13,0,0.5,0,0,13,0.0,0.0,0.0,13
scene_09_40_000062,test,scene_09,scene_09,000062,40,40,scene_09,15,0,0.25,0,0,15,0.0,0.0,0.0,15
scene_09_40_000062,test,scene_09,scene_09,000062,40,40,scene_09,15,0,0.5,0,0,15,0.0,0.0,0.0,15
scene_09_40_000063,test,scene_09,scene_09,000063,40,40,scene_09,10,0,0.25,0,0,10,0.0,0.0,0.0,10
scene_09_40_000063,test,scene_09,scene_09,000063,40,40,scene_09,10,0,0.5,0,0,10,0.0,0.0,0.0,10
scene_09_40_000092,test,scene_09,scene_09,000092,40,40,scene_09,12,1,0.25,0,1,12,0.0,0.0,0.0,11
scene_09_40_000092,test,scene_09,scene_09,000092,40,40,scene_09,12,1,0.5,0,1,12,0.0,0.0,0.0,11
scene_09_40_000093,test,scene_09,scene_09,000093,40,40,scene_09,15,0,0.25,0,0,15,0.0,0.0,0.0,15
scene_09_40_000093,test,scene_09,scene_09,000093,40,40,scene_09,15,0,0.5,0,0,15,0.0,0.0,0.0,15
scene_09_40_000094,test,scene_09,scene_09,000094,40,40,scene_09,14,0,0.25,0,0,14,0.0,0.0,0.0,14
scene_09_40_000094,test,scene_09,scene_09,000094,40,40,scene_09,14,0,0.5,0,0,14,0.0,0.0,0.0,14
scene_09_40_000095,test,scene_09,scene_09,000095,40,40,scene_09,16,8,0.25,0,8,16,0.0,0.0,0.0,8
scene_09_40_000095,test,scene_09,scene_09,000095,40,40,scene_09,16,8,0.5,0,8,16,0.0,0.0,0.0,8
scene_09_40_000096,test,scene_09,scene_09,000096,40,40,scene_09,17,8,0.25,0,8,17,0.0,0.0,0.0,9
scene_09_40_000096,test,scene_09,scene_09,000096,40,40,scene_09,17,8,0.5,0,8,17,0.0,0.0,0.0,9
scene_09_40_000097,test,scene_09,scene_09,000097,40,40,scene_09,10,11,0.25,0,11,10,0.0,0.0,0.0,1
scene_09_40_000097,test,scene_09,scene_09,000097,40,40,scene_09,10,11,0.5,0,11,10,0.0,0.0,0.0,1
scene_09_40_000098,test,scene_09,scene_09,000098,40,40,scene_09,16,11,0.25,0,11,16,0.0,0.0,0.0,5
scene_09_40_000098,test,scene_09,scene_09,000098,40,40,scene_09,16,11,0.5,0,11,16,0.0,0.0,0.0,5
scene_09_40_000099,test,scene_09,scene_09,000099,40,40,scene_09,16,4,0.25,0,4,16,0.0,0.0,0.0,12
scene_09_40_000099,test,scene_09,scene_09,000099,40,40,scene_09,16,4,0.5,0,4,16,0.0,0.0,0.0,12
scene_09_40_000100,test,scene_09,scene_09,000100,40,40,scene_09,12,1,0.25,0,1,12,0.0,0.0,0.0,11
scene_09_40_000100,test,scene_09,scene_09,000100,40,40,scene_09,12,1,0.5,0,1,12,0.0,0.0,0.0,11
scene_09_40_000101,test,scene_09,scene_09,000101,40,40,scene_09,12,0,0.25,0,0,12,0.0,0.0,0.0,12
scene_09_40_000101,test,scene_09,scene_09,000101,40,40,scene_09,12,0,0.5,0,0,12,0.0,0.0,0.0,12
scene_09_40_000102,test,scene_09,scene_09,000102,40,40,scene_09,11,1,0.25,0,1,11,0.0,0.0,0.0,10
scene_09_40_000102,test,scene_09,scene_09,000102,40,40,scene_09,11,1,0.5,0,1,11,0.0,0.0,0.0,10
scene_09_40_000132,test,scene_09,scene_09,000132,40,40,scene_09,10,0,0.25,0,0,10,0.0,0.0,0.0,10
scene_09_40_000132,test,scene_09,scene_09,000132,40,40,scene_09,10,0,0.5,0,0,10,0.0,0.0,0.0,10
scene_09_40_000133,test,scene_09,scene_09,000133,40,40,scene_09,12,0,0.25,0,0,12,0.0,0.0,0.0,12
scene_09_40_000133,test,scene_09,scene_09,000133,40,40,scene_09,12,0,0.5,0,0,12,0.0,0.0,0.0,12
scene_09_40_000134,test,scene_09,scene_09,000134,40,40,scene_09,14,1,0.25,0,1,14,0.0,0.0,0.0,13
scene_09_40_000134,test,scene_09,scene_09,000134,40,40,scene_09,14,1,0.5,0,1,14,0.0,0.0,0.0,13
scene_09_40_000135,test,scene_09,scene_09,000135,40,40,scene_09,19,4,0.25,0,4,19,0.0,0.0,0.0,15
scene_09_40_000135,test,scene_09,scene_09,000135,40,40,scene_09,19,4,0.5,0,4,19,0.0,0.0,0.0,15
scene_09_40_000136,test,scene_09,scene_09,000136,40,40,scene_09,16,6,0.25,0,6,16,0.0,0.0,0.0,10
scene_09_40_000136,test,scene_09,scene_09,000136,40,40,scene_09,16,6,0.5,0,6,16,0.0,0.0,0.0,10
scene_09_40_000137,test,scene_09,scene_09,000137,40,40,scene_09,12,9,0.25,0,9,12,0.0,0.0,0.0,3
scene_09_40_000137,test,scene_09,scene_09,000137,40,40,scene_09,12,9,0.5,0,9,12,0.0,0.0,0.0,3
scene_09_40_000138,test,scene_09,scene_09,000138,40,40,scene_09,16,7,0.25,0,7,16,0.0,0.0,0.0,9
scene_09_40_000138,test,scene_09,scene_09,000138,40,40,scene_09,16,7,0.5,0,7,16,0.0,0.0,0.0,9
scene_09_40_000139,test,scene_09,scene_09,000139,40,40,scene_09,22,6,0.25,0,6,22,0.0,0.0,0.0,16
scene_09_40_000139,test,scene_09,scene_09,000139,40,40,scene_09,22,6,0.5,0,6,22,0.0,0.0,0.0,16
scene_09_40_000140,test,scene_09,scene_09,000140,40,40,scene_09,14,3,0.25,0,3,14,0.0,0.0,0.0,11
scene_09_40_000140,test,scene_09,scene_09,000140,40,40,scene_09,14,3,0.5,0,3,14,0.0,0.0,0.0,11
scene_09_40_000141,test,scene_09,scene_09,000141,40,40,scene_09,20,0,0.25,0,0,20,0.0,0.0,0.0,20
scene_09_40_000141,test,scene_09,scene_09,000141,40,40,scene_09,20,0,0.5,0,0,20,0.0,0.0,0.0,20
scene_09_40_000142,test,scene_09,scene_09,000142,40,40,scene_09,13,0,0.25,0,0,13,0.0,0.0,0.0,13
scene_09_40_000142,test,scene_09,scene_09,000142,40,40,scene_09,13,0,0.5,0,0,13,0.0,0.0,0.0,13
scene_09_40_000172,test,scene_09,scene_09,000172,40,40,scene_09,11,0,0.25,0,0,11,0.0,0.0,0.0,11
scene_09_40_000172,test,scene_09,scene_09,000172,40,40,scene_09,11,0,0.5,0,0,11,0.0,0.0,0.0,11
scene_09_40_000173,test,scene_09,scene_09,000173,40,40,scene_09,15,0,0.25,0,0,15,0.0,0.0,0.0,15
scene_09_40_000173,test,scene_09,scene_09,000173,40,40,scene_09,15,0,0.5,0,0,15,0.0,0.0,0.0,15
scene_09_40_000174,test,scene_09,scene_09,000174,40,40,scene_09,14,3,0.25,0,3,14,0.0,0.0,0.0,11
scene_09_40_000174,test,scene_09,scene_09,000174,40,40,scene_09,14,3,0.5,0,3,14,0.0,0.0,0.0,11
scene_09_40_000175,test,scene_09,scene_09,000175,40,40,scene_09,21,4,0.25,0,4,21,0.0,0.0,0.0,17
scene_09_40_000175,test,scene_09,scene_09,000175,40,40,scene_09,21,4,0.5,0,4,21,0.0,0.0,0.0,17
scene_09_40_000176,test,scene_09,scene_09,000176,40,40,scene_09,17,6,0.25,0,6,17,0.0,0.0,0.0,11
scene_09_40_000176,test,scene_09,scene_09,000176,40,40,scene_09,17,6,0.5,0,6,17,0.0,0.0,0.0,11
scene_09_40_000177,test,scene_09,scene_09,000177,40,40,scene_09,12,9,0.25,0,9,12,0.0,0.0,0.0,3
scene_09_40_000177,test,scene_09,scene_09,000177,40,40,scene_09,12,9,0.5,0,9,12,0.0,0.0,0.0,3
scene_09_40_000178,test,scene_09,scene_09,000178,40,40,scene_09,14,5,0.25,0,5,14,0.0,0.0,0.0,9
scene_09_40_000178,test,scene_09,scene_09,000178,40,40,scene_09,14,5,0.5,0,5,14,0.0,0.0,0.0,9
scene_09_40_000179,test,scene_09,scene_09,000179,40,40,scene_09,18,5,0.25,0,5,18,0.0,0.0,0.0,13
scene_09_40_000179,test,scene_09,scene_09,000179,40,40,scene_09,18,5,0.5,0,5,18,0.0,0.0,0.0,13
scene_09_40_000180,test,scene_09,scene_09,000180,40,40,scene_09,13,2,0.25,0,2,13,0.0,0.0,0.0,11
scene_09_40_000180,test,scene_09,scene_09,000180,40,40,scene_09,13,2,0.5,0,2,13,0.0,0.0,0.0,11
scene_09_40_000181,test,scene_09,scene_09,000181,40,40,scene_09,15,0,0.25,0,0,15,0.0,0.0,0.0,15
scene_09_40_000181,test,scene_09,scene_09,000181,40,40,scene_09,15,0,0.5,0,0,15,0.0,0.0,0.0,15
scene_09_40_000182,test,scene_09,scene_09,000182,40,40,scene_09,14,2,0.25,0,2,14,0.0,0.0,0.0,12
scene_09_40_000182,test,scene_09,scene_09,000182,40,40,scene_09,14,2,0.5,0,2,14,0.0,0.0,0.0,12
scene_09_40_000212,test,scene_09,scene_09,000212,40,40,scene_09,8,0,0.25,0,0,8,0.0,0.0,0.0,8
scene_09_40_000212,test,scene_09,scene_09,000212,40,40,scene_09,8,0,0.5,0,0,8,0.0,0.0,0.0,8
scene_09_40_000213,test,scene_09,scene_09,000213,40,40,scene_09,14,0,0.25,0,0,14,0.0,0.0,0.0,14
scene_09_40_000213,test,scene_09,scene_09,000213,40,40,scene_09,14,0,0.5,0,0,14,0.0,0.0,0.0,14
scene_09_40_000214,test,scene_09,scene_09,000214,40,40,scene_09,10,1,0.25,0,1,10,0.0,0.0,0.0,9
scene_09_40_000214,test,scene_09,scene_09,000214,40,40,scene_09,10,1,0.5,0,1,10,0.0,0.0,0.0,9
scene_09_40_000215,test,scene_09,scene_09,000215,40,40,scene_09,14,7,0.25,0,7,14,0.0,0.0,0.0,7
scene_09_40_000215,test,scene_09,scene_09,000215,40,40,scene_09,14,7,0.5,0,7,14,0.0,0.0,0.0,7
scene_09_40_000216,test,scene_09,scene_09,000216,40,40,scene_09,14,6,0.25,0,6,14,0.0,0.0,0.0,8
scene_09_40_000216,test,scene_09,scene_09,000216,40,40,scene_09,14,6,0.5,0,6,14,0.0,0.0,0.0,8
scene_09_40_000217,test,scene_09,scene_09,000217,40,40,scene_09,11,19,0.25,0,19,11,0.0,0.0,0.0,8
scene_09_40_000217,test,scene_09,scene_09,000217,40,40,scene_09,11,19,0.5,0,19,11,0.0,0.0,0.0,8
scene_09_40_000218,test,scene_09,scene_09,000218,40,40,scene_09,13,22,0.25,0,22,13,0.0,0.0,0.0,9
scene_09_40_000218,test,scene_09,scene_09,000218,40,40,scene_09,13,22,0.5,0,22,13,0.0,0.0,0.0,9
scene_09_40_000219,test,scene_09,scene_09,000219,40,40,scene_09,11,12,0.25,0,12,11,0.0,0.0,0.0,1
scene_09_40_000219,test,scene_09,scene_09,000219,40,40,scene_09,11,12,0.5,0,12,11,0.0,0.0,0.0,1
scene_09_40_000220,test,scene_09,scene_09,000220,40,40,scene_09,10,3,0.25,0,3,10,0.0,0.0,0.0,7
scene_09_40_000220,test,scene_09,scene_09,000220,40,40,scene_09,10,3,0.5,0,3,10,0.0,0.0,0.0,7
scene_09_40_000221,test,scene_09,scene_09,000221,40,40,scene_09,12,0,0.25,0,0,12,0.0,0.0,0.0,12
scene_09_40_000221,test,scene_09,scene_09,000221,40,40,scene_09,12,0,0.5,0,0,12,0.0,0.0,0.0,12
scene_09_40_000222,test,scene_09,scene_09,000222,40,40,scene_09,22,0,0.25,0,0,22,0.0,0.0,0.0,22
scene_09_40_000222,test,scene_09,scene_09,000222,40,40,scene_09,22,0,0.5,0,0,22,0.0,0.0,0.0,22
scene_09_40_000253,test,scene_09,scene_09,000253,40,40,scene_09,14,1,0.25,0,1,14,0.0,0.0,0.0,13
scene_09_40_000253,test,scene_09,scene_09,000253,40,40,scene_09,14,1,0.5,0,1,14,0.0,0.0,0.0,13
scene_09_40_000254,test,scene_09,scene_09,000254,40,40,scene_09,8,0,0.25,0,0,8,0.0,0.0,0.0,8
scene_09_40_000254,test,scene_09,scene_09,000254,40,40,scene_09,8,0,0.5,0,0,8,0.0,0.0,0.0,8
scene_09_40_000255,test,scene_09,scene_09,000255,40,40,scene_09,7,3,0.25,0,3,7,0.0,0.0,0.0,4
scene_09_40_000255,test,scene_09,scene_09,000255,40,40,scene_09,7,3,0.5,0,3,7,0.0,0.0,0.0,4
scene_09_40_000256,test,scene_09,scene_09,000256,40,40,scene_09,10,8,0.25,0,8,10,0.0,0.0,0.0,2
scene_09_40_000256,test,scene_09,scene_09,000256,40,40,scene_09,10,8,0.5,0,8,10,0.0,0.0,0.0,2
scene_09_40_000257,test,scene_09,scene_09,000257,40,40,scene_09,9,14,0.25,0,14,9,0.0,0.0,0.0,5
scene_09_40_000257,test,scene_09,scene_09,000257,40,40,scene_09,9,14,0.5,0,14,9,0.0,0.0,0.0,5
scene_09_40_000258,test,scene_09,scene_09,000258,40,40,scene_09,10,6,0.25,0,6,10,0.0,0.0,0.0,4
scene_09_40_000258,test,scene_09,scene_09,000258,40,40,scene_09,10,6,0.5,0,6,10,0.0,0.0,0.0,4
scene_09_40_000259,test,scene_09,scene_09,000259,40,40,scene_09,10,5,0.25,0,5,10,0.0,0.0,0.0,5
scene_09_40_000259,test,scene_09,scene_09,000259,40,40,scene_09,10,5,0.5,0,5,10,0.0,0.0,0.0,5
scene_09_40_000260,test,scene_09,scene_09,000260,40,40,scene_09,9,2,0.25,0,2,9,0.0,0.0,0.0,7
scene_09_40_000260,test,scene_09,scene_09,000260,40,40,scene_09,9,2,0.5,0,2,9,0.0,0.0,0.0,7
scene_09_40_000261,test,scene_09,scene_09,000261,40,40,scene_09,9,1,0.25,0,1,9,0.0,0.0,0.0,8
scene_09_40_000261,test,scene_09,scene_09,000261,40,40,scene_09,9,1,0.5,0,1,9,0.0,0.0,0.0,8
scene_09_40_000262,test,scene_09,scene_09,000262,40,40,scene_09,8,1,0.25,0,1,8,0.0,0.0,0.0,7
scene_09_40_000262,test,scene_09,scene_09,000262,40,40,scene_09,8,1,0.5,0,1,8,0.0,0.0,0.0,7
scene_09_40_000263,test,scene_09,scene_09,000263,40,40,scene_09,7,7,0.25,0,7,7,0.0,0.0,0.0,0
scene_09_40_000263,test,scene_09,scene_09,000263,40,40,scene_09,7,7,0.5,0,7,7,0.0,0.0,0.0,0
scene_09_40_000292,test,scene_09,scene_09,000292,40,40,scene_09,7,1,0.25,0,1,7,0.0,0.0,0.0,6
scene_09_40_000292,test,scene_09,scene_09,000292,40,40,scene_09,7,1,0.5,0,1,7,0.0,0.0,0.0,6
scene_09_40_000293,test,scene_09,scene_09,000293,40,40,scene_09,9,1,0.25,0,1,9,0.0,0.0,0.0,8
scene_09_40_000293,test,scene_09,scene_09,000293,40,40,scene_09,9,1,0.5,0,1,9,0.0,0.0,0.0,8
scene_09_40_000294,test,scene_09,scene_09,000294,40,40,scene_09,11,3,0.25,0,3,11,0.0,0.0,0.0,8
scene_09_40_000294,test,scene_09,scene_09,000294,40,40,scene_09,11,3,0.5,0,3,11,0.0,0.0,0.0,8
scene_09_40_000295,test,scene_09,scene_09,000295,40,40,scene_09,12,2,0.25,0,2,12,0.0,0.0,0.0,10
scene_09_40_000295,test,scene_09,scene_09,000295,40,40,scene_09,12,2,0.5,0,2,12,0.0,0.0,0.0,10
scene_09_40_000296,test,scene_09,scene_09,000296,40,40,scene_09,8,8,0.25,0,8,8,0.0,0.0,0.0,0
scene_09_40_000296,test,scene_09,scene_09,000296,40,40,scene_09,8,8,0.5,0,8,8,0.0,0.0,0.0,0
scene_09_40_000297,test,scene_09,scene_09,000297,40,40,scene_09,9,4,0.25,0,4,9,0.0,0.0,0.0,5
scene_09_40_000297,test,scene_09,scene_09,000297,40,40,scene_09,9,4,0.5,0,4,9,0.0,0.0,0.0,5
scene_09_40_000298,test,scene_09,scene_09,000298,40,40,scene_09,9,6,0.25,0,6,9,0.0,0.0,0.0,3
scene_09_40_000298,test,scene_09,scene_09,000298,40,40,scene_09,9,6,0.5,0,6,9,0.0,0.0,0.0,3
scene_09_40_000299,test,scene_09,scene_09,000299,40,40,scene_09,11,8,0.25,0,8,11,0.0,0.0,0.0,3
scene_09_40_000299,test,scene_09,scene_09,000299,40,40,scene_09,11,8,0.5,0,8,11,0.0,0.0,0.0,3
scene_09_40_000300,test,scene_09,scene_09,000300,40,40,scene_09,9,7,0.25,0,7,9,0.0,0.0,0.0,2
scene_09_40_000300,test,scene_09,scene_09,000300,40,40,scene_09,9,7,0.5,0,7,9,0.0,0.0,0.0,2
scene_09_40_000301,test,scene_09,scene_09,000301,40,40,scene_09,11,5,0.25,0,5,11,0.0,0.0,0.0,6
scene_09_40_000301,test,scene_09,scene_09,000301,40,40,scene_09,11,5,0.5,0,5,11,0.0,0.0,0.0,6
scene_09_40_000302,test,scene_09,scene_09,000302,40,40,scene_09,12,8,0.25,0,8,12,0.0,0.0,0.0,4
scene_09_40_000302,test,scene_09,scene_09,000302,40,40,scene_09,12,8,0.5,0,8,12,0.0,0.0,0.0,4
scene_09_40_000303,test,scene_09,scene_09,000303,40,40,scene_09,6,5,0.25,0,5,6,0.0,0.0,0.0,1
scene_09_40_000303,test,scene_09,scene_09,000303,40,40,scene_09,6,5,0.5,0,5,6,0.0,0.0,0.0,1
scene_09_40_000332,test,scene_09,scene_09,000332,40,40,scene_09,8,0,0.25,0,0,8,0.0,0.0,0.0,8
scene_09_40_000332,test,scene_09,scene_09,000332,40,40,scene_09,8,0,0.5,0,0,8,0.0,0.0,0.0,8
scene_09_40_000333,test,scene_09,scene_09,000333,40,40,scene_09,18,0,0.25,0,0,18,0.0,0.0,0.0,18
scene_09_40_000333,test,scene_09,scene_09,000333,40,40,scene_09,18,0,0.5,0,0,18,0.0,0.0,0.0,18
scene_09_40_000334,test,scene_09,scene_09,000334,40,40,scene_09,12,0,0.25,0,0,12,0.0,0.0,0.0,12
scene_09_40_000334,test,scene_09,scene_09,000334,40,40,scene_09,12,0,0.5,0,0,12,0.0,0.0,0.0,12
scene_09_40_000335,test,scene_09,scene_09,000335,40,40,scene_09,11,11,0.25,0,11,11,0.0,0.0,0.0,0
scene_09_40_000335,test,scene_09,scene_09,000335,40,40,scene_09,11,11,0.5,0,11,11,0.0,0.0,0.0,0
scene_09_40_000336,test,scene_09,scene_09,000336,40,40,scene_09,12,7,0.25,0,7,12,0.0,0.0,0.0,5
scene_09_40_000336,test,scene_09,scene_09,000336,40,40,scene_09,12,7,0.5,0,7,12,0.0,0.0,0.0,5
scene_09_40_000337,test,scene_09,scene_09,000337,40,40,scene_09,12,9,0.25,0,9,12,0.0,0.0,0.0,3
scene_09_40_000337,test,scene_09,scene_09,000337,40,40,scene_09,12,9,0.5,0,9,12,0.0,0.0,0.0,3
scene_09_40_000338,test,scene_09,scene_09,000338,40,40,scene_09,16,8,0.25,0,8,16,0.0,0.0,0.0,8
scene_09_40_000338,test,scene_09,scene_09,000338,40,40,scene_09,16,8,0.5,0,8,16,0.0,0.0,0.0,8
scene_09_40_000339,test,scene_09,scene_09,000339,40,40,scene_09,12,5,0.25,0,5,12,0.0,0.0,0.0,7
scene_09_40_000339,test,scene_09,scene_09,000339,40,40,scene_09,12,5,0.5,0,5,12,0.0,0.0,0.0,7
scene_09_40_000340,test,scene_09,scene_09,000340,40,40,scene_09,12,5,0.25,0,5,12,0.0,0.0,0.0,7
scene_09_40_000340,test,scene_09,scene_09,000340,40,40,scene_09,12,5,0.5,0,5,12,0.0,0.0,0.0,7
scene_09_40_000341,test,scene_09,scene_09,000341,40,40,scene_09,14,4,0.25,0,4,14,0.0,0.0,0.0,10
scene_09_40_000341,test,scene_09,scene_09,000341,40,40,scene_09,14,4,0.5,0,4,14,0.0,0.0,0.0,10
scene_09_40_000342,test,scene_09,scene_09,000342,40,40,scene_09,13,0,0.25,0,0,13,0.0,0.0,0.0,13
scene_09_40_000342,test,scene_09,scene_09,000342,40,40,scene_09,13,0,0.5,0,0,13,0.0,0.0,0.0,13
scene_09_40_000343,test,scene_09,scene_09,000343,40,40,scene_09,17,0,0.25,0,0,17,0.0,0.0,0.0,17
scene_09_40_000343,test,scene_09,scene_09,000343,40,40,scene_09,17,0,0.5,0,0,17,0.0,0.0,0.0,17
scene_09_40_000344,test,scene_09,scene_09,000344,40,40,scene_09,8,0,0.25,0,0,8,0.0,0.0,0.0,8
scene_09_40_000344,test,scene_09,scene_09,000344,40,40,scene_09,8,0,0.5,0,0,8,0.0,0.0,0.0,8
scene_09_40_000373,test,scene_09,scene_09,000373,40,40,scene_09,15,0,0.25,0,0,15,0.0,0.0,0.0,15
scene_09_40_000373,test,scene_09,scene_09,000373,40,40,scene_09,15,0,0.5,0,0,15,0.0,0.0,0.0,15
scene_09_40_000374,test,scene_09,scene_09,000374,40,40,scene_09,17,0,0.25,0,0,17,0.0,0.0,0.0,17
scene_09_40_000374,test,scene_09,scene_09,000374,40,40,scene_09,17,0,0.5,0,0,17,0.0,0.0,0.0,17
scene_09_40_000375,test,scene_09,scene_09,000375,40,40,scene_09,23,4,0.25,0,4,23,0.0,0.0,0.0,19
scene_09_40_000375,test,scene_09,scene_09,000375,40,40,scene_09,23,4,0.5,0,4,23,0.0,0.0,0.0,19
scene_09_40_000376,test,scene_09,scene_09,000376,40,40,scene_09,24,2,0.25,0,2,24,0.0,0.0,0.0,22
scene_09_40_000376,test,scene_09,scene_09,000376,40,40,scene_09,24,2,0.5,0,2,24,0.0,0.0,0.0,22
scene_09_40_000377,test,scene_09,scene_09,000377,40,40,scene_09,24,4,0.25,0,4,24,0.0,0.0,0.0,20
scene_09_40_000377,test,scene_09,scene_09,000377,40,40,scene_09,24,4,0.5,0,4,24,0.0,0.0,0.0,20
scene_09_40_000378,test,scene_09,scene_09,000378,40,40,scene_09,18,6,0.25,0,6,18,0.0,0.0,0.0,12
scene_09_40_000378,test,scene_09,scene_09,000378,40,40,scene_09,18,6,0.5,0,6,18,0.0,0.0,0.0,12
scene_09_40_000379,test,scene_09,scene_09,000379,40,40,scene_09,22,4,0.25,0,4,22,0.0,0.0,0.0,18
scene_09_40_000379,test,scene_09,scene_09,000379,40,40,scene_09,22,4,0.5,0,4,22,0.0,0.0,0.0,18
scene_09_40_000380,test,scene_09,scene_09,000380,40,40,scene_09,19,4,0.25,0,4,19,0.0,0.0,0.0,15
scene_09_40_000380,test,scene_09,scene_09,000380,40,40,scene_09,19,4,0.5,0,4,19,0.0,0.0,0.0,15
scene_09_40_000381,test,scene_09,scene_09,000381,40,40,scene_09,19,7,0.25,0,7,19,0.0,0.0,0.0,12
scene_09_40_000381,test,scene_09,scene_09,000381,40,40,scene_09,19,7,0.5,0,7,19,0.0,0.0,0.0,12
scene_09_40_000382,test,scene_09,scene_09,000382,40,40,scene_09,15,3,0.25,0,3,15,0.0,0.0,0.0,12
scene_09_40_000382,test,scene_09,scene_09,000382,40,40,scene_09,15,3,0.5,0,3,15,0.0,0.0,0.0,12
scene_09_40_000383,test,scene_09,scene_09,000383,40,40,scene_09,14,1,0.25,0,1,14,0.0,0.0,0.0,13
scene_09_40_000383,test,scene_09,scene_09,000383,40,40,scene_09,14,1,0.5,0,1,14,0.0,0.0,0.0,13
scene_09_40_000384,test,scene_09,scene_09,000384,40,40,scene_09,11,7,0.25,0,7,11,0.0,0.0,0.0,4
scene_09_40_000384,test,scene_09,scene_09,000384,40,40,scene_09,11,7,0.5,0,7,11,0.0,0.0,0.0,4
scene_09_40_000413,test,scene_09,scene_09,000413,40,40,scene_09,17,0,0.25,0,0,17,0.0,0.0,0.0,17
scene_09_40_000413,test,scene_09,scene_09,000413,40,40,scene_09,17,0,0.5,0,0,17,0.0,0.0,0.0,17
scene_09_40_000414,test,scene_09,scene_09,000414,40,40,scene_09,21,0,0.25,0,0,21,0.0,0.0,0.0,21
scene_09_40_000414,test,scene_09,scene_09,000414,40,40,scene_09,21,0,0.5,0,0,21,0.0,0.0,0.0,21
scene_09_40_000415,test,scene_09,scene_09,000415,40,40,scene_09,20,6,0.25,0,6,20,0.0,0.0,0.0,14
scene_09_40_000415,test,scene_09,scene_09,000415,40,40,scene_09,20,6,0.5,0,6,20,0.0,0.0,0.0,14
scene_09_40_000416,test,scene_09,scene_09,000416,40,40,scene_09,23,4,0.25,0,4,23,0.0,0.0,0.0,19
scene_09_40_000416,test,scene_09,scene_09,000416,40,40,scene_09,23,4,0.5,0,4,23,0.0,0.0,0.0,19
scene_09_40_000417,test,scene_09,scene_09,000417,40,40,scene_09,23,6,0.25,0,6,23,0.0,0.0,0.0,17
scene_09_40_000417,test,scene_09,scene_09,000417,40,40,scene_09,23,6,0.5,0,6,23,0.0,0.0,0.0,17
scene_09_40_000418,test,scene_09,scene_09,000418,40,40,scene_09,20,10,0.25,0,10,20,0.0,0.0,0.0,10
scene_09_40_000418,test,scene_09,scene_09,000418,40,40,scene_09,20,10,0.5,0,10,20,0.0,0.0,0.0,10
scene_09_40_000419,test,scene_09,scene_09,000419,40,40,scene_09,22,14,0.25,0,14,22,0.0,0.0,0.0,8
scene_09_40_000419,test,scene_09,scene_09,000419,40,40,scene_09,22,14,0.5,0,14,22,0.0,0.0,0.0,8
scene_09_40_000420,test,scene_09,scene_09,000420,40,40,scene_09,18,9,0.25,0,9,18,0.0,0.0,0.0,9
scene_09_40_000420,test,scene_09,scene_09,000420,40,40,scene_09,18,9,0.5,0,9,18,0.0,0.0,0.0,9
scene_09_40_000421,test,scene_09,scene_09,000421,40,40,scene_09,16,12,0.25,0,12,16,0.0,0.0,0.0,4
scene_09_40_000421,test,scene_09,scene_09,000421,40,40,scene_09,16,12,0.5,0,12,16,0.0,0.0,0.0,4
scene_09_40_000422,test,scene_09,scene_09,000422,40,40,scene_09,14,2,0.25,0,2,14,0.0,0.0,0.0,12
scene_09_40_000422,test,scene_09,scene_09,000422,40,40,scene_09,14,2,0.5,0,2,14,0.0,0.0,0.0,12
scene_09_40_000423,test,scene_09,scene_09,000423,40,40,scene_09,16,2,0.25,0,2,16,0.0,0.0,0.0,14
scene_09_40_000423,test,scene_09,scene_09,000423,40,40,scene_09,16,2,0.5,0,2,16,0.0,0.0,0.0,14
scene_09_40_000424,test,scene_09,scene_09,000424,40,40,scene_09,7,4,0.25,0,4,7,0.0,0.0,0.0,3
scene_09_40_000424,test,scene_09,scene_09,000424,40,40,scene_09,7,4,0.5,0,4,7,0.0,0.0,0.0,3
scene_09_40_000453,test,scene_09,scene_09,000453,40,40,scene_09,19,0,0.25,0,0,19,0.0,0.0,0.0,19
scene_09_40_000453,test,scene_09,scene_09,000453,40,40,scene_09,19,0,0.5,0,0,19,0.0,0.0,0.0,19
scene_09_40_000454,test,scene_09,scene_09,000454,40,40,scene_09,18,0,0.25,0,0,18,0.0,0.0,0.0,18
scene_09_40_000454,test,scene_09,scene_09,000454,40,40,scene_09,18,0,0.5,0,0,18,0.0,0.0,0.0,18
scene_09_40_000455,test,scene_09,scene_09,000455,40,40,scene_09,16,4,0.25,0,4,16,0.0,0.0,0.0,12
scene_09_40_000455,test,scene_09,scene_09,000455,40,40,scene_09,16,4,0.5,0,4,16,0.0,0.0,0.0,12
scene_09_40_000456,test,scene_09,scene_09,000456,40,40,scene_09,20,6,0.25,0,6,20,0.0,0.0,0.0,14
scene_09_40_000456,test,scene_09,scene_09,000456,40,40,scene_09,20,6,0.5,0,6,20,0.0,0.0,0.0,14
scene_09_40_000457,test,scene_09,scene_09,000457,40,40,scene_09,20,15,0.25,0,15,20,0.0,0.0,0.0,5
scene_09_40_000457,test,scene_09,scene_09,000457,40,40,scene_09,20,15,0.5,0,15,20,0.0,0.0,0.0,5
scene_09_40_000458,test,scene_09,scene_09,000458,40,40,scene_09,20,14,0.25,0,14,20,0.0,0.0,0.0,6
scene_09_40_000458,test,scene_09,scene_09,000458,40,40,scene_09,20,14,0.5,0,14,20,0.0,0.0,0.0,6
scene_09_40_000459,test,scene_09,scene_09,000459,40,40,scene_09,18,11,0.25,0,11,18,0.0,0.0,0.0,7
scene_09_40_000459,test,scene_09,scene_09,000459,40,40,scene_09,18,11,0.5,0,11,18,0.0,0.0,0.0,7
scene_09_40_000460,test,scene_09,scene_09,000460,40,40,scene_09,14,6,0.25,0,6,14,0.0,0.0,0.0,8
scene_09_40_000460,test,scene_09,scene_09,000460,40,40,scene_09,14,6,0.5,0,6,14,0.0,0.0,0.0,8
scene_09_40_000461,test,scene_09,scene_09,000461,40,40,scene_09,14,9,0.25,0,9,14,0.0,0.0,0.0,5
scene_09_40_000461,test,scene_09,scene_09,000461,40,40,scene_09,14,9,0.5,0,9,14,0.0,0.0,0.0,5
scene_09_40_000462,test,scene_09,scene_09,000462,40,40,scene_09,14,0,0.25,0,0,14,0.0,0.0,0.0,14
scene_09_40_000462,test,scene_09,scene_09,000462,40,40,scene_09,14,0,0.5,0,0,14,0.0,0.0,0.0,14
scene_09_40_000463,test,scene_09,scene_09,000463,40,40,scene_09,21,0,0.25,0,0,21,0.0,0.0,0.0,21
scene_09_40_000463,test,scene_09,scene_09,000463,40,40,scene_09,21,0,0.5,0,0,21,0.0,0.0,0.0,21
scene_09_40_000464,test,scene_09,scene_09,000464,40,40,scene_09,15,0,0.25,0,0,15,0.0,0.0,0.0,15
scene_09_40_000464,test,scene_09,scene_09,000464,40,40,scene_09,15,0,0.5,0,0,15,0.0,0.0,0.0,15
scene_09_40_000492,test,scene_09,scene_09,000492,40,40,scene_09,12,0,0.25,0,0,12,0.0,0.0,0.0,12
scene_09_40_000492,test,scene_09,scene_09,000492,40,40,scene_09,12,0,0.5,0,0,12,0.0,0.0,0.0,12
scene_09_40_000493,test,scene_09,scene_09,000493,40,40,scene_09,16,0,0.25,0,0,16,0.0,0.0,0.0,16
scene_09_40_000493,test,scene_09,scene_09,000493,40,40,scene_09,16,0,0.5,0,0,16,0.0,0.0,0.0,16
scene_09_40_000494,test,scene_09,scene_09,000494,40,40,scene_09,15,2,0.25,0,2,15,0.0,0.0,0.0,13
scene_09_40_000494,test,scene_09,scene_09,000494,40,40,scene_09,15,2,0.5,0,2,15,0.0,0.0,0.0,13
scene_09_40_000495,test,scene_09,scene_09,000495,40,40,scene_09,18,8,0.25,0,8,18,0.0,0.0,0.0,10
scene_09_40_000495,test,scene_09,scene_09,000495,40,40,scene_09,18,8,0.5,0,8,18,0.0,0.0,0.0,10
scene_09_40_000496,test,scene_09,scene_09,000496,40,40,scene_09,14,4,0.25,0,4,14,0.0,0.0,0.0,10
scene_09_40_000496,test,scene_09,scene_09,000496,40,40,scene_09,14,4,0.5,0,4,14,0.0,0.0,0.0,10
scene_09_40_000497,test,scene_09,scene_09,000497,40,40,scene_09,14,9,0.25,0,9,14,0.0,0.0,0.0,5
scene_09_40_000497,test,scene_09,scene_09,000497,40,40,scene_09,14,9,0.5,0,9,14,0.0,0.0,0.0,5
scene_09_40_000498,test,scene_09,scene_09,000498,40,40,scene_09,14,15,0.25,0,15,14,0.0,0.0,0.0,1
scene_09_40_000498,test,scene_09,scene_09,000498,40,40,scene_09,14,15,0.5,0,15,14,0.0,0.0,0.0,1
scene_09_40_000499,test,scene_09,scene_09,000499,40,40,scene_09,10,4,0.25,0,4,10,0.0,0.0,0.0,6
scene_09_40_000499,test,scene_09,scene_09,000499,40,40,scene_09,10,4,0.5,0,4,10,0.0,0.0,0.0,6
scene_09_40_000500,test,scene_09,scene_09,000500,40,40,scene_09,14,7,0.25,0,7,14,0.0,0.0,0.0,7
scene_09_40_000500,test,scene_09,scene_09,000500,40,40,scene_09,14,7,0.5,0,7,14,0.0,0.0,0.0,7
scene_09_40_000501,test,scene_09,scene_09,000501,40,40,scene_09,14,6,0.25,0,6,14,0.0,0.0,0.0,8
scene_09_40_000501,test,scene_09,scene_09,000501,40,40,scene_09,14,6,0.5,0,6,14,0.0,0.0,0.0,8
scene_09_40_000502,test,scene_09,scene_09,000502,40,40,scene_09,11,0,0.25,0,0,11,0.0,0.0,0.0,11
scene_09_40_000502,test,scene_09,scene_09,000502,40,40,scene_09,11,0,0.5,0,0,11,0.0,0.0,0.0,11
scene_09_40_000503,test,scene_09,scene_09,000503,40,40,scene_09,14,0,0.25,0,0,14,0.0,0.0,0.0,14
scene_09_40_000503,test,scene_09,scene_09,000503,40,40,scene_09,14,0,0.5,0,0,14,0.0,0.0,0.0,14
scene_09_40_000532,test,scene_09,scene_09,000532,40,40,scene_09,20,0,0.25,0,0,20,0.0,0.0,0.0,20
scene_09_40_000532,test,scene_09,scene_09,000532,40,40,scene_09,20,0,0.5,0,0,20,0.0,0.0,0.0,20
scene_09_40_000533,test,scene_09,scene_09,000533,40,40,scene_09,10,0,0.25,0,0,10,0.0,0.0,0.0,10
scene_09_40_000533,test,scene_09,scene_09,000533,40,40,scene_09,10,0,0.5,0,0,10,0.0,0.0,0.0,10
scene_09_40_000534,test,scene_09,scene_09,000534,40,40,scene_09,13,9,0.25,0,9,13,0.0,0.0,0.0,4
scene_09_40_000534,test,scene_09,scene_09,000534,40,40,scene_09,13,9,0.5,0,9,13,0.0,0.0,0.0,4
scene_09_40_000535,test,scene_09,scene_09,000535,40,40,scene_09,11,7,0.25,0,7,11,0.0,0.0,0.0,4
scene_09_40_000535,test,scene_09,scene_09,000535,40,40,scene_09,11,7,0.5,0,7,11,0.0,0.0,0.0,4
scene_09_40_000536,test,scene_09,scene_09,000536,40,40,scene_09,13,8,0.25,0,8,13,0.0,0.0,0.0,5
scene_09_40_000536,test,scene_09,scene_09,000536,40,40,scene_09,13,8,0.5,0,8,13,0.0,0.0,0.0,5
scene_09_40_000537,test,scene_09,scene_09,000537,40,40,scene_09,10,12,0.25,0,12,10,0.0,0.0,0.0,2
scene_09_40_000537,test,scene_09,scene_09,000537,40,40,scene_09,10,12,0.5,0,12,10,0.0,0.0,0.0,2
scene_09_40_000538,test,scene_09,scene_09,000538,40,40,scene_09,12,7,0.25,0,7,12,0.0,0.0,0.0,5
scene_09_40_000538,test,scene_09,scene_09,000538,40,40,scene_09,12,7,0.5,0,7,12,0.0,0.0,0.0,5
scene_09_40_000539,test,scene_09,scene_09,000539,40,40,scene_09,8,4,0.25,0,4,8,0.0,0.0,0.0,4
scene_09_40_000539,test,scene_09,scene_09,000539,40,40,scene_09,8,4,0.5,0,4,8,0.0,0.0,0.0,4
scene_09_40_000540,test,scene_09,scene_09,000540,40,40,scene_09,12,7,0.25,0,7,12,0.0,0.0,0.0,5
scene_09_40_000540,test,scene_09,scene_09,000540,40,40,scene_09,12,7,0.5,0,7,12,0.0,0.0,0.0,5
scene_09_40_000541,test,scene_09,scene_09,000541,40,40,scene_09,10,2,0.25,0,2,10,0.0,0.0,0.0,8
scene_09_40_000541,test,scene_09,scene_09,000541,40,40,scene_09,10,2,0.5,0,2,10,0.0,0.0,0.0,8
scene_09_40_000542,test,scene_09,scene_09,000542,40,40,scene_09,11,2,0.25,0,2,11,0.0,0.0,0.0,9
scene_09_40_000542,test,scene_09,scene_09,000542,40,40,scene_09,11,2,0.5,0,2,11,0.0,0.0,0.0,9
scene_09_40_000543,test,scene_09,scene_09,000543,40,40,scene_09,15,2,0.25,0,2,15,0.0,0.0,0.0,13
scene_09_40_000543,test,scene_09,scene_09,000543,40,40,scene_09,15,2,0.5,0,2,15,0.0,0.0,0.0,13
scene_09_40_000731,test,scene_09,scene_09,000731,40,40,scene_09,13,10,0.25,0,10,13,0.0,0.0,0.0,3
scene_09_40_000731,test,scene_09,scene_09,000731,40,40,scene_09,13,10,0.5,0,10,13,0.0,0.0,0.0,3
scene_09_40_000732,test,scene_09,scene_09,000732,40,40,scene_09,12,21,0.25,0,21,12,0.0,0.0,0.0,9
scene_09_40_000732,test,scene_09,scene_09,000732,40,40,scene_09,12,21,0.5,0,21,12,0.0,0.0,0.0,9
scene_09_40_000733,test,scene_09,scene_09,000733,40,40,scene_09,8,12,0.25,0,12,8,0.0,0.0,0.0,4
scene_09_40_000733,test,scene_09,scene_09,000733,40,40,scene_09,8,12,0.5,0,12,8,0.0,0.0,0.0,4
scene_09_40_000748,test,scene_09,scene_09,000748,40,40,scene_09,14,8,0.25,0,8,14,0.0,0.0,0.0,6
scene_09_40_000748,test,scene_09,scene_09,000748,40,40,scene_09,14,8,0.5,0,8,14,0.0,0.0,0.0,6
scene_09_40_000749,test,scene_09,scene_09,000749,40,40,scene_09,13,12,0.25,0,12,13,0.0,0.0,0.0,1
scene_09_40_000749,test,scene_09,scene_09,000749,40,40,scene_09,13,12,0.5,0,12,13,0.0,0.0,0.0,1
scene_09_40_000750,test,scene_09,scene_09,000750,40,40,scene_09,17,16,0.25,0,16,17,0.0,0.0,0.0,1
scene_09_40_000750,test,scene_09,scene_09,000750,40,40,scene_09,17,16,0.5,0,16,17,0.0,0.0,0.0,1
scene_09_40_000751,test,scene_09,scene_09,000751,40,40,scene_09,20,8,0.25,0,8,20,0.0,0.0,0.0,12
scene_09_40_000751,test,scene_09,scene_09,000751,40,40,scene_09,20,8,0.5,0,8,20,0.0,0.0,0.0,12
scene_09_40_000752,test,scene_09,scene_09,000752,40,40,scene_09,19,9,0.25,0,9,19,0.0,0.0,0.0,10
scene_09_40_000752,test,scene_09,scene_09,000752,40,40,scene_09,19,9,0.5,0,9,19,0.0,0.0,0.0,10
scene_09_40_000753,test,scene_09,scene_09,000753,40,40,scene_09,20,30,0.25,0,30,20,0.0,0.0,0.0,10
scene_09_40_000753,test,scene_09,scene_09,000753,40,40,scene_09,20,30,0.5,0,30,20,0.0,0.0,0.0,10
scene_09_40_000754,test,scene_09,scene_09,000754,40,40,scene_09,19,7,0.25,0,7,19,0.0,0.0,0.0,12
scene_09_40_000754,test,scene_09,scene_09,000754,40,40,scene_09,19,7,0.5,0,7,19,0.0,0.0,0.0,12
scene_09_40_000755,test,scene_09,scene_09,000755,40,40,scene_09,17,11,0.25,0,11,17,0.0,0.0,0.0,6
scene_09_40_000755,test,scene_09,scene_09,000755,40,40,scene_09,17,11,0.5,0,11,17,0.0,0.0,0.0,6
scene_09_40_000756,test,scene_09,scene_09,000756,40,40,scene_09,14,3,0.25,0,3,14,0.0,0.0,0.0,11
scene_09_40_000756,test,scene_09,scene_09,000756,40,40,scene_09,14,3,0.5,0,3,14,0.0,0.0,0.0,11
scene_09_40_000757,test,scene_09,scene_09,000757,40,40,scene_09,13,12,0.25,0,12,13,0.0,0.0,0.0,1
scene_09_40_000757,test,scene_09,scene_09,000757,40,40,scene_09,13,12,0.5,0,12,13,0.0,0.0,0.0,1
scene_09_40_000758,test,scene_09,scene_09,000758,40,40,scene_09,14,9,0.25,0,9,14,0.0,0.0,0.0,5
scene_09_40_000758,test,scene_09,scene_09,000758,40,40,scene_09,14,9,0.5,0,9,14,0.0,0.0,0.0,5
scene_09_40_000759,test,scene_09,scene_09,000759,40,40,scene_09,12,8,0.25,0,8,12,0.0,0.0,0.0,4
scene_09_40_000759,test,scene_09,scene_09,000759,40,40,scene_09,12,8,0.5,0,8,12,0.0,0.0,0.0,4
scene_09_40_000760,test,scene_09,scene_09,000760,40,40,scene_09,12,8,0.25,0,8,12,0.0,0.0,0.0,4
scene_09_40_000760,test,scene_09,scene_09,000760,40,40,scene_09,12,8,0.5,0,8,12,0.0,0.0,0.0,4
scene_09_40_000761,test,scene_09,scene_09,000761,40,40,scene_09,16,18,0.25,0,18,16,0.0,0.0,0.0,2
scene_09_40_000761,test,scene_09,scene_09,000761,40,40,scene_09,16,18,0.5,0,18,16,0.0,0.0,0.0,2
scene_09_40_000762,test,scene_09,scene_09,000762,40,40,scene_09,12,12,0.25,0,12,12,0.0,0.0,0.0,0
scene_09_40_000762,test,scene_09,scene_09,000762,40,40,scene_09,12,12,0.5,0,12,12,0.0,0.0,0.0,0
scene_09_40_000763,test,scene_09,scene_09,000763,40,40,scene_09,12,8,0.25,0,8,12,0.0,0.0,0.0,4
scene_09_40_000763,test,scene_09,scene_09,000763,40,40,scene_09,12,8,0.5,0,8,12,0.0,0.0,0.0,4
scene_09_40_000764,test,scene_09,scene_09,000764,40,40,scene_09,11,4,0.25,0,4,11,0.0,0.0,0.0,7
scene_09_40_000764,test,scene_09,scene_09,000764,40,40,scene_09,11,4,0.5,0,4,11,0.0,0.0,0.0,7
scene_09_40_000765,test,scene_09,scene_09,000765,40,40,scene_09,13,4,0.25,0,4,13,0.0,0.0,0.0,9
scene_09_40_000765,test,scene_09,scene_09,000765,40,40,scene_09,13,4,0.5,0,4,13,0.0,0.0,0.0,9
scene_09_40_000766,test,scene_09,scene_09,000766,40,40,scene_09,9,1,0.25,0,1,9,0.0,0.0,0.0,8
scene_09_40_000766,test,scene_09,scene_09,000766,40,40,scene_09,9,1,0.5,0,1,9,0.0,0.0,0.0,8
scene_09_40_000767,test,scene_09,scene_09,000767,40,40,scene_09,10,2,0.25,0,2,10,0.0,0.0,0.0,8
scene_09_40_000767,test,scene_09,scene_09,000767,40,40,scene_09,10,2,0.5,0,2,10,0.0,0.0,0.0,8
scene_09_40_000768,test,scene_09,scene_09,000768,40,40,scene_09,12,1,0.25,0,1,12,0.0,0.0,0.0,11
scene_09_40_000768,test,scene_09,scene_09,000768,40,40,scene_09,12,1,0.5,0,1,12,0.0,0.0,0.0,11
scene_09_40_000769,test,scene_09,scene_09,000769,40,40,scene_09,12,6,0.25,0,6,12,0.0,0.0,0.0,6
scene_09_40_000769,test,scene_09,scene_09,000769,40,40,scene_09,12,6,0.5,0,6,12,0.0,0.0,0.0,6
scene_09_40_000770,test,scene_09,scene_09,000770,40,40,scene_09,14,2,0.25,0,2,14,0.0,0.0,0.0,12
scene_09_40_000770,test,scene_09,scene_09,000770,40,40,scene_09,14,2,0.5,0,2,14,0.0,0.0,0.0,12
scene_09_40_000771,test,scene_09,scene_09,000771,40,40,scene_09,11,0,0.25,0,0,11,0.0,0.0,0.0,11
scene_09_40_000771,test,scene_09,scene_09,000771,40,40,scene_09,11,0,0.5,0,0,11,0.0,0.0,0.0,11
scene_09_40_000772,test,scene_09,scene_09,000772,40,40,scene_09,17,0,0.25,0,0,17,0.0,0.0,0.0,17
scene_09_40_000772,test,scene_09,scene_09,000772,40,40,scene_09,17,0,0.5,0,0,17,0.0,0.0,0.0,17
scene_09_40_000773,test,scene_09,scene_09,000773,40,40,scene_09,15,1,0.25,0,1,15,0.0,0.0,0.0,14
scene_09_40_000773,test,scene_09,scene_09,000773,40,40,scene_09,15,1,0.5,0,1,15,0.0,0.0,0.0,14
scene_09_40_000774,test,scene_09,scene_09,000774,40,40,scene_09,15,1,0.25,0,1,15,0.0,0.0,0.0,14
scene_09_40_000774,test,scene_09,scene_09,000774,40,40,scene_09,15,1,0.5,0,1,15,0.0,0.0,0.0,14
scene_09_40_000775,test,scene_09,scene_09,000775,40,40,scene_09,14,4,0.25,0,4,14,0.0,0.0,0.0,10
scene_09_40_000775,test,scene_09,scene_09,000775,40,40,scene_09,14,4,0.5,0,4,14,0.0,0.0,0.0,10
scene_09_40_000776,test,scene_09,scene_09,000776,40,40,scene_09,10,4,0.25,0,4,10,0.0,0.0,0.0,6
scene_09_40_000776,test,scene_09,scene_09,000776,40,40,scene_09,10,4,0.5,0,4,10,0.0,0.0,0.0,6
scene_09_40_000777,test,scene_09,scene_09,000777,40,40,scene_09,11,1,0.25,0,1,11,0.0,0.0,0.0,10
scene_09_40_000777,test,scene_09,scene_09,000777,40,40,scene_09,11,1,0.5,0,1,11,0.0,0.0,0.0,10
scene_09_40_000778,test,scene_09,scene_09,000778,40,40,scene_09,13,1,0.25,0,1,13,0.0,0.0,0.0,12
scene_09_40_000778,test,scene_09,scene_09,000778,40,40,scene_09,13,1,0.5,0,1,13,0.0,0.0,0.0,12
scene_09_40_000779,test,scene_09,scene_09,000779,40,40,scene_09,12,0,0.25,0,0,12,0.0,0.0,0.0,12
scene_09_40_000779,test,scene_09,scene_09,000779,40,40,scene_09,12,0,0.5,0,0,12,0.0,0.0,0.0,12
scene_09_40_000780,test,scene_09,scene_09,000780,40,40,scene_09,16,0,0.25,0,0,16,0.0,0.0,0.0,16
scene_09_40_000780,test,scene_09,scene_09,000780,40,40,scene_09,16,0,0.5,0,0,16,0.0,0.0,0.0,16
scene_09_40_000781,test,scene_09,scene_09,000781,40,40,scene_09,16,2,0.25,0,2,16,0.0,0.0,0.0,14
scene_09_40_000781,test,scene_09,scene_09,000781,40,40,scene_09,16,2,0.5,0,2,16,0.0,0.0,0.0,14
scene_09_40_000782,test,scene_09,scene_09,000782,40,40,scene_09,15,4,0.25,0,4,15,0.0,0.0,0.0,11
scene_09_40_000782,test,scene_09,scene_09,000782,40,40,scene_09,15,4,0.5,0,4,15,0.0,0.0,0.0,11
scene_09_40_000783,test,scene_09,scene_09,000783,40,40,scene_09,16,6,0.25,0,6,16,0.0,0.0,0.0,10
scene_09_40_000783,test,scene_09,scene_09,000783,40,40,scene_09,16,6,0.5,0,6,16,0.0,0.0,0.0,10
scene_09_40_000784,test,scene_09,scene_09,000784,40,40,scene_09,13,7,0.25,0,7,13,0.0,0.0,0.0,6
scene_09_40_000784,test,scene_09,scene_09,000784,40,40,scene_09,13,7,0.5,0,7,13,0.0,0.0,0.0,6
scene_09_40_000785,test,scene_09,scene_09,000785,40,40,scene_09,12,9,0.25,0,9,12,0.0,0.0,0.0,3
scene_09_40_000785,test,scene_09,scene_09,000785,40,40,scene_09,12,9,0.5,0,9,12,0.0,0.0,0.0,3
scene_09_40_000786,test,scene_09,scene_09,000786,40,40,scene_09,10,6,0.25,0,6,10,0.0,0.0,0.0,4
scene_09_40_000786,test,scene_09,scene_09,000786,40,40,scene_09,10,6,0.5,0,6,10,0.0,0.0,0.0,4
scene_09_40_000787,test,scene_09,scene_09,000787,40,40,scene_09,10,5,0.25,0,5,10,0.0,0.0,0.0,5
scene_09_40_000787,test,scene_09,scene_09,000787,40,40,scene_09,10,5,0.5,0,5,10,0.0,0.0,0.0,5
scene_09_40_000788,test,scene_09,scene_09,000788,40,40,scene_09,13,3,0.25,0,3,13,0.0,0.0,0.0,10
scene_09_40_000788,test,scene_09,scene_09,000788,40,40,scene_09,13,3,0.5,0,3,13,0.0,0.0,0.0,10
scene_09_40_000789,test,scene_09,scene_09,000789,40,40,scene_09,14,4,0.25,0,4,14,0.0,0.0,0.0,10
scene_09_40_000789,test,scene_09,scene_09,000789,40,40,scene_09,14,4,0.5,0,4,14,0.0,0.0,0.0,10
scene_09_40_000790,test,scene_09,scene_09,000790,40,40,scene_09,20,3,0.25,0,3,20,0.0,0.0,0.0,17
scene_09_40_000790,test,scene_09,scene_09,000790,40,40,scene_09,20,3,0.5,0,3,20,0.0,0.0,0.0,17
scene_09_40_000791,test,scene_09,scene_09,000791,40,40,scene_09,17,0,0.25,0,0,17,0.0,0.0,0.0,17
scene_09_40_000791,test,scene_09,scene_09,000791,40,40,scene_09,17,0,0.5,0,0,17,0.0,0.0,0.0,17
scene_09_40_000792,test,scene_09,scene_09,000792,40,40,scene_09,19,0,0.25,0,0,19,0.0,0.0,0.0,19
scene_09_40_000792,test,scene_09,scene_09,000792,40,40,scene_09,19,0,0.5,0,0,19,0.0,0.0,0.0,19
scene_09_40_000793,test,scene_09,scene_09,000793,40,40,scene_09,19,3,0.25,0,3,19,0.0,0.0,0.0,16
scene_09_40_000793,test,scene_09,scene_09,000793,40,40,scene_09,19,3,0.5,0,3,19,0.0,0.0,0.0,16
scene_09_40_000794,test,scene_09,scene_09,000794,40,40,scene_09,11,0,0.25,0,0,11,0.0,0.0,0.0,11
scene_09_40_000794,test,scene_09,scene_09,000794,40,40,scene_09,11,0,0.5,0,0,11,0.0,0.0,0.0,11
scene_09_40_000795,test,scene_09,scene_09,000795,40,40,scene_09,16,0,0.25,0,0,16,0.0,0.0,0.0,16
scene_09_40_000795,test,scene_09,scene_09,000795,40,40,scene_09,16,0,0.5,0,0,16,0.0,0.0,0.0,16
scene_09_40_000796,test,scene_09,scene_09,000796,40,40,scene_09,16,4,0.25,0,4,16,0.0,0.0,0.0,12
scene_09_40_000796,test,scene_09,scene_09,000796,40,40,scene_09,16,4,0.5,0,4,16,0.0,0.0,0.0,12
scene_09_40_000797,test,scene_09,scene_09,000797,40,40,scene_09,14,4,0.25,0,4,14,0.0,0.0,0.0,10
scene_09_40_000797,test,scene_09,scene_09,000797,40,40,scene_09,14,4,0.5,0,4,14,0.0,0.0,0.0,10
scene_09_40_000798,test,scene_09,scene_09,000798,40,40,scene_09,16,7,0.25,0,7,16,0.0,0.0,0.0,9
scene_09_40_000798,test,scene_09,scene_09,000798,40,40,scene_09,16,7,0.5,0,7,16,0.0,0.0,0.0,9
scene_09_40_000799,test,scene_09,scene_09,000799,40,40,scene_09,14,0,0.25,0,0,14,0.0,0.0,0.0,14
scene_09_40_000799,test,scene_09,scene_09,000799,40,40,scene_09,14,0,0.5,0,0,14,0.0,0.0,0.0,14
scene_09_40_000800,test,scene_09,scene_09,000800,40,40,scene_09,12,0,0.25,0,0,12,0.0,0.0,0.0,12
scene_09_40_000800,test,scene_09,scene_09,000800,40,40,scene_09,12,0,0.5,0,0,12,0.0,0.0,0.0,12
scene_09_40_000801,test,scene_09,scene_09,000801,40,40,scene_09,14,0,0.25,0,0,14,0.0,0.0,0.0,14
scene_09_40_000801,test,scene_09,scene_09,000801,40,40,scene_09,14,0,0.5,0,0,14,0.0,0.0,0.0,14
scene_09_40_000802,test,scene_09,scene_09,000802,40,40,scene_09,13,1,0.25,0,1,13,0.0,0.0,0.0,12
scene_09_40_000802,test,scene_09,scene_09,000802,40,40,scene_09,13,1,0.5,0,1,13,0.0,0.0,0.0,12
scene_09_40_000803,test,scene_09,scene_09,000803,40,40,scene_09,11,2,0.25,0,2,11,0.0,0.0,0.0,9
scene_09_40_000803,test,scene_09,scene_09,000803,40,40,scene_09,11,2,0.5,0,2,11,0.0,0.0,0.0,9
scene_09_40_000804,test,scene_09,scene_09,000804,40,40,scene_09,6,2,0.25,0,2,6,0.0,0.0,0.0,4
scene_09_40_000804,test,scene_09,scene_09,000804,40,40,scene_09,6,2,0.5,0,2,6,0.0,0.0,0.0,4
scene_09_40_000805,test,scene_09,scene_09,000805,40,40,scene_09,8,2,0.25,0,2,8,0.0,0.0,0.0,6
scene_09_40_000805,test,scene_09,scene_09,000805,40,40,scene_09,8,2,0.5,0,2,8,0.0,0.0,0.0,6
scene_09_40_000806,test,scene_09,scene_09,000806,40,40,scene_09,8,3,0.25,0,3,8,0.0,0.0,0.0,5
scene_09_40_000806,test,scene_09,scene_09,000806,40,40,scene_09,8,3,0.5,0,3,8,0.0,0.0,0.0,5
scene_09_40_000807,test,scene_09,scene_09,000807,40,40,scene_09,12,4,0.25,0,4,12,0.0,0.0,0.0,8
scene_09_40_000807,test,scene_09,scene_09,000807,40,40,scene_09,12,4,0.5,0,4,12,0.0,0.0,0.0,8
scene_09_40_000808,test,scene_09,scene_09,000808,40,40,scene_09,13,3,0.25,0,3,13,0.0,0.0,0.0,10
scene_09_40_000808,test,scene_09,scene_09,000808,40,40,scene_09,13,3,0.5,0,3,13,0.0,0.0,0.0,10
scene_09_40_000809,test,scene_09,scene_09,000809,40,40,scene_09,13,11,0.25,0,11,13,0.0,0.0,0.0,2
scene_09_40_000809,test,scene_09,scene_09,000809,40,40,scene_09,13,11,0.5,0,11,13,0.0,0.0,0.0,2
scene_09_40_000810,test,scene_09,scene_09,000810,40,40,scene_09,15,8,0.25,0,8,15,0.0,0.0,0.0,7
scene_09_40_000810,test,scene_09,scene_09,000810,40,40,scene_09,15,8,0.5,0,8,15,0.0,0.0,0.0,7
scene_09_40_000811,test,scene_09,scene_09,000811,40,40,scene_09,13,15,0.25,0,15,13,0.0,0.0,0.0,2
scene_09_40_000811,test,scene_09,scene_09,000811,40,40,scene_09,13,15,0.5,0,15,13,0.0,0.0,0.0,2
scene_09_40_000812,test,scene_09,scene_09,000812,40,40,scene_09,14,7,0.25,0,7,14,0.0,0.0,0.0,7
scene_09_40_000812,test,scene_09,scene_09,000812,40,40,scene_09,14,7,0.5,0,7,14,0.0,0.0,0.0,7
scene_09_40_000813,test,scene_09,scene_09,000813,40,40,scene_09,16,9,0.25,0,9,16,0.0,0.0,0.0,7
scene_09_40_000813,test,scene_09,scene_09,000813,40,40,scene_09,16,9,0.5,0,9,16,0.0,0.0,0.0,7
scene_09_40_000814,test,scene_09,scene_09,000814,40,40,scene_09,15,9,0.25,0,9,15,0.0,0.0,0.0,6
scene_09_40_000814,test,scene_09,scene_09,000814,40,40,scene_09,15,9,0.5,0,9,15,0.0,0.0,0.0,6
scene_09_40_000815,test,scene_09,scene_09,000815,40,40,scene_09,14,10,0.25,0,10,14,0.0,0.0,0.0,4
scene_09_40_000815,test,scene_09,scene_09,000815,40,40,scene_09,14,10,0.5,0,10,14,0.0,0.0,0.0,4
scene_09_40_000816,test,scene_09,scene_09,000816,40,40,scene_09,14,5,0.25,0,5,14,0.0,0.0,0.0,9
scene_09_40_000816,test,scene_09,scene_09,000816,40,40,scene_09,14,5,0.5,0,5,14,0.0,0.0,0.0,9
scene_09_40_000817,test,scene_09,scene_09,000817,40,40,scene_09,12,6,0.25,0,6,12,0.0,0.0,0.0,6
scene_09_40_000817,test,scene_09,scene_09,000817,40,40,scene_09,12,6,0.5,0,6,12,0.0,0.0,0.0,6
scene_09_40_000818,test,scene_09,scene_09,000818,40,40,scene_09,15,10,0.25,0,10,15,0.0,0.0,0.0,5
scene_09_40_000818,test,scene_09,scene_09,000818,40,40,scene_09,15,10,0.5,0,10,15,0.0,0.0,0.0,5
scene_09_40_000819,test,scene_09,scene_09,000819,40,40,scene_09,18,6,0.25,0,6,18,0.0,0.0,0.0,12
scene_09_40_000819,test,scene_09,scene_09,000819,40,40,scene_09,18,6,0.5,0,6,18,0.0,0.0,0.0,12
scene_09_40_000820,test,scene_09,scene_09,000820,40,40,scene_09,16,8,0.25,0,8,16,0.0,0.0,0.0,8
scene_09_40_000820,test,scene_09,scene_09,000820,40,40,scene_09,16,8,0.5,0,8,16,0.0,0.0,0.0,8
scene_09_40_000821,test,scene_09,scene_09,000821,40,40,scene_09,14,8,0.25,0,8,14,0.0,0.0,0.0,6
scene_09_40_000821,test,scene_09,scene_09,000821,40,40,scene_09,14,8,0.5,0,8,14,0.0,0.0,0.0,6
scene_09_40_000822,test,scene_09,scene_09,000822,40,40,scene_09,14,5,0.25,0,5,14,0.0,0.0,0.0,9
scene_09_40_000822,test,scene_09,scene_09,000822,40,40,scene_09,14,5,0.5,0,5,14,0.0,0.0,0.0,9
scene_09_40_000823,test,scene_09,scene_09,000823,40,40,scene_09,8,20,0.25,0,20,8,0.0,0.0,0.0,12
scene_09_40_000823,test,scene_09,scene_09,000823,40,40,scene_09,8,20,0.5,0,20,8,0.0,0.0,0.0,12
scene_09_40_000824,test,scene_09,scene_09,000824,40,40,scene_09,9,3,0.25,0,3,9,0.0,0.0,0.0,6
scene_09_40_000824,test,scene_09,scene_09,000824,40,40,scene_09,9,3,0.5,0,3,9,0.0,0.0,0.0,6
scene_09_40_000825,test,scene_09,scene_09,000825,40,40,scene_09,6,4,0.25,0,4,6,0.0,0.0,0.0,2
scene_09_40_000825,test,scene_09,scene_09,000825,40,40,scene_09,6,4,0.5,0,4,6,0.0,0.0,0.0,2
scene_09_40_000826,test,scene_09,scene_09,000826,40,40,scene_09,6,6,0.25,0,6,6,0.0,0.0,0.0,0
scene_09_40_000826,test,scene_09,scene_09,000826,40,40,scene_09,6,6,0.5,0,6,6,0.0,0.0,0.0,0
scene_09_40_000827,test,scene_09,scene_09,000827,40,40,scene_09,8,17,0.25,0,17,8,0.0,0.0,0.0,9
scene_09_40_000827,test,scene_09,scene_09,000827,40,40,scene_09,8,17,0.5,0,17,8,0.0,0.0,0.0,9
scene_09_40_000828,test,scene_09,scene_09,000828,40,40,scene_09,11,9,0.25,0,9,11,0.0,0.0,0.0,2
scene_09_40_000828,test,scene_09,scene_09,000828,40,40,scene_09,11,9,0.5,0,9,11,0.0,0.0,0.0,2
scene_09_40_000829,test,scene_09,scene_09,000829,40,40,scene_09,17,20,0.25,0,20,17,0.0,0.0,0.0,3
scene_09_40_000829,test,scene_09,scene_09,000829,40,40,scene_09,17,20,0.5,0,20,17,0.0,0.0,0.0,3
scene_09_40_000830,test,scene_09,scene_09,000830,40,40,scene_09,14,12,0.25,0,12,14,0.0,0.0,0.0,2
scene_09_40_000830,test,scene_09,scene_09,000830,40,40,scene_09,14,12,0.5,0,12,14,0.0,0.0,0.0,2
scene_09_40_000831,test,scene_09,scene_09,000831,40,40,scene_09,14,17,0.25,0,17,14,0.0,0.0,0.0,3
scene_09_40_000831,test,scene_09,scene_09,000831,40,40,scene_09,14,17,0.5,0,17,14,0.0,0.0,0.0,3
scene_09_40_000832,test,scene_09,scene_09,000832,40,40,scene_09,14,13,0.25,0,13,14,0.0,0.0,0.0,1
scene_09_40_000832,test,scene_09,scene_09,000832,40,40,scene_09,14,13,0.5,0,13,14,0.0,0.0,0.0,1
scene_09_40_000833,test,scene_09,scene_09,000833,40,40,scene_09,13,18,0.25,0,18,13,0.0,0.0,0.0,5
scene_09_40_000833,test,scene_09,scene_09,000833,40,40,scene_09,13,18,0.5,0,18,13,0.0,0.0,0.0,5
scene_09_40_000834,test,scene_09,scene_09,000834,40,40,scene_09,12,12,0.25,0,12,12,0.0,0.0,0.0,0
scene_09_40_000834,test,scene_09,scene_09,000834,40,40,scene_09,12,12,0.5,0,12,12,0.0,0.0,0.0,0
scene_09_40_000835,test,scene_09,scene_09,000835,40,40,scene_09,14,22,0.25,0,22,14,0.0,0.0,0.0,8
scene_09_40_000835,test,scene_09,scene_09,000835,40,40,scene_09,14,22,0.5,0,22,14,0.0,0.0,0.0,8
scene_09_40_000836,test,scene_09,scene_09,000836,40,40,scene_09,15,10,0.25,0,10,15,0.0,0.0,0.0,5
scene_09_40_000836,test,scene_09,scene_09,000836,40,40,scene_09,15,10,0.5,0,10,15,0.0,0.0,0.0,5
scene_09_40_000837,test,scene_09,scene_09,000837,40,40,scene_09,13,17,0.25,0,17,13,0.0,0.0,0.0,4
scene_09_40_000837,test,scene_09,scene_09,000837,40,40,scene_09,13,17,0.5,0,17,13,0.0,0.0,0.0,4
scene_09_40_000838,test,scene_09,scene_09,000838,40,40,scene_09,17,9,0.25,0,9,17,0.0,0.0,0.0,8
scene_09_40_000838,test,scene_09,scene_09,000838,40,40,scene_09,17,9,0.5,0,9,17,0.0,0.0,0.0,8
scene_09_40_000839,test,scene_09,scene_09,000839,40,40,scene_09,13,12,0.25,0,12,13,0.0,0.0,0.0,1
scene_09_40_000839,test,scene_09,scene_09,000839,40,40,scene_09,13,12,0.5,0,12,13,0.0,0.0,0.0,1
scene_09_40_000840,test,scene_09,scene_09,000840,40,40,scene_09,10,15,0.25,0,15,10,0.0,0.0,0.0,5
scene_09_40_000840,test,scene_09,scene_09,000840,40,40,scene_09,10,15,0.5,0,15,10,0.0,0.0,0.0,5
scene_09_40_000841,test,scene_09,scene_09,000841,40,40,scene_09,10,7,0.25,0,7,10,0.0,0.0,0.0,3
scene_09_40_000841,test,scene_09,scene_09,000841,40,40,scene_09,10,7,0.5,0,7,10,0.0,0.0,0.0,3
scene_09_40_000842,test,scene_09,scene_09,000842,40,40,scene_09,13,7,0.25,0,7,13,0.0,0.0,0.0,6
scene_09_40_000842,test,scene_09,scene_09,000842,40,40,scene_09,13,7,0.5,0,7,13,0.0,0.0,0.0,6
scene_09_40_000843,test,scene_09,scene_09,000843,40,40,scene_09,10,5,0.25,0,5,10,0.0,0.0,0.0,5
scene_09_40_000843,test,scene_09,scene_09,000843,40,40,scene_09,10,5,0.5,0,5,10,0.0,0.0,0.0,5
scene_09_40_000844,test,scene_09,scene_09,000844,40,40,scene_09,8,2,0.25,0,2,8,0.0,0.0,0.0,6
scene_09_40_000844,test,scene_09,scene_09,000844,40,40,scene_09,8,2,0.5,0,2,8,0.0,0.0,0.0,6
scene_09_40_000845,test,scene_09,scene_09,000845,40,40,scene_09,12,4,0.25,0,4,12,0.0,0.0,0.0,8
scene_09_40_000845,test,scene_09,scene_09,000845,40,40,scene_09,12,4,0.5,0,4,12,0.0,0.0,0.0,8
scene_09_40_000846,test,scene_09,scene_09,000846,40,40,scene_09,10,4,0.25,0,4,10,0.0,0.0,0.0,6
scene_09_40_000846,test,scene_09,scene_09,000846,40,40,scene_09,10,4,0.5,0,4,10,0.0,0.0,0.0,6
scene_09_40_000847,test,scene_09,scene_09,000847,40,40,scene_09,11,1,0.25,0,1,11,0.0,0.0,0.0,10
scene_09_40_000847,test,scene_09,scene_09,000847,40,40,scene_09,11,1,0.5,0,1,11,0.0,0.0,0.0,10
scene_09_40_000848,test,scene_09,scene_09,000848,40,40,scene_09,10,0,0.25,0,0,10,0.0,0.0,0.0,10
scene_09_40_000848,test,scene_09,scene_09,000848,40,40,scene_09,10,0,0.5,0,0,10,0.0,0.0,0.0,10
scene_09_40_000849,test,scene_09,scene_09,000849,40,40,scene_09,17,0,0.25,0,0,17,0.0,0.0,0.0,17
scene_09_40_000849,test,scene_09,scene_09,000849,40,40,scene_09,17,0,0.5,0,0,17,0.0,0.0,0.0,17
scene_09_40_000880,test,scene_09,scene_09,000880,40,40,scene_09,9,3,0.25,0,3,9,0.0,0.0,0.0,6
scene_09_40_000880,test,scene_09,scene_09,000880,40,40,scene_09,9,3,0.5,0,3,9,0.0,0.0,0.0,6
scene_09_40_000881,test,scene_09,scene_09,000881,40,40,scene_09,9,0,0.25,0,0,9,0.0,0.0,0.0,9
scene_09_40_000881,test,scene_09,scene_09,000881,40,40,scene_09,9,0,0.5,0,0,9,0.0,0.0,0.0,9
scene_09_40_000882,test,scene_09,scene_09,000882,40,40,scene_09,9,6,0.25,0,6,9,0.0,0.0,0.0,3
scene_09_40_000882,test,scene_09,scene_09,000882,40,40,scene_09,9,6,0.5,0,6,9,0.0,0.0,0.0,3
scene_09_40_000883,test,scene_09,scene_09,000883,40,40,scene_09,10,2,0.25,0,2,10,0.0,0.0,0.0,8
scene_09_40_000883,test,scene_09,scene_09,000883,40,40,scene_09,10,2,0.5,0,2,10,0.0,0.0,0.0,8
scene_09_40_000884,test,scene_09,scene_09,000884,40,40,scene_09,9,4,0.25,0,4,9,0.0,0.0,0.0,5
scene_09_40_000884,test,scene_09,scene_09,000884,40,40,scene_09,9,4,0.5,0,4,9,0.0,0.0,0.0,5
scene_09_40_000885,test,scene_09,scene_09,000885,40,40,scene_09,15,7,0.25,0,7,15,0.0,0.0,0.0,8
scene_09_40_000885,test,scene_09,scene_09,000885,40,40,scene_09,15,7,0.5,0,7,15,0.0,0.0,0.0,8
scene_09_40_000886,test,scene_09,scene_09,000886,40,40,scene_09,16,11,0.25,0,11,16,0.0,0.0,0.0,5
scene_09_40_000886,test,scene_09,scene_09,000886,40,40,scene_09,16,11,0.5,0,11,16,0.0,0.0,0.0,5
scene_09_40_000887,test,scene_09,scene_09,000887,40,40,scene_09,14,6,0.25,0,6,14,0.0,0.0,0.0,8
scene_09_40_000887,test,scene_09,scene_09,000887,40,40,scene_09,14,6,0.5,0,6,14,0.0,0.0,0.0,8
scene_09_40_000888,test,scene_09,scene_09,000888,40,40,scene_09,15,1,0.25,0,1,15,0.0,0.0,0.0,14
scene_09_40_000888,test,scene_09,scene_09,000888,40,40,scene_09,15,1,0.5,0,1,15,0.0,0.0,0.0,14
scene_09_40_000889,test,scene_09,scene_09,000889,40,40,scene_09,15,2,0.25,0,2,15,0.0,0.0,0.0,13
scene_09_40_000889,test,scene_09,scene_09,000889,40,40,scene_09,15,2,0.5,0,2,15,0.0,0.0,0.0,13
scene_09_40_000890,test,scene_09,scene_09,000890,40,40,scene_09,7,5,0.25,0,5,7,0.0,0.0,0.0,2
scene_09_40_000890,test,scene_09,scene_09,000890,40,40,scene_09,7,5,0.5,0,5,7,0.0,0.0,0.0,2
scene_09_40_000920,test,scene_09,scene_09,000920,40,40,scene_09,6,0,0.25,0,0,6,0.0,0.0,0.0,6
scene_09_40_000920,test,scene_09,scene_09,000920,40,40,scene_09,6,0,0.5,0,0,6,0.0,0.0,0.0,6
scene_09_40_000921,test,scene_09,scene_09,000921,40,40,scene_09,15,0,0.25,0,0,15,0.0,0.0,0.0,15
scene_09_40_000921,test,scene_09,scene_09,000921,40,40,scene_09,15,0,0.5,0,0,15,0.0,0.0,0.0,15
scene_09_40_000922,test,scene_09,scene_09,000922,40,40,scene_09,13,0,0.25,0,0,13,0.0,0.0,0.0,13
scene_09_40_000922,test,scene_09,scene_09,000922,40,40,scene_09,13,0,0.5,0,0,13,0.0,0.0,0.0,13
scene_09_40_000923,test,scene_09,scene_09,000923,40,40,scene_09,11,4,0.25,0,4,11,0.0,0.0,0.0,7
scene_09_40_000923,test,scene_09,scene_09,000923,40,40,scene_09,11,4,0.5,0,4,11,0.0,0.0,0.0,7
scene_09_40_000924,test,scene_09,scene_09,000924,40,40,scene_09,14,12,0.25,0,12,14,0.0,0.0,0.0,2
scene_09_40_000924,test,scene_09,scene_09,000924,40,40,scene_09,14,12,0.5,0,12,14,0.0,0.0,0.0,2
scene_09_40_000925,test,scene_09,scene_09,000925,40,40,scene_09,15,6,0.25,0,6,15,0.0,0.0,0.0,9
scene_09_40_000925,test,scene_09,scene_09,000925,40,40,scene_09,15,6,0.5,0,6,15,0.0,0.0,0.0,9
scene_09_40_000926,test,scene_09,scene_09,000926,40,40,scene_09,18,9,0.25,0,9,18,0.0,0.0,0.0,9
scene_09_40_000926,test,scene_09,scene_09,000926,40,40,scene_09,18,9,0.5,0,9,18,0.0,0.0,0.0,9
scene_09_40_000927,test,scene_09,scene_09,000927,40,40,scene_09,23,2,0.25,0,2,23,0.0,0.0,0.0,21
scene_09_40_000927,test,scene_09,scene_09,000927,40,40,scene_09,23,2,0.5,0,2,23,0.0,0.0,0.0,21
scene_09_40_000928,test,scene_09,scene_09,000928,40,40,scene_09,18,1,0.25,0,1,18,0.0,0.0,0.0,17
scene_09_40_000928,test,scene_09,scene_09,000928,40,40,scene_09,18,1,0.5,0,1,18,0.0,0.0,0.0,17
scene_09_40_000929,test,scene_09,scene_09,000929,40,40,scene_09,13,0,0.25,0,0,13,0.0,0.0,0.0,13
scene_09_40_000929,test,scene_09,scene_09,000929,40,40,scene_09,13,0,0.5,0,0,13,0.0,0.0,0.0,13
scene_09_40_000930,test,scene_09,scene_09,000930,40,40,scene_09,11,3,0.25,0,3,11,0.0,0.0,0.0,8
scene_09_40_000930,test,scene_09,scene_09,000930,40,40,scene_09,11,3,0.5,0,3,11,0.0,0.0,0.0,8
scene_09_40_000960,test,scene_09,scene_09,000960,40,40,scene_09,8,7,0.25,0,7,8,0.0,0.0,0.0,1
scene_09_40_000960,test,scene_09,scene_09,000960,40,40,scene_09,8,7,0.5,0,7,8,0.0,0.0,0.0,1
scene_09_40_000961,test,scene_09,scene_09,000961,40,40,scene_09,17,4,0.25,0,4,17,0.0,0.0,0.0,13
scene_09_40_000961,test,scene_09,scene_09,000961,40,40,scene_09,17,4,0.5,0,4,17,0.0,0.0,0.0,13
scene_09_40_000962,test,scene_09,scene_09,000962,40,40,scene_09,19,3,0.25,0,3,19,0.0,0.0,0.0,16
scene_09_40_000962,test,scene_09,scene_09,000962,40,40,scene_09,19,3,0.5,0,3,19,0.0,0.0,0.0,16
scene_09_40_000963,test,scene_09,scene_09,000963,40,40,scene_09,19,7,0.25,0,7,19,0.0,0.0,0.0,12
scene_09_40_000963,test,scene_09,scene_09,000963,40,40,scene_09,19,7,0.5,0,7,19,0.0,0.0,0.0,12
scene_09_40_000964,test,scene_09,scene_09,000964,40,40,scene_09,21,13,0.25,0,13,21,0.0,0.0,0.0,8
scene_09_40_000964,test,scene_09,scene_09,000964,40,40,scene_09,21,13,0.5,0,13,21,0.0,0.0,0.0,8
scene_09_40_000965,test,scene_09,scene_09,000965,40,40,scene_09,23,11,0.25,0,11,23,0.0,0.0,0.0,12
scene_09_40_000965,test,scene_09,scene_09,000965,40,40,scene_09,23,11,0.5,0,11,23,0.0,0.0,0.0,12
scene_09_40_000966,test,scene_09,scene_09,000966,40,40,scene_09,17,10,0.25,0,10,17,0.0,0.0,0.0,7
scene_09_40_000966,test,scene_09,scene_09,000966,40,40,scene_09,17,10,0.5,0,10,17,0.0,0.0,0.0,7
scene_09_40_000967,test,scene_09,scene_09,000967,40,40,scene_09,22,11,0.25,0,11,22,0.0,0.0,0.0,11
scene_09_40_000967,test,scene_09,scene_09,000967,40,40,scene_09,22,11,0.5,0,11,22,0.0,0.0,0.0,11
scene_09_40_000968,test,scene_09,scene_09,000968,40,40,scene_09,17,3,0.25,0,3,17,0.0,0.0,0.0,14
scene_09_40_000968,test,scene_09,scene_09,000968,40,40,scene_09,17,3,0.5,0,3,17,0.0,0.0,0.0,14
scene_09_40_000969,test,scene_09,scene_09,000969,40,40,scene_09,18,5,0.25,0,5,18,0.0,0.0,0.0,13
scene_09_40_000969,test,scene_09,scene_09,000969,40,40,scene_09,18,5,0.5,0,5,18,0.0,0.0,0.0,13
scene_09_40_000970,test,scene_09,scene_09,000970,40,40,scene_09,15,1,0.25,0,1,15,0.0,0.0,0.0,14
scene_09_40_000970,test,scene_09,scene_09,000970,40,40,scene_09,15,1,0.5,0,1,15,0.0,0.0,0.0,14
scene_09_40_001000,test,scene_09,scene_09,001000,40,40,scene_09,10,1,0.25,0,1,10,0.0,0.0,0.0,9
scene_09_40_001000,test,scene_09,scene_09,001000,40,40,scene_09,10,1,0.5,0,1,10,0.0,0.0,0.0,9
scene_09_40_001001,test,scene_09,scene_09,001001,40,40,scene_09,14,4,0.25,0,4,14,0.0,0.0,0.0,10
scene_09_40_001001,test,scene_09,scene_09,001001,40,40,scene_09,14,4,0.5,0,4,14,0.0,0.0,0.0,10
scene_09_40_001002,test,scene_09,scene_09,001002,40,40,scene_09,16,1,0.25,0,1,16,0.0,0.0,0.0,15
scene_09_40_001002,test,scene_09,scene_09,001002,40,40,scene_09,16,1,0.5,0,1,16,0.0,0.0,0.0,15
scene_09_40_001003,test,scene_09,scene_09,001003,40,40,scene_09,16,3,0.25,0,3,16,0.0,0.0,0.0,13
scene_09_40_001003,test,scene_09,scene_09,001003,40,40,scene_09,16,3,0.5,0,3,16,0.0,0.0,0.0,13
scene_09_40_001004,test,scene_09,scene_09,001004,40,40,scene_09,21,8,0.25,0,8,21,0.0,0.0,0.0,13
scene_09_40_001004,test,scene_09,scene_09,001004,40,40,scene_09,21,8,0.5,0,8,21,0.0,0.0,0.0,13
scene_09_40_001005,test,scene_09,scene_09,001005,40,40,scene_09,21,8,0.25,0,8,21,0.0,0.0,0.0,13
scene_09_40_001005,test,scene_09,scene_09,001005,40,40,scene_09,21,8,0.5,0,8,21,0.0,0.0,0.0,13
scene_09_40_001006,test,scene_09,scene_09,001006,40,40,scene_09,18,11,0.25,0,11,18,0.0,0.0,0.0,7
scene_09_40_001006,test,scene_09,scene_09,001006,40,40,scene_09,18,11,0.5,0,11,18,0.0,0.0,0.0,7
scene_09_40_001007,test,scene_09,scene_09,001007,40,40,scene_09,20,3,0.25,0,3,20,0.0,0.0,0.0,17
scene_09_40_001007,test,scene_09,scene_09,001007,40,40,scene_09,20,3,0.5,0,3,20,0.0,0.0,0.0,17
scene_09_40_001008,test,scene_09,scene_09,001008,40,40,scene_09,17,0,0.25,0,0,17,0.0,0.0,0.0,17
scene_09_40_001008,test,scene_09,scene_09,001008,40,40,scene_09,17,0,0.5,0,0,17,0.0,0.0,0.0,17
scene_09_40_001009,test,scene_09,scene_09,001009,40,40,scene_09,16,1,0.25,0,1,16,0.0,0.0,0.0,15
scene_09_40_001009,test,scene_09,scene_09,001009,40,40,scene_09,16,1,0.5,0,1,16,0.0,0.0,0.0,15
scene_09_40_001010,test,scene_09,scene_09,001010,40,40,scene_09,11,2,0.25,0,2,11,0.0,0.0,0.0,9
scene_09_40_001010,test,scene_09,scene_09,001010,40,40,scene_09,11,2,0.5,0,2,11,0.0,0.0,0.0,9
scene_09_40_001040,test,scene_09,scene_09,001040,40,40,scene_09,14,3,0.25,0,3,14,0.0,0.0,0.0,11
scene_09_40_001040,test,scene_09,scene_09,001040,40,40,scene_09,14,3,0.5,0,3,14,0.0,0.0,0.0,11
scene_09_40_001041,test,scene_09,scene_09,001041,40,40,scene_09,16,3,0.25,0,3,16,0.0,0.0,0.0,13
scene_09_40_001041,test,scene_09,scene_09,001041,40,40,scene_09,16,3,0.5,0,3,16,0.0,0.0,0.0,13
scene_09_40_001042,test,scene_09,scene_09,001042,40,40,scene_09,14,0,0.25,0,0,14,0.0,0.0,0.0,14
scene_09_40_001042,test,scene_09,scene_09,001042,40,40,scene_09,14,0,0.5,0,0,14,0.0,0.0,0.0,14
scene_09_40_001043,test,scene_09,scene_09,001043,40,40,scene_09,16,3,0.25,0,3,16,0.0,0.0,0.0,13
scene_09_40_001043,test,scene_09,scene_09,001043,40,40,scene_09,16,3,0.5,0,3,16,0.0,0.0,0.0,13
scene_09_40_001044,test,scene_09,scene_09,001044,40,40,scene_09,17,10,0.25,0,10,17,0.0,0.0,0.0,7
scene_09_40_001044,test,scene_09,scene_09,001044,40,40,scene_09,17,10,0.5,0,10,17,0.0,0.0,0.0,7
scene_09_40_001045,test,scene_09,scene_09,001045,40,40,scene_09,15,11,0.25,0,11,15,0.0,0.0,0.0,4
scene_09_40_001045,test,scene_09,scene_09,001045,40,40,scene_09,15,11,0.5,0,11,15,0.0,0.0,0.0,4
scene_09_40_001046,test,scene_09,scene_09,001046,40,40,scene_09,13,8,0.25,0,8,13,0.0,0.0,0.0,5
scene_09_40_001046,test,scene_09,scene_09,001046,40,40,scene_09,13,8,0.5,0,8,13,0.0,0.0,0.0,5
scene_09_40_001047,test,scene_09,scene_09,001047,40,40,scene_09,16,1,0.25,0,1,16,0.0,0.0,0.0,15
scene_09_40_001047,test,scene_09,scene_09,001047,40,40,scene_09,16,1,0.5,0,1,16,0.0,0.0,0.0,15
scene_09_40_001048,test,scene_09,scene_09,001048,40,40,scene_09,11,0,0.25,0,0,11,0.0,0.0,0.0,11
scene_09_40_001048,test,scene_09,scene_09,001048,40,40,scene_09,11,0,0.5,0,0,11,0.0,0.0,0.0,11
scene_09_40_001049,test,scene_09,scene_09,001049,40,40,scene_09,15,0,0.25,0,0,15,0.0,0.0,0.0,15
scene_09_40_001049,test,scene_09,scene_09,001049,40,40,scene_09,15,0,0.5,0,0,15,0.0,0.0,0.0,15
scene_09_40_001050,test,scene_09,scene_09,001050,40,40,scene_09,10,0,0.25,0,0,10,0.0,0.0,0.0,10
scene_09_40_001050,test,scene_09,scene_09,001050,40,40,scene_09,10,0,0.5,0,0,10,0.0,0.0,0.0,10
scene_09_40_001080,test,scene_09,scene_09,001080,40,40,scene_09,17,16,0.25,0,16,17,0.0,0.0,0.0,1
scene_09_40_001080,test,scene_09,scene_09,001080,40,40,scene_09,17,16,0.5,0,16,17,0.0,0.0,0.0,1
scene_09_40_001081,test,scene_09,scene_09,001081,40,40,scene_09,13,2,0.25,0,2,13,0.0,0.0,0.0,11
scene_09_40_001081,test,scene_09,scene_09,001081,40,40,scene_09,13,2,0.5,0,2,13,0.0,0.0,0.0,11
scene_09_40_001082,test,scene_09,scene_09,001082,40,40,scene_09,13,5,0.25,0,5,13,0.0,0.0,0.0,8
scene_09_40_001082,test,scene_09,scene_09,001082,40,40,scene_09,13,5,0.5,0,5,13,0.0,0.0,0.0,8
scene_09_40_001083,test,scene_09,scene_09,001083,40,40,scene_09,13,6,0.25,0,6,13,0.0,0.0,0.0,7
scene_09_40_001083,test,scene_09,scene_09,001083,40,40,scene_09,13,6,0.5,0,6,13,0.0,0.0,0.0,7
scene_09_40_001084,test,scene_09,scene_09,001084,40,40,scene_09,12,11,0.25,0,11,12,0.0,0.0,0.0,1
scene_09_40_001084,test,scene_09,scene_09,001084,40,40,scene_09,12,11,0.5,0,11,12,0.0,0.0,0.0,1
scene_09_40_001085,test,scene_09,scene_09,001085,40,40,scene_09,11,11,0.25,0,11,11,0.0,0.0,0.0,0
scene_09_40_001085,test,scene_09,scene_09,001085,40,40,scene_09,11,11,0.5,0,11,11,0.0,0.0,0.0,0
scene_09_40_001086,test,scene_09,scene_09,001086,40,40,scene_09,13,5,0.25,0,5,13,0.0,0.0,0.0,8
scene_09_40_001086,test,scene_09,scene_09,001086,40,40,scene_09,13,5,0.5,0,5,13,0.0,0.0,0.0,8
scene_09_40_001087,test,scene_09,scene_09,001087,40,40,scene_09,15,9,0.25,0,9,15,0.0,0.0,0.0,6
scene_09_40_001087,test,scene_09,scene_09,001087,40,40,scene_09,15,9,0.5,0,9,15,0.0,0.0,0.0,6
scene_09_40_001088,test,scene_09,scene_09,001088,40,40,scene_09,10,3,0.25,0,3,10,0.0,0.0,0.0,7
scene_09_40_001088,test,scene_09,scene_09,001088,40,40,scene_09,10,3,0.5,0,3,10,0.0,0.0,0.0,7
scene_09_40_001089,test,scene_09,scene_09,001089,40,40,scene_09,12,2,0.25,0,2,12,0.0,0.0,0.0,10
scene_09_40_001089,test,scene_09,scene_09,001089,40,40,scene_09,12,2,0.5,0,2,12,0.0,0.0,0.0,10
scene_09_40_001090,test,scene_09,scene_09,001090,40,40,scene_09,12,2,0.25,0,2,12,0.0,0.0,0.0,10
scene_09_40_001090,test,scene_09,scene_09,001090,40,40,scene_09,12,2,0.5,0,2,12,0.0,0.0,0.0,10
scene_09_40_001119,test,scene_09,scene_09,001119,40,40,scene_09,12,0,0.25,0,0,12,0.0,0.0,0.0,12
scene_09_40_001119,test,scene_09,scene_09,001119,40,40,scene_09,12,0,0.5,0,0,12,0.0,0.0,0.0,12
scene_09_40_001120,test,scene_09,scene_09,001120,40,40,scene_09,11,4,0.25,0,4,11,0.0,0.0,0.0,7
scene_09_40_001120,test,scene_09,scene_09,001120,40,40,scene_09,11,4,0.5,0,4,11,0.0,0.0,0.0,7
scene_09_40_001121,test,scene_09,scene_09,001121,40,40,scene_09,11,5,0.25,0,5,11,0.0,0.0,0.0,6
scene_09_40_001121,test,scene_09,scene_09,001121,40,40,scene_09,11,5,0.5,0,5,11,0.0,0.0,0.0,6
scene_09_40_001122,test,scene_09,scene_09,001122,40,40,scene_09,11,4,0.25,0,4,11,0.0,0.0,0.0,7
scene_09_40_001122,test,scene_09,scene_09,001122,40,40,scene_09,11,4,0.5,0,4,11,0.0,0.0,0.0,7
scene_09_40_001123,test,scene_09,scene_09,001123,40,40,scene_09,11,11,0.25,0,11,11,0.0,0.0,0.0,0
scene_09_40_001123,test,scene_09,scene_09,001123,40,40,scene_09,11,11,0.5,0,11,11,0.0,0.0,0.0,0
scene_09_40_001124,test,scene_09,scene_09,001124,40,40,scene_09,7,7,0.25,0,7,7,0.0,0.0,0.0,0
scene_09_40_001124,test,scene_09,scene_09,001124,40,40,scene_09,7,7,0.5,0,7,7,0.0,0.0,0.0,0
scene_09_40_001125,test,scene_09,scene_09,001125,40,40,scene_09,8,5,0.25,0,5,8,0.0,0.0,0.0,3
scene_09_40_001125,test,scene_09,scene_09,001125,40,40,scene_09,8,5,0.5,0,5,8,0.0,0.0,0.0,3
scene_09_40_001126,test,scene_09,scene_09,001126,40,40,scene_09,14,5,0.25,0,5,14,0.0,0.0,0.0,9
scene_09_40_001126,test,scene_09,scene_09,001126,40,40,scene_09,14,5,0.5,0,5,14,0.0,0.0,0.0,9
scene_09_40_001127,test,scene_09,scene_09,001127,40,40,scene_09,15,7,0.25,0,7,15,0.0,0.0,0.0,8
scene_09_40_001127,test,scene_09,scene_09,001127,40,40,scene_09,15,7,0.5,0,7,15,0.0,0.0,0.0,8
scene_09_40_001128,test,scene_09,scene_09,001128,40,40,scene_09,15,6,0.25,0,6,15,0.0,0.0,0.0,9
scene_09_40_001128,test,scene_09,scene_09,001128,40,40,scene_09,15,6,0.5,0,6,15,0.0,0.0,0.0,9
scene_09_40_001129,test,scene_09,scene_09,001129,40,40,scene_09,14,5,0.25,0,5,14,0.0,0.0,0.0,9
scene_09_40_001129,test,scene_09,scene_09,001129,40,40,scene_09,14,5,0.5,0,5,14,0.0,0.0,0.0,9
scene_09_40_001130,test,scene_09,scene_09,001130,40,40,scene_09,13,6,0.25,0,6,13,0.0,0.0,0.0,7
scene_09_40_001130,test,scene_09,scene_09,001130,40,40,scene_09,13,6,0.5,0,6,13,0.0,0.0,0.0,7
scene_09_40_001131,test,scene_09,scene_09,001131,40,40,scene_09,15,9,0.25,0,9,15,0.0,0.0,0.0,6
scene_09_40_001131,test,scene_09,scene_09,001131,40,40,scene_09,15,9,0.5,0,9,15,0.0,0.0,0.0,6
scene_09_40_001132,test,scene_09,scene_09,001132,40,40,scene_09,18,20,0.25,0,20,18,0.0,0.0,0.0,2
scene_09_40_001132,test,scene_09,scene_09,001132,40,40,scene_09,18,20,0.5,0,20,18,0.0,0.0,0.0,2
scene_09_40_001133,test,scene_09,scene_09,001133,40,40,scene_09,15,17,0.25,0,17,15,0.0,0.0,0.0,2
scene_09_40_001133,test,scene_09,scene_09,001133,40,40,scene_09,15,17,0.5,0,17,15,0.0,0.0,0.0,2
scene_09_40_001134,test,scene_09,scene_09,001134,40,40,scene_09,16,8,0.25,0,8,16,0.0,0.0,0.0,8
scene_09_40_001134,test,scene_09,scene_09,001134,40,40,scene_09,16,8,0.5,0,8,16,0.0,0.0,0.0,8
scene_09_40_001135,test,scene_09,scene_09,001135,40,40,scene_09,13,10,0.25,0,10,13,0.0,0.0,0.0,3
scene_09_40_001135,test,scene_09,scene_09,001135,40,40,scene_09,13,10,0.5,0,10,13,0.0,0.0,0.0,3
scene_09_40_001136,test,scene_09,scene_09,001136,40,40,scene_09,15,5,0.25,0,5,15,0.0,0.0,0.0,10
scene_09_40_001136,test,scene_09,scene_09,001136,40,40,scene_09,15,5,0.5,0,5,15,0.0,0.0,0.0,10
scene_09_40_001137,test,scene_09,scene_09,001137,40,40,scene_09,13,10,0.25,0,10,13,0.0,0.0,0.0,3
scene_09_40_001137,test,scene_09,scene_09,001137,40,40,scene_09,13,10,0.5,0,10,13,0.0,0.0,0.0,3
scene_09_40_001138,test,scene_09,scene_09,001138,40,40,scene_09,13,4,0.25,0,4,13,0.0,0.0,0.0,9
scene_09_40_001138,test,scene_09,scene_09,001138,40,40,scene_09,13,4,0.5,0,4,13,0.0,0.0,0.0,9
scene_09_40_001139,test,scene_09,scene_09,001139,40,40,scene_09,8,7,0.25,0,7,8,0.0,0.0,0.0,1
scene_09_40_001139,test,scene_09,scene_09,001139,40,40,scene_09,8,7,0.5,0,7,8,0.0,0.0,0.0,1
scene_09_40_001140,test,scene_09,scene_09,001140,40,40,scene_09,14,2,0.25,0,2,14,0.0,0.0,0.0,12
scene_09_40_001140,test,scene_09,scene_09,001140,40,40,scene_09,14,2,0.5,0,2,14,0.0,0.0,0.0,12
scene_09_40_001141,test,scene_09,scene_09,001141,40,40,scene_09,8,3,0.25,0,3,8,0.0,0.0,0.0,5
scene_09_40_001141,test,scene_09,scene_09,001141,40,40,scene_09,8,3,0.5,0,3,8,0.0,0.0,0.0,5
scene_09_40_001142,test,scene_09,scene_09,001142,40,40,scene_09,10,3,0.25,0,3,10,0.0,0.0,0.0,7
scene_09_40_001142,test,scene_09,scene_09,001142,40,40,scene_09,10,3,0.5,0,3,10,0.0,0.0,0.0,7
scene_09_40_001143,test,scene_09,scene_09,001143,40,40,scene_09,11,4,0.25,0,4,11,0.0,0.0,0.0,7
scene_09_40_001143,test,scene_09,scene_09,001143,40,40,scene_09,11,4,0.5,0,4,11,0.0,0.0,0.0,7
scene_09_40_001144,test,scene_09,scene_09,001144,40,40,scene_09,8,6,0.25,0,6,8,0.0,0.0,0.0,2
scene_09_40_001144,test,scene_09,scene_09,001144,40,40,scene_09,8,6,0.5,0,6,8,0.0,0.0,0.0,2
scene_09_40_001145,test,scene_09,scene_09,001145,40,40,scene_09,11,9,0.25,0,9,11,0.0,0.0,0.0,2
scene_09_40_001145,test,scene_09,scene_09,001145,40,40,scene_09,11,9,0.5,0,9,11,0.0,0.0,0.0,2
scene_09_40_001146,test,scene_09,scene_09,001146,40,40,scene_09,14,10,0.25,0,10,14,0.0,0.0,0.0,4
scene_09_40_001146,test,scene_09,scene_09,001146,40,40,scene_09,14,10,0.5,0,10,14,0.0,0.0,0.0,4
scene_09_40_001147,test,scene_09,scene_09,001147,40,40,scene_09,13,14,0.25,0,14,13,0.0,0.0,0.0,1
scene_09_40_001147,test,scene_09,scene_09,001147,40,40,scene_09,13,14,0.5,0,14,13,0.0,0.0,0.0,1
scene_09_40_001148,test,scene_09,scene_09,001148,40,40,scene_09,14,7,0.25,0,7,14,0.0,0.0,0.0,7
scene_09_40_001148,test,scene_09,scene_09,001148,40,40,scene_09,14,7,0.5,0,7,14,0.0,0.0,0.0,7
scene_09_40_001149,test,scene_09,scene_09,001149,40,40,scene_09,14,3,0.25,0,3,14,0.0,0.0,0.0,11
scene_09_40_001149,test,scene_09,scene_09,001149,40,40,scene_09,14,3,0.5,0,3,14,0.0,0.0,0.0,11
scene_09_40_001150,test,scene_09,scene_09,001150,40,40,scene_09,13,9,0.25,0,9,13,0.0,0.0,0.0,4
scene_09_40_001150,test,scene_09,scene_09,001150,40,40,scene_09,13,9,0.5,0,9,13,0.0,0.0,0.0,4
scene_09_40_001151,test,scene_09,scene_09,001151,40,40,scene_09,13,7,0.25,0,7,13,0.0,0.0,0.0,6
scene_09_40_001151,test,scene_09,scene_09,001151,40,40,scene_09,13,7,0.5,0,7,13,0.0,0.0,0.0,6
scene_09_40_001152,test,scene_09,scene_09,001152,40,40,scene_09,11,14,0.25,0,14,11,0.0,0.0,0.0,3
scene_09_40_001152,test,scene_09,scene_09,001152,40,40,scene_09,11,14,0.5,0,14,11,0.0,0.0,0.0,3
scene_09_40_001153,test,scene_09,scene_09,001153,40,40,scene_09,12,12,0.25,0,12,12,0.0,0.0,0.0,0
scene_09_40_001153,test,scene_09,scene_09,001153,40,40,scene_09,12,12,0.5,0,12,12,0.0,0.0,0.0,0
scene_09_40_001154,test,scene_09,scene_09,001154,40,40,scene_09,12,11,0.25,0,11,12,0.0,0.0,0.0,1
scene_09_40_001154,test,scene_09,scene_09,001154,40,40,scene_09,12,11,0.5,0,11,12,0.0,0.0,0.0,1
scene_09_40_001155,test,scene_09,scene_09,001155,40,40,scene_09,11,2,0.25,0,2,11,0.0,0.0,0.0,9
scene_09_40_001155,test,scene_09,scene_09,001155,40,40,scene_09,11,2,0.5,0,2,11,0.0,0.0,0.0,9
scene_09_40_001156,test,scene_09,scene_09,001156,40,40,scene_09,16,3,0.25,0,3,16,0.0,0.0,0.0,13
scene_09_40_001156,test,scene_09,scene_09,001156,40,40,scene_09,16,3,0.5,0,3,16,0.0,0.0,0.0,13
scene_09_40_001157,test,scene_09,scene_09,001157,40,40,scene_09,16,3,0.25,0,3,16,0.0,0.0,0.0,13
scene_09_40_001157,test,scene_09,scene_09,001157,40,40,scene_09,16,3,0.5,0,3,16,0.0,0.0,0.0,13
scene_09_40_001158,test,scene_09,scene_09,001158,40,40,scene_09,15,4,0.25,0,4,15,0.0,0.0,0.0,11
scene_09_40_001158,test,scene_09,scene_09,001158,40,40,scene_09,15,4,0.5,0,4,15,0.0,0.0,0.0,11
scene_09_40_001159,test,scene_09,scene_09,001159,40,40,scene_09,17,3,0.25,0,3,17,0.0,0.0,0.0,14
scene_09_40_001159,test,scene_09,scene_09,001159,40,40,scene_09,17,3,0.5,0,3,17,0.0,0.0,0.0,14
scene_09_40_001160,test,scene_09,scene_09,001160,40,40,scene_09,10,3,0.25,0,3,10,0.0,0.0,0.0,7
scene_09_40_001160,test,scene_09,scene_09,001160,40,40,scene_09,10,3,0.5,0,3,10,0.0,0.0,0.0,7
scene_09_40_001161,test,scene_09,scene_09,001161,40,40,scene_09,8,5,0.25,0,5,8,0.0,0.0,0.0,3
scene_09_40_001161,test,scene_09,scene_09,001161,40,40,scene_09,8,5,0.5,0,5,8,0.0,0.0,0.0,3
scene_09_40_001162,test,scene_09,scene_09,001162,40,40,scene_09,11,3,0.25,0,3,11,0.0,0.0,0.0,8
scene_09_40_001162,test,scene_09,scene_09,001162,40,40,scene_09,11,3,0.5,0,3,11,0.0,0.0,0.0,8
scene_09_40_001163,test,scene_09,scene_09,001163,40,40,scene_09,10,6,0.25,0,6,10,0.0,0.0,0.0,4
scene_09_40_001163,test,scene_09,scene_09,001163,40,40,scene_09,10,6,0.5,0,6,10,0.0,0.0,0.0,4
scene_09_40_001164,test,scene_09,scene_09,001164,40,40,scene_09,17,5,0.25,0,5,17,0.0,0.0,0.0,12
scene_09_40_001164,test,scene_09,scene_09,001164,40,40,scene_09,17,5,0.5,0,5,17,0.0,0.0,0.0,12
scene_09_40_001165,test,scene_09,scene_09,001165,40,40,scene_09,18,0,0.25,0,0,18,0.0,0.0,0.0,18
scene_09_40_001165,test,scene_09,scene_09,001165,40,40,scene_09,18,0,0.5,0,0,18,0.0,0.0,0.0,18
scene_09_40_001166,test,scene_09,scene_09,001166,40,40,scene_09,18,0,0.25,0,0,18,0.0,0.0,0.0,18
scene_09_40_001166,test,scene_09,scene_09,001166,40,40,scene_09,18,0,0.5,0,0,18,0.0,0.0,0.0,18
scene_09_40_001167,test,scene_09,scene_09,001167,40,40,scene_09,20,2,0.25,0,2,20,0.0,0.0,0.0,18
scene_09_40_001167,test,scene_09,scene_09,001167,40,40,scene_09,20,2,0.5,0,2,20,0.0,0.0,0.0,18
scene_09_40_001168,test,scene_09,scene_09,001168,40,40,scene_09,17,0,0.25,0,0,17,0.0,0.0,0.0,17
scene_09_40_001168,test,scene_09,scene_09,001168,40,40,scene_09,17,0,0.5,0,0,17,0.0,0.0,0.0,17
scene_09_40_001169,test,scene_09,scene_09,001169,40,40,scene_09,14,0,0.25,0,0,14,0.0,0.0,0.0,14
scene_09_40_001169,test,scene_09,scene_09,001169,40,40,scene_09,14,0,0.5,0,0,14,0.0,0.0,0.0,14
scene_09_40_001170,test,scene_09,scene_09,001170,40,40,scene_09,11,4,0.25,0,4,11,0.0,0.0,0.0,7
scene_09_40_001170,test,scene_09,scene_09,001170,40,40,scene_09,11,4,0.5,0,4,11,0.0,0.0,0.0,7
scene_09_40_001171,test,scene_09,scene_09,001171,40,40,scene_09,14,7,0.25,0,7,14,0.0,0.0,0.0,7
scene_09_40_001171,test,scene_09,scene_09,001171,40,40,scene_09,14,7,0.5,0,7,14,0.0,0.0,0.0,7
scene_09_40_001172,test,scene_09,scene_09,001172,40,40,scene_09,15,0,0.25,0,0,15,0.0,0.0,0.0,15
scene_09_40_001172,test,scene_09,scene_09,001172,40,40,scene_09,15,0,0.5,0,0,15,0.0,0.0,0.0,15
scene_09_40_001173,test,scene_09,scene_09,001173,40,40,scene_09,18,0,0.25,0,0,18,0.0,0.0,0.0,18
scene_09_40_001173,test,scene_09,scene_09,001173,40,40,scene_09,18,0,0.5,0,0,18,0.0,0.0,0.0,18
scene_09_40_001174,test,scene_09,scene_09,001174,40,40,scene_09,9,0,0.25,0,0,9,0.0,0.0,0.0,9
scene_09_40_001174,test,scene_09,scene_09,001174,40,40,scene_09,9,0,0.5,0,0,9,0.0,0.0,0.0,9
scene_09_40_001175,test,scene_09,scene_09,001175,40,40,scene_09,12,2,0.25,0,2,12,0.0,0.0,0.0,10
scene_09_40_001175,test,scene_09,scene_09,001175,40,40,scene_09,12,2,0.5,0,2,12,0.0,0.0,0.0,10
scene_09_40_001176,test,scene_09,scene_09,001176,40,40,scene_09,12,0,0.25,0,0,12,0.0,0.0,0.0,12
scene_09_40_001176,test,scene_09,scene_09,001176,40,40,scene_09,12,0,0.5,0,0,12,0.0,0.0,0.0,12
scene_09_40_001177,test,scene_09,scene_09,001177,40,40,scene_09,9,0,0.25,0,0,9,0.0,0.0,0.0,9
scene_09_40_001177,test,scene_09,scene_09,001177,40,40,scene_09,9,0,0.5,0,0,9,0.0,0.0,0.0,9
scene_09_40_001178,test,scene_09,scene_09,001178,40,40,scene_09,9,1,0.25,0,1,9,0.0,0.0,0.0,8
scene_09_40_001178,test,scene_09,scene_09,001178,40,40,scene_09,9,1,0.5,0,1,9,0.0,0.0,0.0,8
scene_09_40_001179,test,scene_09,scene_09,001179,40,40,scene_09,11,6,0.25,0,6,11,0.0,0.0,0.0,5
scene_09_40_001179,test,scene_09,scene_09,001179,40,40,scene_09,11,6,0.5,0,6,11,0.0,0.0,0.0,5
scene_09_40_001180,test,scene_09,scene_09,001180,40,40,scene_09,13,2,0.25,0,2,13,0.0,0.0,0.0,11
scene_09_40_001180,test,scene_09,scene_09,001180,40,40,scene_09,13,2,0.5,0,2,13,0.0,0.0,0.0,11
scene_09_40_001181,test,scene_09,scene_09,001181,40,40,scene_09,8,2,0.25,0,2,8,0.0,0.0,0.0,6
scene_09_40_001181,test,scene_09,scene_09,001181,40,40,scene_09,8,2,0.5,0,2,8,0.0,0.0,0.0,6
scene_09_40_001182,test,scene_09,scene_09,001182,40,40,scene_09,9,1,0.25,0,1,9,0.0,0.0,0.0,8
scene_09_40_001182,test,scene_09,scene_09,001182,40,40,scene_09,9,1,0.5,0,1,9,0.0,0.0,0.0,8
scene_09_40_001183,test,scene_09,scene_09,001183,40,40,scene_09,10,1,0.25,0,1,10,0.0,0.0,0.0,9
scene_09_40_001183,test,scene_09,scene_09,001183,40,40,scene_09,10,1,0.5,0,1,10,0.0,0.0,0.0,9
scene_09_40_001184,test,scene_09,scene_09,001184,40,40,scene_09,14,2,0.25,0,2,14,0.0,0.0,0.0,12
scene_09_40_001184,test,scene_09,scene_09,001184,40,40,scene_09,14,2,0.5,0,2,14,0.0,0.0,0.0,12
scene_09_40_001185,test,scene_09,scene_09,001185,40,40,scene_09,16,1,0.25,0,1,16,0.0,0.0,0.0,15
scene_09_40_001185,test,scene_09,scene_09,001185,40,40,scene_09,16,1,0.5,0,1,16,0.0,0.0,0.0,15
scene_09_40_001186,test,scene_09,scene_09,001186,40,40,scene_09,12,4,0.25,0,4,12,0.0,0.0,0.0,8
scene_09_40_001186,test,scene_09,scene_09,001186,40,40,scene_09,12,4,0.5,0,4,12,0.0,0.0,0.0,8
scene_09_40_001187,test,scene_09,scene_09,001187,40,40,scene_09,13,2,0.25,0,2,13,0.0,0.0,0.0,11
scene_09_40_001187,test,scene_09,scene_09,001187,40,40,scene_09,13,2,0.5,0,2,13,0.0,0.0,0.0,11
scene_09_40_001188,test,scene_09,scene_09,001188,40,40,scene_09,16,2,0.25,0,2,16,0.0,0.0,0.0,14
scene_09_40_001188,test,scene_09,scene_09,001188,40,40,scene_09,16,2,0.5,0,2,16,0.0,0.0,0.0,14
scene_09_40_001189,test,scene_09,scene_09,001189,40,40,scene_09,13,2,0.25,0,2,13,0.0,0.0,0.0,11
scene_09_40_001189,test,scene_09,scene_09,001189,40,40,scene_09,13,2,0.5,0,2,13,0.0,0.0,0.0,11
scene_09_40_001190,test,scene_09,scene_09,001190,40,40,scene_09,13,4,0.25,0,4,13,0.0,0.0,0.0,9
scene_09_40_001190,test,scene_09,scene_09,001190,40,40,scene_09,13,4,0.5,0,4,13,0.0,0.0,0.0,9
scene_09_40_001191,test,scene_09,scene_09,001191,40,40,scene_09,14,9,0.25,0,9,14,0.0,0.0,0.0,5
scene_09_40_001191,test,scene_09,scene_09,001191,40,40,scene_09,14,9,0.5,0,9,14,0.0,0.0,0.0,5
scene_09_40_001192,test,scene_09,scene_09,001192,40,40,scene_09,10,8,0.25,0,8,10,0.0,0.0,0.0,2
scene_09_40_001192,test,scene_09,scene_09,001192,40,40,scene_09,10,8,0.5,0,8,10,0.0,0.0,0.0,2
scene_09_40_001193,test,scene_09,scene_09,001193,40,40,scene_09,11,4,0.25,0,4,11,0.0,0.0,0.0,7
scene_09_40_001193,test,scene_09,scene_09,001193,40,40,scene_09,11,4,0.5,0,4,11,0.0,0.0,0.0,7
scene_09_40_001194,test,scene_09,scene_09,001194,40,40,scene_09,9,0,0.25,0,0,9,0.0,0.0,0.0,9
scene_09_40_001194,test,scene_09,scene_09,001194,40,40,scene_09,9,0,0.5,0,0,9,0.0,0.0,0.0,9
scene_09_40_001195,test,scene_09,scene_09,001195,40,40,scene_09,15,14,0.25,0,14,15,0.0,0.0,0.0,1
scene_09_40_001195,test,scene_09,scene_09,001195,40,40,scene_09,15,14,0.5,0,14,15,0.0,0.0,0.0,1
scene_09_40_001196,test,scene_09,scene_09,001196,40,40,scene_09,18,3,0.25,0,3,18,0.0,0.0,0.0,15
scene_09_40_001196,test,scene_09,scene_09,001196,40,40,scene_09,18,3,0.5,0,3,18,0.0,0.0,0.0,15
scene_09_40_001197,test,scene_09,scene_09,001197,40,40,scene_09,15,0,0.25,0,0,15,0.0,0.0,0.0,15
scene_09_40_001197,test,scene_09,scene_09,001197,40,40,scene_09,15,0,0.5,0,0,15,0.0,0.0,0.0,15
scene_09_40_001198,test,scene_09,scene_09,001198,40,40,scene_09,16,1,0.25,0,1,16,0.0,0.0,0.0,15
scene_09_40_001198,test,scene_09,scene_09,001198,40,40,scene_09,16,1,0.5,0,1,16,0.0,0.0,0.0,15
scene_09_40_001199,test,scene_09,scene_09,001199,40,40,scene_09,14,4,0.25,0,4,14,0.0,0.0,0.0,10
scene_09_40_001199,test,scene_09,scene_09,001199,40,40,scene_09,14,4,0.5,0,4,14,0.0,0.0,0.0,10
scene_09_40_001200,test,scene_09,scene_09,001200,40,40,scene_09,13,4,0.25,0,4,13,0.0,0.0,0.0,9
scene_09_40_001200,test,scene_09,scene_09,001200,40,40,scene_09,13,4,0.5,0,4,13,0.0,0.0,0.0,9
scene_09_40_001201,test,scene_09,scene_09,001201,40,40,scene_09,13,11,0.25,0,11,13,0.0,0.0,0.0,2
scene_09_40_001201,test,scene_09,scene_09,001201,40,40,scene_09,13,11,0.5,0,11,13,0.0,0.0,0.0,2
scene_09_40_001202,test,scene_09,scene_09,001202,40,40,scene_09,12,9,0.25,0,9,12,0.0,0.0,0.0,3
scene_09_40_001202,test,scene_09,scene_09,001202,40,40,scene_09,12,9,0.5,0,9,12,0.0,0.0,0.0,3
scene_09_40_001203,test,scene_09,scene_09,001203,40,40,scene_09,14,1,0.25,0,1,14,0.0,0.0,0.0,13
scene_09_40_001203,test,scene_09,scene_09,001203,40,40,scene_09,14,1,0.5,0,1,14,0.0,0.0,0.0,13
scene_09_40_001204,test,scene_09,scene_09,001204,40,40,scene_09,14,9,0.25,0,9,14,0.0,0.0,0.0,5
scene_09_40_001204,test,scene_09,scene_09,001204,40,40,scene_09,14,9,0.5,0,9,14,0.0,0.0,0.0,5
scene_09_40_001205,test,scene_09,scene_09,001205,40,40,scene_09,21,5,0.25,0,5,21,0.0,0.0,0.0,16
scene_09_40_001205,test,scene_09,scene_09,001205,40,40,scene_09,21,5,0.5,0,5,21,0.0,0.0,0.0,16
scene_09_40_001206,test,scene_09,scene_09,001206,40,40,scene_09,19,6,0.25,0,6,19,0.0,0.0,0.0,13
scene_09_40_001206,test,scene_09,scene_09,001206,40,40,scene_09,19,6,0.5,0,6,19,0.0,0.0,0.0,13
scene_09_40_001207,test,scene_09,scene_09,001207,40,40,scene_09,17,15,0.25,0,15,17,0.0,0.0,0.0,2
scene_09_40_001207,test,scene_09,scene_09,001207,40,40,scene_09,17,15,0.5,0,15,17,0.0,0.0,0.0,2
scene_09_40_001208,test,scene_09,scene_09,001208,40,40,scene_09,14,6,0.25,0,6,14,0.0,0.0,0.0,8
scene_09_40_001208,test,scene_09,scene_09,001208,40,40,scene_09,14,6,0.5,0,6,14,0.0,0.0,0.0,8
scene_09_40_001209,test,scene_09,scene_09,001209,40,40,scene_09,9,9,0.25,0,9,9,0.0,0.0,0.0,0
scene_09_40_001209,test,scene_09,scene_09,001209,40,40,scene_09,9,9,0.5,0,9,9,0.0,0.0,0.0,0
scene_09_40_001210,test,scene_09,scene_09,001210,40,40,scene_09,11,1,0.25,0,1,11,0.0,0.0,0.0,10
scene_09_40_001210,test,scene_09,scene_09,001210,40,40,scene_09,11,1,0.5,0,1,11,0.0,0.0,0.0,10
scene_09_40_001211,test,scene_09,scene_09,001211,40,40,scene_09,11,6,0.25,0,6,11,0.0,0.0,0.0,5
scene_09_40_001211,test,scene_09,scene_09,001211,40,40,scene_09,11,6,0.5,0,6,11,0.0,0.0,0.0,5
scene_09_40_001212,test,scene_09,scene_09,001212,40,40,scene_09,11,7,0.25,0,7,11,0.0,0.0,0.0,4
scene_09_40_001212,test,scene_09,scene_09,001212,40,40,scene_09,11,7,0.5,0,7,11,0.0,0.0,0.0,4
scene_09_40_001213,test,scene_09,scene_09,001213,40,40,scene_09,10,2,0.25,0,2,10,0.0,0.0,0.0,8
scene_09_40_001213,test,scene_09,scene_09,001213,40,40,scene_09,10,2,0.5,0,2,10,0.0,0.0,0.0,8
scene_09_40_001214,test,scene_09,scene_09,001214,40,40,scene_09,14,4,0.25,0,4,14,0.0,0.0,0.0,10
scene_09_40_001214,test,scene_09,scene_09,001214,40,40,scene_09,14,4,0.5,0,4,14,0.0,0.0,0.0,10
scene_09_40_001215,test,scene_09,scene_09,001215,40,40,scene_09,13,5,0.25,0,5,13,0.0,0.0,0.0,8
scene_09_40_001215,test,scene_09,scene_09,001215,40,40,scene_09,13,5,0.5,0,5,13,0.0,0.0,0.0,8
scene_09_40_001216,test,scene_09,scene_09,001216,40,40,scene_09,15,3,0.25,0,3,15,0.0,0.0,0.0,12
scene_09_40_001216,test,scene_09,scene_09,001216,40,40,scene_09,15,3,0.5,0,3,15,0.0,0.0,0.0,12
scene_09_40_001217,test,scene_09,scene_09,001217,40,40,scene_09,11,4,0.25,0,4,11,0.0,0.0,0.0,7
scene_09_40_001217,test,scene_09,scene_09,001217,40,40,scene_09,11,4,0.5,0,4,11,0.0,0.0,0.0,7
scene_09_40_001218,test,scene_09,scene_09,001218,40,40,scene_09,12,0,0.25,0,0,12,0.0,0.0,0.0,12
scene_09_40_001218,test,scene_09,scene_09,001218,40,40,scene_09,12,0,0.5,0,0,12,0.0,0.0,0.0,12
scene_09_40_001219,test,scene_09,scene_09,001219,40,40,scene_09,16,1,0.25,0,1,16,0.0,0.0,0.0,15
scene_09_40_001219,test,scene_09,scene_09,001219,40,40,scene_09,16,1,0.5,0,1,16,0.0,0.0,0.0,15
scene_09_40_001220,test,scene_09,scene_09,001220,40,40,scene_09,11,2,0.25,0,2,11,0.0,0.0,0.0,9
scene_09_40_001220,test,scene_09,scene_09,001220,40,40,scene_09,11,2,0.5,0,2,11,0.0,0.0,0.0,9
scene_09_40_001221,test,scene_09,scene_09,001221,40,40,scene_09,11,5,0.25,0,5,11,0.0,0.0,0.0,6
scene_09_40_001221,test,scene_09,scene_09,001221,40,40,scene_09,11,5,0.5,0,5,11,0.0,0.0,0.0,6
scene_09_40_001222,test,scene_09,scene_09,001222,40,40,scene_09,6,8,0.25,0,8,6,0.0,0.0,0.0,2
scene_09_40_001222,test,scene_09,scene_09,001222,40,40,scene_09,6,8,0.5,0,8,6,0.0,0.0,0.0,2
scene_09_40_001223,test,scene_09,scene_09,001223,40,40,scene_09,6,12,0.25,0,12,6,0.0,0.0,0.0,6
scene_09_40_001223,test,scene_09,scene_09,001223,40,40,scene_09,6,12,0.5,0,12,6,0.0,0.0,0.0,6
scene_09_40_001224,test,scene_09,scene_09,001224,40,40,scene_09,10,8,0.25,0,8,10,0.0,0.0,0.0,2
scene_09_40_001224,test,scene_09,scene_09,001224,40,40,scene_09,10,8,0.5,0,8,10,0.0,0.0,0.0,2
scene_09_40_001225,test,scene_09,scene_09,001225,40,40,scene_09,8,5,0.25,0,5,8,0.0,0.0,0.0,3
scene_09_40_001225,test,scene_09,scene_09,001225,40,40,scene_09,8,5,0.5,0,5,8,0.0,0.0,0.0,3
scene_09_40_001226,test,scene_09,scene_09,001226,40,40,scene_09,9,1,0.25,0,1,9,0.0,0.0,0.0,8
scene_09_40_001226,test,scene_09,scene_09,001226,40,40,scene_09,9,1,0.5,0,1,9,0.0,0.0,0.0,8
scene_09_40_001227,test,scene_09,scene_09,001227,40,40,scene_09,9,4,0.25,0,4,9,0.0,0.0,0.0,5
scene_09_40_001227,test,scene_09,scene_09,001227,40,40,scene_09,9,4,0.5,0,4,9,0.0,0.0,0.0,5
scene_09_50_000014,test,scene_09,scene_09,000014,50,50,scene_09,12,1,0.25,0,1,12,0.0,0.0,0.0,11
scene_09_50_000014,test,scene_09,scene_09,000014,50,50,scene_09,12,1,0.5,0,1,12,0.0,0.0,0.0,11
scene_09_50_000015,test,scene_09,scene_09,000015,50,50,scene_09,12,8,0.25,0,8,12,0.0,0.0,0.0,4
scene_09_50_000015,test,scene_09,scene_09,000015,50,50,scene_09,12,8,0.5,0,8,12,0.0,0.0,0.0,4
scene_09_50_000016,test,scene_09,scene_09,000016,50,50,scene_09,10,10,0.25,0,10,10,0.0,0.0,0.0,0
scene_09_50_000016,test,scene_09,scene_09,000016,50,50,scene_09,10,10,0.5,0,10,10,0.0,0.0,0.0,0
scene_09_50_000017,test,scene_09,scene_09,000017,50,50,scene_09,8,12,0.25,0,12,8,0.0,0.0,0.0,4
scene_09_50_000017,test,scene_09,scene_09,000017,50,50,scene_09,8,12,0.5,0,12,8,0.0,0.0,0.0,4
scene_09_50_000018,test,scene_09,scene_09,000018,50,50,scene_09,10,12,0.25,1,11,9,0.08333333333333333,0.1,0.09090909090909091,2
scene_09_50_000018,test,scene_09,scene_09,000018,50,50,scene_09,10,12,0.5,0,12,10,0.0,0.0,0.0,2
scene_09_50_000019,test,scene_09,scene_09,000019,50,50,scene_09,9,8,0.25,4,4,5,0.5,0.4444444444444444,0.47058823529411764,1
scene_09_50_000019,test,scene_09,scene_09,000019,50,50,scene_09,9,8,0.5,0,8,9,0.0,0.0,0.0,1
scene_09_50_000020,test,scene_09,scene_09,000020,50,50,scene_09,10,6,0.25,0,6,10,0.0,0.0,0.0,4
scene_09_50_000020,test,scene_09,scene_09,000020,50,50,scene_09,10,6,0.5,0,6,10,0.0,0.0,0.0,4
scene_09_50_000021,test,scene_09,scene_09,000021,50,50,scene_09,12,1,0.25,0,1,12,0.0,0.0,0.0,11
scene_09_50_000021,test,scene_09,scene_09,000021,50,50,scene_09,12,1,0.5,0,1,12,0.0,0.0,0.0,11
scene_09_50_000022,test,scene_09,scene_09,000022,50,50,scene_09,9,0,0.25,0,0,9,0.0,0.0,0.0,9
scene_09_50_000022,test,scene_09,scene_09,000022,50,50,scene_09,9,0,0.5,0,0,9,0.0,0.0,0.0,9
scene_09_50_000051,test,scene_09,scene_09,000051,50,50,scene_09,13,1,0.25,0,1,13,0.0,0.0,0.0,12
scene_09_50_000051,test,scene_09,scene_09,000051,50,50,scene_09,13,1,0.5,0,1,13,0.0,0.0,0.0,12
scene_09_50_000052,test,scene_09,scene_09,000052,50,50,scene_09,12,2,0.25,0,2,12,0.0,0.0,0.0,10
scene_09_50_000052,test,scene_09,scene_09,000052,50,50,scene_09,12,2,0.5,0,2,12,0.0,0.0,0.0,10
scene_09_50_000053,test,scene_09,scene_09,000053,50,50,scene_09,14,5,0.25,0,5,14,0.0,0.0,0.0,9
scene_09_50_000053,test,scene_09,scene_09,000053,50,50,scene_09,14,5,0.5,0,5,14,0.0,0.0,0.0,9
scene_09_50_000054,test,scene_09,scene_09,000054,50,50,scene_09,13,11,0.25,0,11,13,0.0,0.0,0.0,2
scene_09_50_000054,test,scene_09,scene_09,000054,50,50,scene_09,13,11,0.5,0,11,13,0.0,0.0,0.0,2
scene_09_50_000055,test,scene_09,scene_09,000055,50,50,scene_09,9,9,0.25,0,9,9,0.0,0.0,0.0,0
scene_09_50_000055,test,scene_09,scene_09,000055,50,50,scene_09,9,9,0.5,0,9,9,0.0,0.0,0.0,0
scene_09_50_000056,test,scene_09,scene_09,000056,50,50,scene_09,16,18,0.25,2,16,14,0.1111111111111111,0.125,0.11764705882352941,2
scene_09_50_000056,test,scene_09,scene_09,000056,50,50,scene_09,16,18,0.5,0,18,16,0.0,0.0,0.0,2
scene_09_50_000057,test,scene_09,scene_09,000057,50,50,scene_09,17,7,0.25,1,6,16,0.14285714285714285,0.058823529411764705,0.08333333333333333,10
scene_09_50_000057,test,scene_09,scene_09,000057,50,50,scene_09,17,7,0.5,0,7,17,0.0,0.0,0.0,10
scene_09_50_000058,test,scene_09,scene_09,000058,50,50,scene_09,13,4,0.25,0,4,13,0.0,0.0,0.0,9
scene_09_50_000058,test,scene_09,scene_09,000058,50,50,scene_09,13,4,0.5,0,4,13,0.0,0.0,0.0,9
scene_09_50_000059,test,scene_09,scene_09,000059,50,50,scene_09,13,0,0.25,0,0,13,0.0,0.0,0.0,13
scene_09_50_000059,test,scene_09,scene_09,000059,50,50,scene_09,13,0,0.5,0,0,13,0.0,0.0,0.0,13
scene_09_50_000060,test,scene_09,scene_09,000060,50,50,scene_09,11,0,0.25,0,0,11,0.0,0.0,0.0,11
scene_09_50_000060,test,scene_09,scene_09,000060,50,50,scene_09,11,0,0.5,0,0,11,0.0,0.0,0.0,11
scene_09_50_000088,test,scene_09,scene_09,000088,50,50,scene_09,12,0,0.25,0,0,12,0.0,0.0,0.0,12
scene_09_50_000088,test,scene_09,scene_09,000088,50,50,scene_09,12,0,0.5,0,0,12,0.0,0.0,0.0,12
scene_09_50_000089,test,scene_09,scene_09,000089,50,50,scene_09,17,0,0.25,0,0,17,0.0,0.0,0.0,17
scene_09_50_000089,test,scene_09,scene_09,000089,50,50,scene_09,17,0,0.5,0,0,17,0.0,0.0,0.0,17
scene_09_50_000090,test,scene_09,scene_09,000090,50,50,scene_09,14,3,0.25,0,3,14,0.0,0.0,0.0,11
scene_09_50_000090,test,scene_09,scene_09,000090,50,50,scene_09,14,3,0.5,0,3,14,0.0,0.0,0.0,11
scene_09_50_000091,test,scene_09,scene_09,000091,50,50,scene_09,17,9,0.25,0,9,17,0.0,0.0,0.0,8
scene_09_50_000091,test,scene_09,scene_09,000091,50,50,scene_09,17,9,0.5,0,9,17,0.0,0.0,0.0,8
scene_09_50_000092,test,scene_09,scene_09,000092,50,50,scene_09,15,7,0.25,0,7,15,0.0,0.0,0.0,8
scene_09_50_000092,test,scene_09,scene_09,000092,50,50,scene_09,15,7,0.5,0,7,15,0.0,0.0,0.0,8
scene_09_50_000093,test,scene_09,scene_09,000093,50,50,scene_09,17,11,0.25,0,11,17,0.0,0.0,0.0,6
scene_09_50_000093,test,scene_09,scene_09,000093,50,50,scene_09,17,11,0.5,0,11,17,0.0,0.0,0.0,6
scene_09_50_000094,test,scene_09,scene_09,000094,50,50,scene_09,13,14,0.25,0,14,13,0.0,0.0,0.0,1
scene_09_50_000094,test,scene_09,scene_09,000094,50,50,scene_09,13,14,0.5,0,14,13,0.0,0.0,0.0,1
scene_09_50_000095,test,scene_09,scene_09,000095,50,50,scene_09,17,5,0.25,0,5,17,0.0,0.0,0.0,12
scene_09_50_000095,test,scene_09,scene_09,000095,50,50,scene_09,17,5,0.5,0,5,17,0.0,0.0,0.0,12
scene_09_50_000096,test,scene_09,scene_09,000096,50,50,scene_09,13,4,0.25,0,4,13,0.0,0.0,0.0,9
scene_09_50_000096,test,scene_09,scene_09,000096,50,50,scene_09,13,4,0.5,0,4,13,0.0,0.0,0.0,9
scene_09_50_000097,test,scene_09,scene_09,000097,50,50,scene_09,13,0,0.25,0,0,13,0.0,0.0,0.0,13
scene_09_50_000097,test,scene_09,scene_09,000097,50,50,scene_09,13,0,0.5,0,0,13,0.0,0.0,0.0,13
scene_09_50_000098,test,scene_09,scene_09,000098,50,50,scene_09,14,2,0.25,0,2,14,0.0,0.0,0.0,12
scene_09_50_000098,test,scene_09,scene_09,000098,50,50,scene_09,14,2,0.5,0,2,14,0.0,0.0,0.0,12
scene_09_50_000127,test,scene_09,scene_09,000127,50,50,scene_09,15,0,0.25,0,0,15,0.0,0.0,0.0,15
scene_09_50_000127,test,scene_09,scene_09,000127,50,50,scene_09,15,0,0.5,0,0,15,0.0,0.0,0.0,15
scene_09_50_000128,test,scene_09,scene_09,000128,50,50,scene_09,17,0,0.25,0,0,17,0.0,0.0,0.0,17
scene_09_50_000128,test,scene_09,scene_09,000128,50,50,scene_09,17,0,0.5,0,0,17,0.0,0.0,0.0,17
scene_09_50_000129,test,scene_09,scene_09,000129,50,50,scene_09,18,2,0.25,0,2,18,0.0,0.0,0.0,16
scene_09_50_000129,test,scene_09,scene_09,000129,50,50,scene_09,18,2,0.5,0,2,18,0.0,0.0,0.0,16
scene_09_50_000130,test,scene_09,scene_09,000130,50,50,scene_09,18,6,0.25,0,6,18,0.0,0.0,0.0,12
scene_09_50_000130,test,scene_09,scene_09,000130,50,50,scene_09,18,6,0.5,0,6,18,0.0,0.0,0.0,12
scene_09_50_000131,test,scene_09,scene_09,000131,50,50,scene_09,22,12,0.25,0,12,22,0.0,0.0,0.0,10
scene_09_50_000131,test,scene_09,scene_09,000131,50,50,scene_09,22,12,0.5,0,12,22,0.0,0.0,0.0,10
scene_09_50_000132,test,scene_09,scene_09,000132,50,50,scene_09,23,14,0.25,0,14,23,0.0,0.0,0.0,9
scene_09_50_000132,test,scene_09,scene_09,000132,50,50,scene_09,23,14,0.5,0,14,23,0.0,0.0,0.0,9
scene_09_50_000133,test,scene_09,scene_09,000133,50,50,scene_09,19,4,0.25,0,4,19,0.0,0.0,0.0,15
scene_09_50_000133,test,scene_09,scene_09,000133,50,50,scene_09,19,4,0.5,0,4,19,0.0,0.0,0.0,15
scene_09_50_000134,test,scene_09,scene_09,000134,50,50,scene_09,14,3,0.25,0,3,14,0.0,0.0,0.0,11
scene_09_50_000134,test,scene_09,scene_09,000134,50,50,scene_09,14,3,0.5,0,3,14,0.0,0.0,0.0,11
scene_09_50_000135,test,scene_09,scene_09,000135,50,50,scene_09,23,0,0.25,0,0,23,0.0,0.0,0.0,23
scene_09_50_000135,test,scene_09,scene_09,000135,50,50,scene_09,23,0,0.5,0,0,23,0.0,0.0,0.0,23
scene_09_50_000136,test,scene_09,scene_09,000136,50,50,scene_09,9,0,0.25,0,0,9,0.0,0.0,0.0,9
scene_09_50_000136,test,scene_09,scene_09,000136,50,50,scene_09,9,0,0.5,0,0,9,0.0,0.0,0.0,9
scene_09_50_000163,test,scene_09,scene_09,000163,50,50,scene_09,6,3,0.25,0,3,6,0.0,0.0,0.0,3
scene_09_50_000163,test,scene_09,scene_09,000163,50,50,scene_09,6,3,0.5,0,3,6,0.0,0.0,0.0,3
scene_09_50_000164,test,scene_09,scene_09,000164,50,50,scene_09,18,1,0.25,0,1,18,0.0,0.0,0.0,17
scene_09_50_000164,test,scene_09,scene_09,000164,50,50,scene_09,18,1,0.5,0,1,18,0.0,0.0,0.0,17
scene_09_50_000165,test,scene_09,scene_09,000165,50,50,scene_09,13,8,0.25,0,8,13,0.0,0.0,0.0,5
scene_09_50_000165,test,scene_09,scene_09,000165,50,50,scene_09,13,8,0.5,0,8,13,0.0,0.0,0.0,5
scene_09_50_000166,test,scene_09,scene_09,000166,50,50,scene_09,18,4,0.25,0,4,18,0.0,0.0,0.0,14
scene_09_50_000166,test,scene_09,scene_09,000166,50,50,scene_09,18,4,0.5,0,4,18,0.0,0.0,0.0,14
scene_09_50_000167,test,scene_09,scene_09,000167,50,50,scene_09,17,7,0.25,0,7,17,0.0,0.0,0.0,10
scene_09_50_000167,test,scene_09,scene_09,000167,50,50,scene_09,17,7,0.5,0,7,17,0.0,0.0,0.0,10
scene_09_50_000168,test,scene_09,scene_09,000168,50,50,scene_09,15,11,0.25,1,10,14,0.09090909090909091,0.06666666666666667,0.07692307692307693,4
scene_09_50_000168,test,scene_09,scene_09,000168,50,50,scene_09,15,11,0.5,0,11,15,0.0,0.0,0.0,4
scene_09_50_000169,test,scene_09,scene_09,000169,50,50,scene_09,18,5,0.25,0,5,18,0.0,0.0,0.0,13
scene_09_50_000169,test,scene_09,scene_09,000169,50,50,scene_09,18,5,0.5,0,5,18,0.0,0.0,0.0,13
scene_09_50_000170,test,scene_09,scene_09,000170,50,50,scene_09,16,3,0.25,0,3,16,0.0,0.0,0.0,13
scene_09_50_000170,test,scene_09,scene_09,000170,50,50,scene_09,16,3,0.5,0,3,16,0.0,0.0,0.0,13
scene_09_50_000171,test,scene_09,scene_09,000171,50,50,scene_09,19,1,0.25,0,1,19,0.0,0.0,0.0,18
scene_09_50_000171,test,scene_09,scene_09,000171,50,50,scene_09,19,1,0.5,0,1,19,0.0,0.0,0.0,18
scene_09_50_000172,test,scene_09,scene_09,000172,50,50,scene_09,10,0,0.25,0,0,10,0.0,0.0,0.0,10
scene_09_50_000172,test,scene_09,scene_09,000172,50,50,scene_09,10,0,0.5,0,0,10,0.0,0.0,0.0,10
scene_09_50_000201,test,scene_09,scene_09,000201,50,50,scene_09,6,0,0.25,0,0,6,0.0,0.0,0.0,6
scene_09_50_000201,test,scene_09,scene_09,000201,50,50,scene_09,6,0,0.5,0,0,6,0.0,0.0,0.0,6
scene_09_50_000202,test,scene_09,scene_09,000202,50,50,scene_09,14,0,0.25,0,0,14,0.0,0.0,0.0,14
scene_09_50_000202,test,scene_09,scene_09,000202,50,50,scene_09,14,0,0.5,0,0,14,0.0,0.0,0.0,14
scene_09_50_000203,test,scene_09,scene_09,000203,50,50,scene_09,12,7,0.25,0,7,12,0.0,0.0,0.0,5
scene_09_50_000203,test,scene_09,scene_09,000203,50,50,scene_09,12,7,0.5,0,7,12,0.0,0.0,0.0,5
scene_09_50_000204,test,scene_09,scene_09,000204,50,50,scene_09,13,10,0.25,0,10,13,0.0,0.0,0.0,3
scene_09_50_000204,test,scene_09,scene_09,000204,50,50,scene_09,13,10,0.5,0,10,13,0.0,0.0,0.0,3
scene_09_50_000205,test,scene_09,scene_09,000205,50,50,scene_09,16,10,0.25,0,10,16,0.0,0.0,0.0,6
scene_09_50_000205,test,scene_09,scene_09,000205,50,50,scene_09,16,10,0.5,0,10,16,0.0,0.0,0.0,6
scene_09_50_000206,test,scene_09,scene_09,000206,50,50,scene_09,13,8,0.25,0,8,13,0.0,0.0,0.0,5
scene_09_50_000206,test,scene_09,scene_09,000206,50,50,scene_09,13,8,0.5,0,8,13,0.0,0.0,0.0,5
scene_09_50_000207,test,scene_09,scene_09,000207,50,50,scene_09,12,8,0.25,0,8,12,0.0,0.0,0.0,4
scene_09_50_000207,test,scene_09,scene_09,000207,50,50,scene_09,12,8,0.5,0,8,12,0.0,0.0,0.0,4
scene_09_50_000208,test,scene_09,scene_09,000208,50,50,scene_09,10,4,0.25,0,4,10,0.0,0.0,0.0,6
scene_09_50_000208,test,scene_09,scene_09,000208,50,50,scene_09,10,4,0.5,0,4,10,0.0,0.0,0.0,6
scene_09_50_000209,test,scene_09,scene_09,000209,50,50,scene_09,11,2,0.25,0,2,11,0.0,0.0,0.0,9
scene_09_50_000209,test,scene_09,scene_09,000209,50,50,scene_09,11,2,0.5,0,2,11,0.0,0.0,0.0,9
scene_09_50_000210,test,scene_09,scene_09,000210,50,50,scene_09,8,1,0.25,0,1,8,0.0,0.0,0.0,7
scene_09_50_000210,test,scene_09,scene_09,000210,50,50,scene_09,8,1,0.5,0,1,8,0.0,0.0,0.0,7
scene_09_50_000239,test,scene_09,scene_09,000239,50,50,scene_09,5,0,0.25,0,0,5,0.0,0.0,0.0,5
scene_09_50_000239,test,scene_09,scene_09,000239,50,50,scene_09,5,0,0.5,0,0,5,0.0,0.0,0.0,5
scene_09_50_000240,test,scene_09,scene_09,000240,50,50,scene_09,12,3,0.25,0,3,12,0.0,0.0,0.0,9
scene_09_50_000240,test,scene_09,scene_09,000240,50,50,scene_09,12,3,0.5,0,3,12,0.0,0.0,0.0,9
scene_09_50_000241,test,scene_09,scene_09,000241,50,50,scene_09,6,1,0.25,0,1,6,0.0,0.0,0.0,5
scene_09_50_000241,test,scene_09,scene_09,000241,50,50,scene_09,6,1,0.5,0,1,6,0.0,0.0,0.0,5
scene_09_50_000242,test,scene_09,scene_09,000242,50,50,scene_09,8,4,0.25,0,4,8,0.0,0.0,0.0,4
scene_09_50_000242,test,scene_09,scene_09,000242,50,50,scene_09,8,4,0.5,0,4,8,0.0,0.0,0.0,4
scene_09_50_000243,test,scene_09,scene_09,000243,50,50,scene_09,11,5,0.25,0,5,11,0.0,0.0,0.0,6
scene_09_50_000243,test,scene_09,scene_09,000243,50,50,scene_09,11,5,0.5,0,5,11,0.0,0.0,0.0,6
scene_09_50_000244,test,scene_09,scene_09,000244,50,50,scene_09,8,7,0.25,0,7,8,0.0,0.0,0.0,1
scene_09_50_000244,test,scene_09,scene_09,000244,50,50,scene_09,8,7,0.5,0,7,8,0.0,0.0,0.0,1
scene_09_50_000245,test,scene_09,scene_09,000245,50,50,scene_09,11,4,0.25,0,4,11,0.0,0.0,0.0,7
scene_09_50_000245,test,scene_09,scene_09,000245,50,50,scene_09,11,4,0.5,0,4,11,0.0,0.0,0.0,7
scene_09_50_000246,test,scene_09,scene_09,000246,50,50,scene_09,9,4,0.25,0,4,9,0.0,0.0,0.0,5
scene_09_50_000246,test,scene_09,scene_09,000246,50,50,scene_09,9,4,0.5,0,4,9,0.0,0.0,0.0,5
scene_09_50_000247,test,scene_09,scene_09,000247,50,50,scene_09,9,2,0.25,0,2,9,0.0,0.0,0.0,7
scene_09_50_000247,test,scene_09,scene_09,000247,50,50,scene_09,9,2,0.5,0,2,9,0.0,0.0,0.0,7
scene_09_50_000248,test,scene_09,scene_09,000248,50,50,scene_09,12,3,0.25,0,3,12,0.0,0.0,0.0,9
scene_09_50_000248,test,scene_09,scene_09,000248,50,50,scene_09,12,3,0.5,0,3,12,0.0,0.0,0.0,9
scene_09_50_000249,test,scene_09,scene_09,000249,50,50,scene_09,9,0,0.25,0,0,9,0.0,0.0,0.0,9
scene_09_50_000249,test,scene_09,scene_09,000249,50,50,scene_09,9,0,0.5,0,0,9,0.0,0.0,0.0,9
scene_09_50_000277,test,scene_09,scene_09,000277,50,50,scene_09,10,0,0.25,0,0,10,0.0,0.0,0.0,10
scene_09_50_000277,test,scene_09,scene_09,000277,50,50,scene_09,10,0,0.5,0,0,10,0.0,0.0,0.0,10
scene_09_50_000278,test,scene_09,scene_09,000278,50,50,scene_09,12,2,0.25,0,2,12,0.0,0.0,0.0,10
scene_09_50_000278,test,scene_09,scene_09,000278,50,50,scene_09,12,2,0.5,0,2,12,0.0,0.0,0.0,10
scene_09_50_000279,test,scene_09,scene_09,000279,50,50,scene_09,12,4,0.25,0,4,12,0.0,0.0,0.0,8
scene_09_50_000279,test,scene_09,scene_09,000279,50,50,scene_09,12,4,0.5,0,4,12,0.0,0.0,0.0,8
scene_09_50_000280,test,scene_09,scene_09,000280,50,50,scene_09,11,3,0.25,0,3,11,0.0,0.0,0.0,8
scene_09_50_000280,test,scene_09,scene_09,000280,50,50,scene_09,11,3,0.5,0,3,11,0.0,0.0,0.0,8
scene_09_50_000281,test,scene_09,scene_09,000281,50,50,scene_09,11,3,0.25,0,3,11,0.0,0.0,0.0,8
scene_09_50_000281,test,scene_09,scene_09,000281,50,50,scene_09,11,3,0.5,0,3,11,0.0,0.0,0.0,8
scene_09_50_000282,test,scene_09,scene_09,000282,50,50,scene_09,13,2,0.25,0,2,13,0.0,0.0,0.0,11
scene_09_50_000282,test,scene_09,scene_09,000282,50,50,scene_09,13,2,0.5,0,2,13,0.0,0.0,0.0,11
scene_09_50_000283,test,scene_09,scene_09,000283,50,50,scene_09,10,6,0.25,1,5,9,0.16666666666666666,0.1,0.125,4
scene_09_50_000283,test,scene_09,scene_09,000283,50,50,scene_09,10,6,0.5,0,6,10,0.0,0.0,0.0,4
scene_09_50_000284,test,scene_09,scene_09,000284,50,50,scene_09,8,4,0.25,0,4,8,0.0,0.0,0.0,4
scene_09_50_000284,test,scene_09,scene_09,000284,50,50,scene_09,8,4,0.5,0,4,8,0.0,0.0,0.0,4
scene_09_50_000285,test,scene_09,scene_09,000285,50,50,scene_09,7,3,0.25,0,3,7,0.0,0.0,0.0,4
scene_09_50_000285,test,scene_09,scene_09,000285,50,50,scene_09,7,3,0.5,0,3,7,0.0,0.0,0.0,4
scene_09_50_000286,test,scene_09,scene_09,000286,50,50,scene_09,10,7,0.25,0,7,10,0.0,0.0,0.0,3
scene_09_50_000286,test,scene_09,scene_09,000286,50,50,scene_09,10,7,0.5,0,7,10,0.0,0.0,0.0,3
scene_09_50_000287,test,scene_09,scene_09,000287,50,50,scene_09,8,5,0.25,0,5,8,0.0,0.0,0.0,3
scene_09_50_000287,test,scene_09,scene_09,000287,50,50,scene_09,8,5,0.5,0,5,8,0.0,0.0,0.0,3
scene_09_50_000316,test,scene_09,scene_09,000316,50,50,scene_09,17,0,0.25,0,0,17,0.0,0.0,0.0,17
scene_09_50_000316,test,scene_09,scene_09,000316,50,50,scene_09,17,0,0.5,0,0,17,0.0,0.0,0.0,17
scene_09_50_000317,test,scene_09,scene_09,000317,50,50,scene_09,15,9,0.25,0,9,15,0.0,0.0,0.0,6
scene_09_50_000317,test,scene_09,scene_09,000317,50,50,scene_09,15,9,0.5,0,9,15,0.0,0.0,0.0,6
scene_09_50_000318,test,scene_09,scene_09,000318,50,50,scene_09,13,8,0.25,0,8,13,0.0,0.0,0.0,5
scene_09_50_000318,test,scene_09,scene_09,000318,50,50,scene_09,13,8,0.5,0,8,13,0.0,0.0,0.0,5
scene_09_50_000319,test,scene_09,scene_09,000319,50,50,scene_09,13,8,0.25,0,8,13,0.0,0.0,0.0,5
scene_09_50_000319,test,scene_09,scene_09,000319,50,50,scene_09,13,8,0.5,0,8,13,0.0,0.0,0.0,5
scene_09_50_000320,test,scene_09,scene_09,000320,50,50,scene_09,12,6,0.25,0,6,12,0.0,0.0,0.0,6
scene_09_50_000320,test,scene_09,scene_09,000320,50,50,scene_09,12,6,0.5,0,6,12,0.0,0.0,0.0,6
scene_09_50_000321,test,scene_09,scene_09,000321,50,50,scene_09,15,11,0.25,0,11,15,0.0,0.0,0.0,4
scene_09_50_000321,test,scene_09,scene_09,000321,50,50,scene_09,15,11,0.5,0,11,15,0.0,0.0,0.0,4
scene_09_50_000322,test,scene_09,scene_09,000322,50,50,scene_09,15,8,0.25,1,7,14,0.125,0.06666666666666667,0.08695652173913043,7
scene_09_50_000322,test,scene_09,scene_09,000322,50,50,scene_09,15,8,0.5,0,8,15,0.0,0.0,0.0,7
scene_09_50_000323,test,scene_09,scene_09,000323,50,50,scene_09,14,8,0.25,2,6,12,0.25,0.14285714285714285,0.18181818181818182,6
scene_09_50_000323,test,scene_09,scene_09,000323,50,50,scene_09,14,8,0.5,0,8,14,0.0,0.0,0.0,6
scene_09_50_000324,test,scene_09,scene_09,000324,50,50,scene_09,12,12,0.25,2,10,10,0.16666666666666666,0.16666666666666666,0.16666666666666666,0
scene_09_50_000324,test,scene_09,scene_09,000324,50,50,scene_09,12,12,0.5,0,12,12,0.0,0.0,0.0,0
scene_09_50_000325,test,scene_09,scene_09,000325,50,50,scene_09,12,1,0.25,0,1,12,0.0,0.0,0.0,11
scene_09_50_000325,test,scene_09,scene_09,000325,50,50,scene_09,12,1,0.5,0,1,12,0.0,0.0,0.0,11
scene_09_50_000326,test,scene_09,scene_09,000326,50,50,scene_09,8,0,0.25,0,0,8,0.0,0.0,0.0,8
scene_09_50_000326,test,scene_09,scene_09,000326,50,50,scene_09,8,0,0.5,0,0,8,0.0,0.0,0.0,8
scene_09_50_000354,test,scene_09,scene_09,000354,50,50,scene_09,9,1,0.25,0,1,9,0.0,0.0,0.0,8
scene_09_50_000354,test,scene_09,scene_09,000354,50,50,scene_09,9,1,0.5,0,1,9,0.0,0.0,0.0,8
scene_09_50_000355,test,scene_09,scene_09,000355,50,50,scene_09,13,0,0.25,0,0,13,0.0,0.0,0.0,13
scene_09_50_000355,test,scene_09,scene_09,000355,50,50,scene_09,13,0,0.5,0,0,13,0.0,0.0,0.0,13
scene_09_50_000356,test,scene_09,scene_09,000356,50,50,scene_09,19,13,0.25,1,12,18,0.07692307692307693,0.05263157894736842,0.0625,6
scene_09_50_000356,test,scene_09,scene_09,000356,50,50,scene_09,19,13,0.5,0,13,19,0.0,0.0,0.0,6
scene_09_50_000357,test,scene_09,scene_09,000357,50,50,scene_09,16,3,0.25,0,3,16,0.0,0.0,0.0,13
scene_09_50_000357,test,scene_09,scene_09,000357,50,50,scene_09,16,3,0.5,0,3,16,0.0,0.0,0.0,13
scene_09_50_000358,test,scene_09,scene_09,000358,50,50,scene_09,19,6,0.25,0,6,19,0.0,0.0,0.0,13
scene_09_50_000358,test,scene_09,scene_09,000358,50,50,scene_09,19,6,0.5,0,6,19,0.0,0.0,0.0,13
scene_09_50_000359,test,scene_09,scene_09,000359,50,50,scene_09,18,6,0.25,0,6,18,0.0,0.0,0.0,12
scene_09_50_000359,test,scene_09,scene_09,000359,50,50,scene_09,18,6,0.5,0,6,18,0.0,0.0,0.0,12
scene_09_50_000360,test,scene_09,scene_09,000360,50,50,scene_09,23,6,0.25,0,6,23,0.0,0.0,0.0,17
scene_09_50_000360,test,scene_09,scene_09,000360,50,50,scene_09,23,6,0.5,0,6,23,0.0,0.0,0.0,17
scene_09_50_000361,test,scene_09,scene_09,000361,50,50,scene_09,21,5,0.25,0,5,21,0.0,0.0,0.0,16
scene_09_50_000361,test,scene_09,scene_09,000361,50,50,scene_09,21,5,0.5,0,5,21,0.0,0.0,0.0,16
scene_09_50_000362,test,scene_09,scene_09,000362,50,50,scene_09,19,7,0.25,0,7,19,0.0,0.0,0.0,12
scene_09_50_000362,test,scene_09,scene_09,000362,50,50,scene_09,19,7,0.5,0,7,19,0.0,0.0,0.0,12
scene_09_50_000363,test,scene_09,scene_09,000363,50,50,scene_09,20,8,0.25,0,8,20,0.0,0.0,0.0,12
scene_09_50_000363,test,scene_09,scene_09,000363,50,50,scene_09,20,8,0.5,0,8,20,0.0,0.0,0.0,12
scene_09_50_000364,test,scene_09,scene_09,000364,50,50,scene_09,13,0,0.25,0,0,13,0.0,0.0,0.0,13
scene_09_50_000364,test,scene_09,scene_09,000364,50,50,scene_09,13,0,0.5,0,0,13,0.0,0.0,0.0,13
scene_09_50_000365,test,scene_09,scene_09,000365,50,50,scene_09,5,5,0.25,0,5,5,0.0,0.0,0.0,0
scene_09_50_000365,test,scene_09,scene_09,000365,50,50,scene_09,5,5,0.5,0,5,5,0.0,0.0,0.0,0
scene_09_50_000393,test,scene_09,scene_09,000393,50,50,scene_09,18,0,0.25,0,0,18,0.0,0.0,0.0,18
scene_09_50_000393,test,scene_09,scene_09,000393,50,50,scene_09,18,0,0.5,0,0,18,0.0,0.0,0.0,18
scene_09_50_000394,test,scene_09,scene_09,000394,50,50,scene_09,21,3,0.25,0,3,21,0.0,0.0,0.0,18
scene_09_50_000394,test,scene_09,scene_09,000394,50,50,scene_09,21,3,0.5,0,3,21,0.0,0.0,0.0,18
scene_09_50_000395,test,scene_09,scene_09,000395,50,50,scene_09,19,7,0.25,3,4,16,0.42857142857142855,0.15789473684210525,0.23076923076923078,12
scene_09_50_000395,test,scene_09,scene_09,000395,50,50,scene_09,19,7,0.5,0,7,19,0.0,0.0,0.0,12
scene_09_50_000396,test,scene_09,scene_09,000396,50,50,scene_09,25,8,0.25,3,5,22,0.375,0.12,0.18181818181818182,17
scene_09_50_000396,test,scene_09,scene_09,000396,50,50,scene_09,25,8,0.5,0,8,25,0.0,0.0,0.0,17
scene_09_50_000397,test,scene_09,scene_09,000397,50,50,scene_09,17,12,0.25,1,11,16,0.08333333333333333,0.058823529411764705,0.06896551724137931,5
scene_09_50_000397,test,scene_09,scene_09,000397,50,50,scene_09,17,12,0.5,0,12,17,0.0,0.0,0.0,5
scene_09_50_000398,test,scene_09,scene_09,000398,50,50,scene_09,19,8,0.25,1,7,18,0.125,0.05263157894736842,0.07407407407407407,11
scene_09_50_000398,test,scene_09,scene_09,000398,50,50,scene_09,19,8,0.5,0,8,19,0.0,0.0,0.0,11
scene_09_50_000399,test,scene_09,scene_09,000399,50,50,scene_09,20,5,0.25,2,3,18,0.4,0.1,0.16,15
scene_09_50_000399,test,scene_09,scene_09,000399,50,50,scene_09,20,5,0.5,0,5,20,0.0,0.0,0.0,15
scene_09_50_000400,test,scene_09,scene_09,000400,50,50,scene_09,19,5,0.25,2,3,17,0.4,0.10526315789473684,0.16666666666666666,14
scene_09_50_000400,test,scene_09,scene_09,000400,50,50,scene_09,19,5,0.5,0,5,19,0.0,0.0,0.0,14
scene_09_50_000401,test,scene_09,scene_09,000401,50,50,scene_09,15,5,0.25,1,4,14,0.2,0.06666666666666667,0.1,10
scene_09_50_000401,test,scene_09,scene_09,000401,50,50,scene_09,15,5,0.5,0,5,15,0.0,0.0,0.0,10
scene_09_50_000402,test,scene_09,scene_09,000402,50,50,scene_09,17,0,0.25,0,0,17,0.0,0.0,0.0,17
scene_09_50_000402,test,scene_09,scene_09,000402,50,50,scene_09,17,0,0.5,0,0,17,0.0,0.0,0.0,17
scene_09_50_000403,test,scene_09,scene_09,000403,50,50,scene_09,9,0,0.25,0,0,9,0.0,0.0,0.0,9
scene_09_50_000403,test,scene_09,scene_09,000403,50,50,scene_09,9,0,0.5,0,0,9,0.0,0.0,0.0,9
scene_09_50_000431,test,scene_09,scene_09,000431,50,50,scene_09,12,0,0.25,0,0,12,0.0,0.0,0.0,12
scene_09_50_000431,test,scene_09,scene_09,000431,50,50,scene_09,12,0,0.5,0,0,12,0.0,0.0,0.0,12
scene_09_50_000432,test,scene_09,scene_09,000432,50,50,scene_09,14,2,0.25,0,2,14,0.0,0.0,0.0,12
scene_09_50_000432,test,scene_09,scene_09,000432,50,50,scene_09,14,2,0.5,0,2,14,0.0,0.0,0.0,12
scene_09_50_000433,test,scene_09,scene_09,000433,50,50,scene_09,13,6,0.25,2,4,11,0.3333333333333333,0.15384615384615385,0.21052631578947367,7
scene_09_50_000433,test,scene_09,scene_09,000433,50,50,scene_09,13,6,0.5,0,6,13,0.0,0.0,0.0,7
scene_09_50_000434,test,scene_09,scene_09,000434,50,50,scene_09,14,10,0.25,2,8,12,0.2,0.14285714285714285,0.16666666666666666,4
scene_09_50_000434,test,scene_09,scene_09,000434,50,50,scene_09,14,10,0.5,0,10,14,0.0,0.0,0.0,4
scene_09_50_000435,test,scene_09,scene_09,000435,50,50,scene_09,17,12,0.25,2,10,15,0.16666666666666666,0.11764705882352941,0.13793103448275862,5
scene_09_50_000435,test,scene_09,scene_09,000435,50,50,scene_09,17,12,0.5,0,12,17,0.0,0.0,0.0,5
scene_09_50_000436,test,scene_09,scene_09,000436,50,50,scene_09,17,12,0.25,1,11,16,0.08333333333333333,0.058823529411764705,0.06896551724137931,5
scene_09_50_000436,test,scene_09,scene_09,000436,50,50,scene_09,17,12,0.5,0,12,17,0.0,0.0,0.0,5
scene_09_50_000437,test,scene_09,scene_09,000437,50,50,scene_09,16,10,0.25,3,7,13,0.3,0.1875,0.23076923076923078,6
scene_09_50_000437,test,scene_09,scene_09,000437,50,50,scene_09,16,10,0.5,0,10,16,0.0,0.0,0.0,6
scene_09_50_000438,test,scene_09,scene_09,000438,50,50,scene_09,16,9,0.25,3,6,13,0.3333333333333333,0.1875,0.24,7
scene_09_50_000438,test,scene_09,scene_09,000438,50,50,scene_09,16,9,0.5,0,9,16,0.0,0.0,0.0,7
scene_09_50_000439,test,scene_09,scene_09,000439,50,50,scene_09,20,8,0.25,3,5,17,0.375,0.15,0.21428571428571427,12
scene_09_50_000439,test,scene_09,scene_09,000439,50,50,scene_09,20,8,0.5,0,8,20,0.0,0.0,0.0,12
scene_09_50_000440,test,scene_09,scene_09,000440,50,50,scene_09,16,10,0.25,0,10,16,0.0,0.0,0.0,6
scene_09_50_000440,test,scene_09,scene_09,000440,50,50,scene_09,16,10,0.5,0,10,16,0.0,0.0,0.0,6
scene_09_50_000441,test,scene_09,scene_09,000441,50,50,scene_09,11,0,0.25,0,0,11,0.0,0.0,0.0,11
scene_09_50_000441,test,scene_09,scene_09,000441,50,50,scene_09,11,0,0.5,0,0,11,0.0,0.0,0.0,11
scene_09_50_000469,test,scene_09,scene_09,000469,50,50,scene_09,11,0,0.25,0,0,11,0.0,0.0,0.0,11
scene_09_50_000469,test,scene_09,scene_09,000469,50,50,scene_09,11,0,0.5,0,0,11,0.0,0.0,0.0,11
scene_09_50_000470,test,scene_09,scene_09,000470,50,50,scene_09,14,0,0.25,0,0,14,0.0,0.0,0.0,14
scene_09_50_000470,test,scene_09,scene_09,000470,50,50,scene_09,14,0,0.5,0,0,14,0.0,0.0,0.0,14
scene_09_50_000471,test,scene_09,scene_09,000471,50,50,scene_09,16,11,0.25,3,8,13,0.2727272727272727,0.1875,0.2222222222222222,5
scene_09_50_000471,test,scene_09,scene_09,000471,50,50,scene_09,16,11,0.5,0,11,16,0.0,0.0,0.0,5
scene_09_50_000472,test,scene_09,scene_09,000472,50,50,scene_09,17,7,0.25,3,4,14,0.42857142857142855,0.17647058823529413,0.25,10
scene_09_50_000472,test,scene_09,scene_09,000472,50,50,scene_09,17,7,0.5,1,6,16,0.14285714285714285,0.058823529411764705,0.08333333333333333,10
scene_09_50_000473,test,scene_09,scene_09,000473,50,50,scene_09,12,11,0.25,3,8,9,0.2727272727272727,0.25,0.2608695652173913,1
scene_09_50_000473,test,scene_09,scene_09,000473,50,50,scene_09,12,11,0.5,0,11,12,0.0,0.0,0.0,1
scene_09_50_000474,test,scene_09,scene_09,000474,50,50,scene_09,15,10,0.25,2,8,13,0.2,0.13333333333333333,0.16,5
scene_09_50_000474,test,scene_09,scene_09,000474,50,50,scene_09,15,10,0.5,0,10,15,0.0,0.0,0.0,5
scene_09_50_000475,test,scene_09,scene_09,000475,50,50,scene_09,11,7,0.25,3,4,8,0.42857142857142855,0.2727272727272727,0.3333333333333333,4
scene_09_50_000475,test,scene_09,scene_09,000475,50,50,scene_09,11,7,0.5,0,7,11,0.0,0.0,0.0,4
scene_09_50_000476,test,scene_09,scene_09,000476,50,50,scene_09,15,8,0.25,3,5,12,0.375,0.2,0.2608695652173913,7
scene_09_50_000476,test,scene_09,scene_09,000476,50,50,scene_09,15,8,0.5,0,8,15,0.0,0.0,0.0,7
scene_09_50_000477,test,scene_09,scene_09,000477,50,50,scene_09,13,5,0.25,3,2,10,0.6,0.23076923076923078,0.3333333333333333,8
scene_09_50_000477,test,scene_09,scene_09,000477,50,50,scene_09,13,5,0.5,0,5,13,0.0,0.0,0.0,8
scene_09_50_000478,test,scene_09,scene_09,000478,50,50,scene_09,14,7,0.25,0,7,14,0.0,0.0,0.0,7
scene_09_50_000478,test,scene_09,scene_09,000478,50,50,scene_09,14,7,0.5,0,7,14,0.0,0.0,0.0,7
scene_09_50_000479,test,scene_09,scene_09,000479,50,50,scene_09,18,0,0.25,0,0,18,0.0,0.0,0.0,18
scene_09_50_000479,test,scene_09,scene_09,000479,50,50,scene_09,18,0,0.5,0,0,18,0.0,0.0,0.0,18
scene_09_50_000507,test,scene_09,scene_09,000507,50,50,scene_09,12,1,0.25,0,1,12,0.0,0.0,0.0,11
scene_09_50_000507,test,scene_09,scene_09,000507,50,50,scene_09,12,1,0.5,0,1,12,0.0,0.0,0.0,11
scene_09_50_000508,test,scene_09,scene_09,000508,50,50,scene_09,13,2,0.25,0,2,13,0.0,0.0,0.0,11
scene_09_50_000508,test,scene_09,scene_09,000508,50,50,scene_09,13,2,0.5,0,2,13,0.0,0.0,0.0,11
scene_09_50_000509,test,scene_09,scene_09,000509,50,50,scene_09,11,16,0.25,0,16,11,0.0,0.0,0.0,5
scene_09_50_000509,test,scene_09,scene_09,000509,50,50,scene_09,11,16,0.5,0,16,11,0.0,0.0,0.0,5
scene_09_50_000510,test,scene_09,scene_09,000510,50,50,scene_09,14,8,0.25,2,6,12,0.25,0.14285714285714285,0.18181818181818182,6
scene_09_50_000510,test,scene_09,scene_09,000510,50,50,scene_09,14,8,0.5,0,8,14,0.0,0.0,0.0,6
scene_09_50_000511,test,scene_09,scene_09,000511,50,50,scene_09,11,8,0.25,1,7,10,0.125,0.09090909090909091,0.10526315789473684,3
scene_09_50_000511,test,scene_09,scene_09,000511,50,50,scene_09,11,8,0.5,0,8,11,0.0,0.0,0.0,3
scene_09_50_000512,test,scene_09,scene_09,000512,50,50,scene_09,9,7,0.25,0,7,9,0.0,0.0,0.0,2
scene_09_50_000512,test,scene_09,scene_09,000512,50,50,scene_09,9,7,0.5,0,7,9,0.0,0.0,0.0,2
scene_09_50_000513,test,scene_09,scene_09,000513,50,50,scene_09,8,8,0.25,1,7,7,0.125,0.125,0.125,0
scene_09_50_000513,test,scene_09,scene_09,000513,50,50,scene_09,8,8,0.5,0,8,8,0.0,0.0,0.0,0
scene_09_50_000679,test,scene_09,scene_09,000679,50,50,scene_09,8,8,0.25,0,8,8,0.0,0.0,0.0,0
scene_09_50_000679,test,scene_09,scene_09,000679,50,50,scene_09,8,8,0.5,0,8,8,0.0,0.0,0.0,0
scene_09_50_000680,test,scene_09,scene_09,000680,50,50,scene_09,6,6,0.25,0,6,6,0.0,0.0,0.0,0
scene_09_50_000680,test,scene_09,scene_09,000680,50,50,scene_09,6,6,0.5,0,6,6,0.0,0.0,0.0,0
scene_09_50_000681,test,scene_09,scene_09,000681,50,50,scene_09,10,9,0.25,0,9,10,0.0,0.0,0.0,1
scene_09_50_000681,test,scene_09,scene_09,000681,50,50,scene_09,10,9,0.5,0,9,10,0.0,0.0,0.0,1
scene_09_50_000682,test,scene_09,scene_09,000682,50,50,scene_09,8,7,0.25,0,7,8,0.0,0.0,0.0,1
scene_09_50_000682,test,scene_09,scene_09,000682,50,50,scene_09,8,7,0.5,0,7,8,0.0,0.0,0.0,1
scene_09_50_000683,test,scene_09,scene_09,000683,50,50,scene_09,9,4,0.25,0,4,9,0.0,0.0,0.0,5
scene_09_50_000683,test,scene_09,scene_09,000683,50,50,scene_09,9,4,0.5,0,4,9,0.0,0.0,0.0,5
scene_09_50_000698,test,scene_09,scene_09,000698,50,50,scene_09,17,3,0.25,0,3,17,0.0,0.0,0.0,14
scene_09_50_000698,test,scene_09,scene_09,000698,50,50,scene_09,17,3,0.5,0,3,17,0.0,0.0,0.0,14
scene_09_50_000699,test,scene_09,scene_09,000699,50,50,scene_09,19,12,0.25,0,12,19,0.0,0.0,0.0,7
scene_09_50_000699,test,scene_09,scene_09,000699,50,50,scene_09,19,12,0.5,0,12,19,0.0,0.0,0.0,7
scene_09_50_000700,test,scene_09,scene_09,000700,50,50,scene_09,15,8,0.25,0,8,15,0.0,0.0,0.0,7
scene_09_50_000700,test,scene_09,scene_09,000700,50,50,scene_09,15,8,0.5,0,8,15,0.0,0.0,0.0,7
scene_09_50_000701,test,scene_09,scene_09,000701,50,50,scene_09,16,7,0.25,0,7,16,0.0,0.0,0.0,9
scene_09_50_000701,test,scene_09,scene_09,000701,50,50,scene_09,16,7,0.5,0,7,16,0.0,0.0,0.0,9
scene_09_50_000702,test,scene_09,scene_09,000702,50,50,scene_09,16,5,0.25,0,5,16,0.0,0.0,0.0,11
scene_09_50_000702,test,scene_09,scene_09,000702,50,50,scene_09,16,5,0.5,0,5,16,0.0,0.0,0.0,11
scene_09_50_000703,test,scene_09,scene_09,000703,50,50,scene_09,16,8,0.25,0,8,16,0.0,0.0,0.0,8
scene_09_50_000703,test,scene_09,scene_09,000703,50,50,scene_09,16,8,0.5,0,8,16,0.0,0.0,0.0,8
scene_09_50_000704,test,scene_09,scene_09,000704,50,50,scene_09,10,9,0.25,0,9,10,0.0,0.0,0.0,1
scene_09_50_000704,test,scene_09,scene_09,000704,50,50,scene_09,10,9,0.5,0,9,10,0.0,0.0,0.0,1
scene_09_50_000705,test,scene_09,scene_09,000705,50,50,scene_09,9,5,0.25,0,5,9,0.0,0.0,0.0,4
scene_09_50_000705,test,scene_09,scene_09,000705,50,50,scene_09,9,5,0.5,0,5,9,0.0,0.0,0.0,4
scene_09_50_000706,test,scene_09,scene_09,000706,50,50,scene_09,8,10,0.25,0,10,8,0.0,0.0,0.0,2
scene_09_50_000706,test,scene_09,scene_09,000706,50,50,scene_09,8,10,0.5,0,10,8,0.0,0.0,0.0,2
scene_09_50_000707,test,scene_09,scene_09,000707,50,50,scene_09,10,6,0.25,0,6,10,0.0,0.0,0.0,4
scene_09_50_000707,test,scene_09,scene_09,000707,50,50,scene_09,10,6,0.5,0,6,10,0.0,0.0,0.0,4
scene_09_50_000708,test,scene_09,scene_09,000708,50,50,scene_09,11,12,0.25,0,12,11,0.0,0.0,0.0,1
scene_09_50_000708,test,scene_09,scene_09,000708,50,50,scene_09,11,12,0.5,0,12,11,0.0,0.0,0.0,1
scene_09_50_000709,test,scene_09,scene_09,000709,50,50,scene_09,14,4,0.25,0,4,14,0.0,0.0,0.0,10
scene_09_50_000709,test,scene_09,scene_09,000709,50,50,scene_09,14,4,0.5,0,4,14,0.0,0.0,0.0,10
scene_09_50_000710,test,scene_09,scene_09,000710,50,50,scene_09,15,4,0.25,0,4,15,0.0,0.0,0.0,11
scene_09_50_000710,test,scene_09,scene_09,000710,50,50,scene_09,15,4,0.5,0,4,15,0.0,0.0,0.0,11
scene_09_50_000711,test,scene_09,scene_09,000711,50,50,scene_09,10,6,0.25,0,6,10,0.0,0.0,0.0,4
scene_09_50_000711,test,scene_09,scene_09,000711,50,50,scene_09,10,6,0.5,0,6,10,0.0,0.0,0.0,4
scene_09_50_000712,test,scene_09,scene_09,000712,50,50,scene_09,15,5,0.25,0,5,15,0.0,0.0,0.0,10
scene_09_50_000712,test,scene_09,scene_09,000712,50,50,scene_09,15,5,0.5,0,5,15,0.0,0.0,0.0,10
scene_09_50_000713,test,scene_09,scene_09,000713,50,50,scene_09,10,6,0.25,0,6,10,0.0,0.0,0.0,4
scene_09_50_000713,test,scene_09,scene_09,000713,50,50,scene_09,10,6,0.5,0,6,10,0.0,0.0,0.0,4
scene_09_50_000714,test,scene_09,scene_09,000714,50,50,scene_09,12,7,0.25,0,7,12,0.0,0.0,0.0,5
scene_09_50_000714,test,scene_09,scene_09,000714,50,50,scene_09,12,7,0.5,0,7,12,0.0,0.0,0.0,5
scene_09_50_000715,test,scene_09,scene_09,000715,50,50,scene_09,11,10,0.25,0,10,11,0.0,0.0,0.0,1
scene_09_50_000715,test,scene_09,scene_09,000715,50,50,scene_09,11,10,0.5,0,10,11,0.0,0.0,0.0,1
scene_09_50_000716,test,scene_09,scene_09,000716,50,50,scene_09,10,1,0.25,0,1,10,0.0,0.0,0.0,9
scene_09_50_000716,test,scene_09,scene_09,000716,50,50,scene_09,10,1,0.5,0,1,10,0.0,0.0,0.0,9
scene_09_50_000717,test,scene_09,scene_09,000717,50,50,scene_09,12,0,0.25,0,0,12,0.0,0.0,0.0,12
scene_09_50_000717,test,scene_09,scene_09,000717,50,50,scene_09,12,0,0.5,0,0,12,0.0,0.0,0.0,12
scene_09_50_000718,test,scene_09,scene_09,000718,50,50,scene_09,13,7,0.25,0,7,13,0.0,0.0,0.0,6
scene_09_50_000718,test,scene_09,scene_09,000718,50,50,scene_09,13,7,0.5,0,7,13,0.0,0.0,0.0,6
scene_09_50_000719,test,scene_09,scene_09,000719,50,50,scene_09,15,4,0.25,0,4,15,0.0,0.0,0.0,11
scene_09_50_000719,test,scene_09,scene_09,000719,50,50,scene_09,15,4,0.5,0,4,15,0.0,0.0,0.0,11
scene_09_50_000720,test,scene_09,scene_09,000720,50,50,scene_09,16,10,0.25,0,10,16,0.0,0.0,0.0,6
scene_09_50_000720,test,scene_09,scene_09,000720,50,50,scene_09,16,10,0.5,0,10,16,0.0,0.0,0.0,6
scene_09_50_000721,test,scene_09,scene_09,000721,50,50,scene_09,18,1,0.25,0,1,18,0.0,0.0,0.0,17
scene_09_50_000721,test,scene_09,scene_09,000721,50,50,scene_09,18,1,0.5,0,1,18,0.0,0.0,0.0,17
scene_09_50_000722,test,scene_09,scene_09,000722,50,50,scene_09,13,11,0.25,0,11,13,0.0,0.0,0.0,2
scene_09_50_000722,test,scene_09,scene_09,000722,50,50,scene_09,13,11,0.5,0,11,13,0.0,0.0,0.0,2
scene_09_50_000723,test,scene_09,scene_09,000723,50,50,scene_09,13,2,0.25,0,2,13,0.0,0.0,0.0,11
scene_09_50_000723,test,scene_09,scene_09,000723,50,50,scene_09,13,2,0.5,0,2,13,0.0,0.0,0.0,11
scene_09_50_000724,test,scene_09,scene_09,000724,50,50,scene_09,13,1,0.25,0,1,13,0.0,0.0,0.0,12
scene_09_50_000724,test,scene_09,scene_09,000724,50,50,scene_09,13,1,0.5,0,1,13,0.0,0.0,0.0,12
scene_09_50_000725,test,scene_09,scene_09,000725,50,50,scene_09,13,8,0.25,0,8,13,0.0,0.0,0.0,5
scene_09_50_000725,test,scene_09,scene_09,000725,50,50,scene_09,13,8,0.5,0,8,13,0.0,0.0,0.0,5
scene_09_50_000726,test,scene_09,scene_09,000726,50,50,scene_09,12,0,0.25,0,0,12,0.0,0.0,0.0,12
scene_09_50_000726,test,scene_09,scene_09,000726,50,50,scene_09,12,0,0.5,0,0,12,0.0,0.0,0.0,12
scene_09_50_000727,test,scene_09,scene_09,000727,50,50,scene_09,13,0,0.25,0,0,13,0.0,0.0,0.0,13
scene_09_50_000727,test,scene_09,scene_09,000727,50,50,scene_09,13,0,0.5,0,0,13,0.0,0.0,0.0,13
scene_09_50_000728,test,scene_09,scene_09,000728,50,50,scene_09,14,1,0.25,0,1,14,0.0,0.0,0.0,13
scene_09_50_000728,test,scene_09,scene_09,000728,50,50,scene_09,14,1,0.5,0,1,14,0.0,0.0,0.0,13
scene_09_50_000729,test,scene_09,scene_09,000729,50,50,scene_09,17,0,0.25,0,0,17,0.0,0.0,0.0,17
scene_09_50_000729,test,scene_09,scene_09,000729,50,50,scene_09,17,0,0.5,0,0,17,0.0,0.0,0.0,17
scene_09_50_000730,test,scene_09,scene_09,000730,50,50,scene_09,16,7,0.25,0,7,16,0.0,0.0,0.0,9
scene_09_50_000730,test,scene_09,scene_09,000730,50,50,scene_09,16,7,0.5,0,7,16,0.0,0.0,0.0,9
scene_09_50_000731,test,scene_09,scene_09,000731,50,50,scene_09,15,16,0.25,0,16,15,0.0,0.0,0.0,1
scene_09_50_000731,test,scene_09,scene_09,000731,50,50,scene_09,15,16,0.5,0,16,15,0.0,0.0,0.0,1
scene_09_50_000732,test,scene_09,scene_09,000732,50,50,scene_09,14,6,0.25,0,6,14,0.0,0.0,0.0,8
scene_09_50_000732,test,scene_09,scene_09,000732,50,50,scene_09,14,6,0.5,0,6,14,0.0,0.0,0.0,8
scene_09_50_000733,test,scene_09,scene_09,000733,50,50,scene_09,12,3,0.25,0,3,12,0.0,0.0,0.0,9
scene_09_50_000733,test,scene_09,scene_09,000733,50,50,scene_09,12,3,0.5,0,3,12,0.0,0.0,0.0,9
scene_09_50_000734,test,scene_09,scene_09,000734,50,50,scene_09,13,5,0.25,0,5,13,0.0,0.0,0.0,8
scene_09_50_000734,test,scene_09,scene_09,000734,50,50,scene_09,13,5,0.5,0,5,13,0.0,0.0,0.0,8
scene_09_50_000735,test,scene_09,scene_09,000735,50,50,scene_09,15,10,0.25,0,10,15,0.0,0.0,0.0,5
scene_09_50_000735,test,scene_09,scene_09,000735,50,50,scene_09,15,10,0.5,0,10,15,0.0,0.0,0.0,5
scene_09_50_000736,test,scene_09,scene_09,000736,50,50,scene_09,12,6,0.25,0,6,12,0.0,0.0,0.0,6
scene_09_50_000736,test,scene_09,scene_09,000736,50,50,scene_09,12,6,0.5,0,6,12,0.0,0.0,0.0,6
scene_09_50_000737,test,scene_09,scene_09,000737,50,50,scene_09,20,4,0.25,0,4,20,0.0,0.0,0.0,16
scene_09_50_000737,test,scene_09,scene_09,000737,50,50,scene_09,20,4,0.5,0,4,20,0.0,0.0,0.0,16
scene_09_50_000738,test,scene_09,scene_09,000738,50,50,scene_09,20,2,0.25,0,2,20,0.0,0.0,0.0,18
scene_09_50_000738,test,scene_09,scene_09,000738,50,50,scene_09,20,2,0.5,0,2,20,0.0,0.0,0.0,18
scene_09_50_000739,test,scene_09,scene_09,000739,50,50,scene_09,18,1,0.25,0,1,18,0.0,0.0,0.0,17
scene_09_50_000739,test,scene_09,scene_09,000739,50,50,scene_09,18,1,0.5,0,1,18,0.0,0.0,0.0,17
scene_09_50_000740,test,scene_09,scene_09,000740,50,50,scene_09,25,1,0.25,0,1,25,0.0,0.0,0.0,24
scene_09_50_000740,test,scene_09,scene_09,000740,50,50,scene_09,25,1,0.5,0,1,25,0.0,0.0,0.0,24
scene_09_50_000741,test,scene_09,scene_09,000741,50,50,scene_09,12,4,0.25,0,4,12,0.0,0.0,0.0,8
scene_09_50_000741,test,scene_09,scene_09,000741,50,50,scene_09,12,4,0.5,0,4,12,0.0,0.0,0.0,8
scene_09_50_000742,test,scene_09,scene_09,000742,50,50,scene_09,15,5,0.25,0,5,15,0.0,0.0,0.0,10
scene_09_50_000742,test,scene_09,scene_09,000742,50,50,scene_09,15,5,0.5,0,5,15,0.0,0.0,0.0,10
scene_09_50_000743,test,scene_09,scene_09,000743,50,50,scene_09,10,3,0.25,0,3,10,0.0,0.0,0.0,7
scene_09_50_000743,test,scene_09,scene_09,000743,50,50,scene_09,10,3,0.5,0,3,10,0.0,0.0,0.0,7
scene_09_50_000744,test,scene_09,scene_09,000744,50,50,scene_09,14,8,0.25,0,8,14,0.0,0.0,0.0,6
scene_09_50_000744,test,scene_09,scene_09,000744,50,50,scene_09,14,8,0.5,0,8,14,0.0,0.0,0.0,6
scene_09_50_000745,test,scene_09,scene_09,000745,50,50,scene_09,16,5,0.25,0,5,16,0.0,0.0,0.0,11
scene_09_50_000745,test,scene_09,scene_09,000745,50,50,scene_09,16,5,0.5,0,5,16,0.0,0.0,0.0,11
scene_09_50_000746,test,scene_09,scene_09,000746,50,50,scene_09,14,3,0.25,0,3,14,0.0,0.0,0.0,11
scene_09_50_000746,test,scene_09,scene_09,000746,50,50,scene_09,14,3,0.5,0,3,14,0.0,0.0,0.0,11
scene_09_50_000747,test,scene_09,scene_09,000747,50,50,scene_09,10,2,0.25,0,2,10,0.0,0.0,0.0,8
scene_09_50_000747,test,scene_09,scene_09,000747,50,50,scene_09,10,2,0.5,0,2,10,0.0,0.0,0.0,8
scene_09_50_000748,test,scene_09,scene_09,000748,50,50,scene_09,15,2,0.25,0,2,15,0.0,0.0,0.0,13
scene_09_50_000748,test,scene_09,scene_09,000748,50,50,scene_09,15,2,0.5,0,2,15,0.0,0.0,0.0,13
scene_09_50_000749,test,scene_09,scene_09,000749,50,50,scene_09,9,3,0.25,0,3,9,0.0,0.0,0.0,6
scene_09_50_000749,test,scene_09,scene_09,000749,50,50,scene_09,9,3,0.5,0,3,9,0.0,0.0,0.0,6
scene_09_50_000750,test,scene_09,scene_09,000750,50,50,scene_09,12,4,0.25,0,4,12,0.0,0.0,0.0,8
scene_09_50_000750,test,scene_09,scene_09,000750,50,50,scene_09,12,4,0.5,0,4,12,0.0,0.0,0.0,8
scene_09_50_000751,test,scene_09,scene_09,000751,50,50,scene_09,10,2,0.25,0,2,10,0.0,0.0,0.0,8
scene_09_50_000751,test,scene_09,scene_09,000751,50,50,scene_09,10,2,0.5,0,2,10,0.0,0.0,0.0,8
scene_09_50_000752,test,scene_09,scene_09,000752,50,50,scene_09,10,1,0.25,0,1,10,0.0,0.0,0.0,9
scene_09_50_000752,test,scene_09,scene_09,000752,50,50,scene_09,10,1,0.5,0,1,10,0.0,0.0,0.0,9
scene_09_50_000753,test,scene_09,scene_09,000753,50,50,scene_09,12,3,0.25,0,3,12,0.0,0.0,0.0,9
scene_09_50_000753,test,scene_09,scene_09,000753,50,50,scene_09,12,3,0.5,0,3,12,0.0,0.0,0.0,9
scene_09_50_000754,test,scene_09,scene_09,000754,50,50,scene_09,10,4,0.25,0,4,10,0.0,0.0,0.0,6
scene_09_50_000754,test,scene_09,scene_09,000754,50,50,scene_09,10,4,0.5,0,4,10,0.0,0.0,0.0,6
scene_09_50_000755,test,scene_09,scene_09,000755,50,50,scene_09,12,6,0.25,0,6,12,0.0,0.0,0.0,6
scene_09_50_000755,test,scene_09,scene_09,000755,50,50,scene_09,12,6,0.5,0,6,12,0.0,0.0,0.0,6
scene_09_50_000756,test,scene_09,scene_09,000756,50,50,scene_09,12,5,0.25,0,5,12,0.0,0.0,0.0,7
scene_09_50_000756,test,scene_09,scene_09,000756,50,50,scene_09,12,5,0.5,0,5,12,0.0,0.0,0.0,7
scene_09_50_000757,test,scene_09,scene_09,000757,50,50,scene_09,15,3,0.25,0,3,15,0.0,0.0,0.0,12
scene_09_50_000757,test,scene_09,scene_09,000757,50,50,scene_09,15,3,0.5,0,3,15,0.0,0.0,0.0,12
scene_09_50_000758,test,scene_09,scene_09,000758,50,50,scene_09,11,5,0.25,0,5,11,0.0,0.0,0.0,6
scene_09_50_000758,test,scene_09,scene_09,000758,50,50,scene_09,11,5,0.5,0,5,11,0.0,0.0,0.0,6
scene_09_50_000759,test,scene_09,scene_09,000759,50,50,scene_09,15,8,0.25,0,8,15,0.0,0.0,0.0,7
scene_09_50_000759,test,scene_09,scene_09,000759,50,50,scene_09,15,8,0.5,0,8,15,0.0,0.0,0.0,7
scene_09_50_000760,test,scene_09,scene_09,000760,50,50,scene_09,13,7,0.25,0,7,13,0.0,0.0,0.0,6
scene_09_50_000760,test,scene_09,scene_09,000760,50,50,scene_09,13,7,0.5,0,7,13,0.0,0.0,0.0,6
scene_09_50_000761,test,scene_09,scene_09,000761,50,50,scene_09,13,8,0.25,0,8,13,0.0,0.0,0.0,5
scene_09_50_000761,test,scene_09,scene_09,000761,50,50,scene_09,13,8,0.5,0,8,13,0.0,0.0,0.0,5
scene_09_50_000762,test,scene_09,scene_09,000762,50,50,scene_09,13,8,0.25,0,8,13,0.0,0.0,0.0,5
scene_09_50_000762,test,scene_09,scene_09,000762,50,50,scene_09,13,8,0.5,0,8,13,0.0,0.0,0.0,5
scene_09_50_000763,test,scene_09,scene_09,000763,50,50,scene_09,15,12,0.25,0,12,15,0.0,0.0,0.0,3
scene_09_50_000763,test,scene_09,scene_09,000763,50,50,scene_09,15,12,0.5,0,12,15,0.0,0.0,0.0,3
scene_09_50_000764,test,scene_09,scene_09,000764,50,50,scene_09,14,10,0.25,0,10,14,0.0,0.0,0.0,4
scene_09_50_000764,test,scene_09,scene_09,000764,50,50,scene_09,14,10,0.5,0,10,14,0.0,0.0,0.0,4
scene_09_50_000765,test,scene_09,scene_09,000765,50,50,scene_09,11,11,0.25,0,11,11,0.0,0.0,0.0,0
scene_09_50_000765,test,scene_09,scene_09,000765,50,50,scene_09,11,11,0.5,0,11,11,0.0,0.0,0.0,0
scene_09_50_000766,test,scene_09,scene_09,000766,50,50,scene_09,16,16,0.25,0,16,16,0.0,0.0,0.0,0
scene_09_50_000766,test,scene_09,scene_09,000766,50,50,scene_09,16,16,0.5,0,16,16,0.0,0.0,0.0,0
scene_09_50_000767,test,scene_09,scene_09,000767,50,50,scene_09,15,7,0.25,0,7,15,0.0,0.0,0.0,8
scene_09_50_000767,test,scene_09,scene_09,000767,50,50,scene_09,15,7,0.5,0,7,15,0.0,0.0,0.0,8
scene_09_50_000768,test,scene_09,scene_09,000768,50,50,scene_09,12,13,0.25,0,13,12,0.0,0.0,0.0,1
scene_09_50_000768,test,scene_09,scene_09,000768,50,50,scene_09,12,13,0.5,0,13,12,0.0,0.0,0.0,1
scene_09_50_000769,test,scene_09,scene_09,000769,50,50,scene_09,10,7,0.25,0,7,10,0.0,0.0,0.0,3
scene_09_50_000769,test,scene_09,scene_09,000769,50,50,scene_09,10,7,0.5,0,7,10,0.0,0.0,0.0,3
scene_09_50_000770,test,scene_09,scene_09,000770,50,50,scene_09,9,7,0.25,0,7,9,0.0,0.0,0.0,2
scene_09_50_000770,test,scene_09,scene_09,000770,50,50,scene_09,9,7,0.5,0,7,9,0.0,0.0,0.0,2
scene_09_50_000771,test,scene_09,scene_09,000771,50,50,scene_09,7,11,0.25,0,11,7,0.0,0.0,0.0,4
scene_09_50_000771,test,scene_09,scene_09,000771,50,50,scene_09,7,11,0.5,0,11,7,0.0,0.0,0.0,4
scene_09_50_000772,test,scene_09,scene_09,000772,50,50,scene_09,9,9,0.25,0,9,9,0.0,0.0,0.0,0
scene_09_50_000772,test,scene_09,scene_09,000772,50,50,scene_09,9,9,0.5,0,9,9,0.0,0.0,0.0,0
scene_09_50_000773,test,scene_09,scene_09,000773,50,50,scene_09,8,6,0.25,0,6,8,0.0,0.0,0.0,2
scene_09_50_000773,test,scene_09,scene_09,000773,50,50,scene_09,8,6,0.5,0,6,8,0.0,0.0,0.0,2
scene_09_50_000774,test,scene_09,scene_09,000774,50,50,scene_09,13,8,0.25,0,8,13,0.0,0.0,0.0,5
scene_09_50_000774,test,scene_09,scene_09,000774,50,50,scene_09,13,8,0.5,0,8,13,0.0,0.0,0.0,5
scene_09_50_000775,test,scene_09,scene_09,000775,50,50,scene_09,15,7,0.25,0,7,15,0.0,0.0,0.0,8
scene_09_50_000775,test,scene_09,scene_09,000775,50,50,scene_09,15,7,0.5,0,7,15,0.0,0.0,0.0,8
scene_09_50_000776,test,scene_09,scene_09,000776,50,50,scene_09,14,8,0.25,0,8,14,0.0,0.0,0.0,6
scene_09_50_000776,test,scene_09,scene_09,000776,50,50,scene_09,14,8,0.5,0,8,14,0.0,0.0,0.0,6
scene_09_50_000777,test,scene_09,scene_09,000777,50,50,scene_09,17,16,0.25,0,16,17,0.0,0.0,0.0,1
scene_09_50_000777,test,scene_09,scene_09,000777,50,50,scene_09,17,16,0.5,0,16,17,0.0,0.0,0.0,1
scene_09_50_000778,test,scene_09,scene_09,000778,50,50,scene_09,13,14,0.25,0,14,13,0.0,0.0,0.0,1
scene_09_50_000778,test,scene_09,scene_09,000778,50,50,scene_09,13,14,0.5,0,14,13,0.0,0.0,0.0,1
scene_09_50_000779,test,scene_09,scene_09,000779,50,50,scene_09,11,6,0.25,0,6,11,0.0,0.0,0.0,5
scene_09_50_000779,test,scene_09,scene_09,000779,50,50,scene_09,11,6,0.5,0,6,11,0.0,0.0,0.0,5
scene_09_50_000780,test,scene_09,scene_09,000780,50,50,scene_09,15,7,0.25,0,7,15,0.0,0.0,0.0,8
scene_09_50_000780,test,scene_09,scene_09,000780,50,50,scene_09,15,7,0.5,0,7,15,0.0,0.0,0.0,8
scene_09_50_000781,test,scene_09,scene_09,000781,50,50,scene_09,13,9,0.25,0,9,13,0.0,0.0,0.0,4
scene_09_50_000781,test,scene_09,scene_09,000781,50,50,scene_09,13,9,0.5,0,9,13,0.0,0.0,0.0,4
scene_09_50_000782,test,scene_09,scene_09,000782,50,50,scene_09,14,8,0.25,0,8,14,0.0,0.0,0.0,6
scene_09_50_000782,test,scene_09,scene_09,000782,50,50,scene_09,14,8,0.5,0,8,14,0.0,0.0,0.0,6
scene_09_50_000783,test,scene_09,scene_09,000783,50,50,scene_09,10,11,0.25,0,11,10,0.0,0.0,0.0,1
scene_09_50_000783,test,scene_09,scene_09,000783,50,50,scene_09,10,11,0.5,0,11,10,0.0,0.0,0.0,1
scene_09_50_000784,test,scene_09,scene_09,000784,50,50,scene_09,10,5,0.25,0,5,10,0.0,0.0,0.0,5
scene_09_50_000784,test,scene_09,scene_09,000784,50,50,scene_09,10,5,0.5,0,5,10,0.0,0.0,0.0,5
scene_09_50_000785,test,scene_09,scene_09,000785,50,50,scene_09,13,5,0.25,0,5,13,0.0,0.0,0.0,8
scene_09_50_000785,test,scene_09,scene_09,000785,50,50,scene_09,13,5,0.5,0,5,13,0.0,0.0,0.0,8
scene_09_50_000786,test,scene_09,scene_09,000786,50,50,scene_09,10,3,0.25,0,3,10,0.0,0.0,0.0,7
scene_09_50_000786,test,scene_09,scene_09,000786,50,50,scene_09,10,3,0.5,0,3,10,0.0,0.0,0.0,7
scene_09_50_000787,test,scene_09,scene_09,000787,50,50,scene_09,9,3,0.25,0,3,9,0.0,0.0,0.0,6
scene_09_50_000787,test,scene_09,scene_09,000787,50,50,scene_09,9,3,0.5,0,3,9,0.0,0.0,0.0,6
scene_09_50_000788,test,scene_09,scene_09,000788,50,50,scene_09,10,3,0.25,0,3,10,0.0,0.0,0.0,7
scene_09_50_000788,test,scene_09,scene_09,000788,50,50,scene_09,10,3,0.5,0,3,10,0.0,0.0,0.0,7
scene_09_50_000789,test,scene_09,scene_09,000789,50,50,scene_09,7,4,0.25,0,4,7,0.0,0.0,0.0,3
scene_09_50_000789,test,scene_09,scene_09,000789,50,50,scene_09,7,4,0.5,0,4,7,0.0,0.0,0.0,3
scene_09_50_000790,test,scene_09,scene_09,000790,50,50,scene_09,10,0,0.25,0,0,10,0.0,0.0,0.0,10
scene_09_50_000790,test,scene_09,scene_09,000790,50,50,scene_09,10,0,0.5,0,0,10,0.0,0.0,0.0,10
scene_09_50_000791,test,scene_09,scene_09,000791,50,50,scene_09,9,0,0.25,0,0,9,0.0,0.0,0.0,9
scene_09_50_000791,test,scene_09,scene_09,000791,50,50,scene_09,9,0,0.5,0,0,9,0.0,0.0,0.0,9
scene_09_50_000792,test,scene_09,scene_09,000792,50,50,scene_09,5,2,0.25,0,2,5,0.0,0.0,0.0,3
scene_09_50_000792,test,scene_09,scene_09,000792,50,50,scene_09,5,2,0.5,0,2,5,0.0,0.0,0.0,3
scene_09_50_000821,test,scene_09,scene_09,000821,50,50,scene_09,5,6,0.25,0,6,5,0.0,0.0,0.0,1
scene_09_50_000821,test,scene_09,scene_09,000821,50,50,scene_09,5,6,0.5,0,6,5,0.0,0.0,0.0,1
scene_09_50_000822,test,scene_09,scene_09,000822,50,50,scene_09,8,0,0.25,0,0,8,0.0,0.0,0.0,8
scene_09_50_000822,test,scene_09,scene_09,000822,50,50,scene_09,8,0,0.5,0,0,8,0.0,0.0,0.0,8
scene_09_50_000823,test,scene_09,scene_09,000823,50,50,scene_09,9,1,0.25,0,1,9,0.0,0.0,0.0,8
scene_09_50_000823,test,scene_09,scene_09,000823,50,50,scene_09,9,1,0.5,0,1,9,0.0,0.0,0.0,8
scene_09_50_000824,test,scene_09,scene_09,000824,50,50,scene_09,13,4,0.25,0,4,13,0.0,0.0,0.0,9
scene_09_50_000824,test,scene_09,scene_09,000824,50,50,scene_09,13,4,0.5,0,4,13,0.0,0.0,0.0,9
scene_09_50_000825,test,scene_09,scene_09,000825,50,50,scene_09,11,2,0.25,0,2,11,0.0,0.0,0.0,9
scene_09_50_000825,test,scene_09,scene_09,000825,50,50,scene_09,11,2,0.5,0,2,11,0.0,0.0,0.0,9
scene_09_50_000826,test,scene_09,scene_09,000826,50,50,scene_09,14,5,0.25,0,5,14,0.0,0.0,0.0,9
scene_09_50_000826,test,scene_09,scene_09,000826,50,50,scene_09,14,5,0.5,0,5,14,0.0,0.0,0.0,9
scene_09_50_000827,test,scene_09,scene_09,000827,50,50,scene_09,14,6,0.25,0,6,14,0.0,0.0,0.0,8
scene_09_50_000827,test,scene_09,scene_09,000827,50,50,scene_09,14,6,0.5,0,6,14,0.0,0.0,0.0,8
scene_09_50_000828,test,scene_09,scene_09,000828,50,50,scene_09,16,3,0.25,0,3,16,0.0,0.0,0.0,13
scene_09_50_000828,test,scene_09,scene_09,000828,50,50,scene_09,16,3,0.5,0,3,16,0.0,0.0,0.0,13
scene_09_50_000829,test,scene_09,scene_09,000829,50,50,scene_09,18,0,0.25,0,0,18,0.0,0.0,0.0,18
scene_09_50_000829,test,scene_09,scene_09,000829,50,50,scene_09,18,0,0.5,0,0,18,0.0,0.0,0.0,18
scene_09_50_000830,test,scene_09,scene_09,000830,50,50,scene_09,18,1,0.25,0,1,18,0.0,0.0,0.0,17
scene_09_50_000830,test,scene_09,scene_09,000830,50,50,scene_09,18,1,0.5,0,1,18,0.0,0.0,0.0,17
scene_09_50_000831,test,scene_09,scene_09,000831,50,50,scene_09,9,2,0.25,0,2,9,0.0,0.0,0.0,7
scene_09_50_000831,test,scene_09,scene_09,000831,50,50,scene_09,9,2,0.5,0,2,9,0.0,0.0,0.0,7
scene_09_50_000860,test,scene_09,scene_09,000860,50,50,scene_09,7,2,0.25,0,2,7,0.0,0.0,0.0,5
scene_09_50_000860,test,scene_09,scene_09,000860,50,50,scene_09,7,2,0.5,0,2,7,0.0,0.0,0.0,5
scene_09_50_000861,test,scene_09,scene_09,000861,50,50,scene_09,15,4,0.25,0,4,15,0.0,0.0,0.0,11
scene_09_50_000861,test,scene_09,scene_09,000861,50,50,scene_09,15,4,0.5,0,4,15,0.0,0.0,0.0,11
scene_09_50_000862,test,scene_09,scene_09,000862,50,50,scene_09,13,0,0.25,0,0,13,0.0,0.0,0.0,13
scene_09_50_000862,test,scene_09,scene_09,000862,50,50,scene_09,13,0,0.5,0,0,13,0.0,0.0,0.0,13
scene_09_50_000863,test,scene_09,scene_09,000863,50,50,scene_09,18,2,0.25,0,2,18,0.0,0.0,0.0,16
scene_09_50_000863,test,scene_09,scene_09,000863,50,50,scene_09,18,2,0.5,0,2,18,0.0,0.0,0.0,16
scene_09_50_000864,test,scene_09,scene_09,000864,50,50,scene_09,14,7,0.25,0,7,14,0.0,0.0,0.0,7
scene_09_50_000864,test,scene_09,scene_09,000864,50,50,scene_09,14,7,0.5,0,7,14,0.0,0.0,0.0,7
scene_09_50_000865,test,scene_09,scene_09,000865,50,50,scene_09,19,10,0.25,0,10,19,0.0,0.0,0.0,9
scene_09_50_000865,test,scene_09,scene_09,000865,50,50,scene_09,19,10,0.5,0,10,19,0.0,0.0,0.0,9
scene_09_50_000866,test,scene_09,scene_09,000866,50,50,scene_09,18,6,0.25,0,6,18,0.0,0.0,0.0,12
scene_09_50_000866,test,scene_09,scene_09,000866,50,50,scene_09,18,6,0.5,0,6,18,0.0,0.0,0.0,12
scene_09_50_000867,test,scene_09,scene_09,000867,50,50,scene_09,17,5,0.25,0,5,17,0.0,0.0,0.0,12
scene_09_50_000867,test,scene_09,scene_09,000867,50,50,scene_09,17,5,0.5,0,5,17,0.0,0.0,0.0,12
scene_09_50_000868,test,scene_09,scene_09,000868,50,50,scene_09,16,1,0.25,0,1,16,0.0,0.0,0.0,15
scene_09_50_000868,test,scene_09,scene_09,000868,50,50,scene_09,16,1,0.5,0,1,16,0.0,0.0,0.0,15
scene_09_50_000869,test,scene_09,scene_09,000869,50,50,scene_09,21,0,0.25,0,0,21,0.0,0.0,0.0,21
scene_09_50_000869,test,scene_09,scene_09,000869,50,50,scene_09,21,0,0.5,0,0,21,0.0,0.0,0.0,21
scene_09_50_000870,test,scene_09,scene_09,000870,50,50,scene_09,6,2,0.25,0,2,6,0.0,0.0,0.0,4
scene_09_50_000870,test,scene_09,scene_09,000870,50,50,scene_09,6,2,0.5,0,2,6,0.0,0.0,0.0,4
scene_09_50_000899,test,scene_09,scene_09,000899,50,50,scene_09,20,4,0.25,0,4,20,0.0,0.0,0.0,16
scene_09_50_000899,test,scene_09,scene_09,000899,50,50,scene_09,20,4,0.5,0,4,20,0.0,0.0,0.0,16
scene_09_50_000900,test,scene_09,scene_09,000900,50,50,scene_09,17,2,0.25,0,2,17,0.0,0.0,0.0,15
scene_09_50_000900,test,scene_09,scene_09,000900,50,50,scene_09,17,2,0.5,0,2,17,0.0,0.0,0.0,15
scene_09_50_000901,test,scene_09,scene_09,000901,50,50,scene_09,18,1,0.25,0,1,18,0.0,0.0,0.0,17
scene_09_50_000901,test,scene_09,scene_09,000901,50,50,scene_09,18,1,0.5,0,1,18,0.0,0.0,0.0,17
scene_09_50_000902,test,scene_09,scene_09,000902,50,50,scene_09,22,9,0.25,0,9,22,0.0,0.0,0.0,13
scene_09_50_000902,test,scene_09,scene_09,000902,50,50,scene_09,22,9,0.5,0,9,22,0.0,0.0,0.0,13
scene_09_50_000903,test,scene_09,scene_09,000903,50,50,scene_09,19,7,0.25,0,7,19,0.0,0.0,0.0,12
scene_09_50_000903,test,scene_09,scene_09,000903,50,50,scene_09,19,7,0.5,0,7,19,0.0,0.0,0.0,12
scene_09_50_000904,test,scene_09,scene_09,000904,50,50,scene_09,22,5,0.25,0,5,22,0.0,0.0,0.0,17
scene_09_50_000904,test,scene_09,scene_09,000904,50,50,scene_09,22,5,0.5,0,5,22,0.0,0.0,0.0,17
scene_09_50_000905,test,scene_09,scene_09,000905,50,50,scene_09,20,5,0.25,0,5,20,0.0,0.0,0.0,15
scene_09_50_000905,test,scene_09,scene_09,000905,50,50,scene_09,20,5,0.5,0,5,20,0.0,0.0,0.0,15
scene_09_50_000906,test,scene_09,scene_09,000906,50,50,scene_09,23,7,0.25,0,7,23,0.0,0.0,0.0,16
scene_09_50_000906,test,scene_09,scene_09,000906,50,50,scene_09,23,7,0.5,0,7,23,0.0,0.0,0.0,16
scene_09_50_000907,test,scene_09,scene_09,000907,50,50,scene_09,14,2,0.25,0,2,14,0.0,0.0,0.0,12
scene_09_50_000907,test,scene_09,scene_09,000907,50,50,scene_09,14,2,0.5,0,2,14,0.0,0.0,0.0,12
scene_09_50_000908,test,scene_09,scene_09,000908,50,50,scene_09,20,6,0.25,0,6,20,0.0,0.0,0.0,14
scene_09_50_000908,test,scene_09,scene_09,000908,50,50,scene_09,20,6,0.5,0,6,20,0.0,0.0,0.0,14
scene_09_50_000909,test,scene_09,scene_09,000909,50,50,scene_09,6,7,0.25,0,7,6,0.0,0.0,0.0,1
scene_09_50_000909,test,scene_09,scene_09,000909,50,50,scene_09,6,7,0.5,0,7,6,0.0,0.0,0.0,1
scene_09_50_000937,test,scene_09,scene_09,000937,50,50,scene_09,5,1,0.25,0,1,5,0.0,0.0,0.0,4
scene_09_50_000937,test,scene_09,scene_09,000937,50,50,scene_09,5,1,0.5,0,1,5,0.0,0.0,0.0,4
scene_09_50_000938,test,scene_09,scene_09,000938,50,50,scene_09,21,0,0.25,0,0,21,0.0,0.0,0.0,21
scene_09_50_000938,test,scene_09,scene_09,000938,50,50,scene_09,21,0,0.5,0,0,21,0.0,0.0,0.0,21
scene_09_50_000939,test,scene_09,scene_09,000939,50,50,scene_09,17,2,0.25,0,2,17,0.0,0.0,0.0,15
scene_09_50_000939,test,scene_09,scene_09,000939,50,50,scene_09,17,2,0.5,0,2,17,0.0,0.0,0.0,15
scene_09_50_000940,test,scene_09,scene_09,000940,50,50,scene_09,21,6,0.25,0,6,21,0.0,0.0,0.0,15
scene_09_50_000940,test,scene_09,scene_09,000940,50,50,scene_09,21,6,0.5,0,6,21,0.0,0.0,0.0,15
scene_09_50_000941,test,scene_09,scene_09,000941,50,50,scene_09,20,6,0.25,0,6,20,0.0,0.0,0.0,14
scene_09_50_000941,test,scene_09,scene_09,000941,50,50,scene_09,20,6,0.5,0,6,20,0.0,0.0,0.0,14
scene_09_50_000942,test,scene_09,scene_09,000942,50,50,scene_09,20,9,0.25,0,9,20,0.0,0.0,0.0,11
scene_09_50_000942,test,scene_09,scene_09,000942,50,50,scene_09,20,9,0.5,0,9,20,0.0,0.0,0.0,11
scene_09_50_000943,test,scene_09,scene_09,000943,50,50,scene_09,20,5,0.25,0,5,20,0.0,0.0,0.0,15
scene_09_50_000943,test,scene_09,scene_09,000943,50,50,scene_09,20,5,0.5,0,5,20,0.0,0.0,0.0,15
scene_09_50_000944,test,scene_09,scene_09,000944,50,50,scene_09,17,9,0.25,0,9,17,0.0,0.0,0.0,8
scene_09_50_000944,test,scene_09,scene_09,000944,50,50,scene_09,17,9,0.5,0,9,17,0.0,0.0,0.0,8
scene_09_50_000945,test,scene_09,scene_09,000945,50,50,scene_09,14,0,0.25,0,0,14,0.0,0.0,0.0,14
scene_09_50_000945,test,scene_09,scene_09,000945,50,50,scene_09,14,0,0.5,0,0,14,0.0,0.0,0.0,14
scene_09_50_000946,test,scene_09,scene_09,000946,50,50,scene_09,19,1,0.25,0,1,19,0.0,0.0,0.0,18
scene_09_50_000946,test,scene_09,scene_09,000946,50,50,scene_09,19,1,0.5,0,1,19,0.0,0.0,0.0,18
scene_09_50_000947,test,scene_09,scene_09,000947,50,50,scene_09,10,3,0.25,0,3,10,0.0,0.0,0.0,7
scene_09_50_000947,test,scene_09,scene_09,000947,50,50,scene_09,10,3,0.5,0,3,10,0.0,0.0,0.0,7
scene_09_50_000975,test,scene_09,scene_09,000975,50,50,scene_09,11,1,0.25,0,1,11,0.0,0.0,0.0,10
scene_09_50_000975,test,scene_09,scene_09,000975,50,50,scene_09,11,1,0.5,0,1,11,0.0,0.0,0.0,10
scene_09_50_000976,test,scene_09,scene_09,000976,50,50,scene_09,18,0,0.25,0,0,18,0.0,0.0,0.0,18
scene_09_50_000976,test,scene_09,scene_09,000976,50,50,scene_09,18,0,0.5,0,0,18,0.0,0.0,0.0,18
scene_09_50_000977,test,scene_09,scene_09,000977,50,50,scene_09,12,0,0.25,0,0,12,0.0,0.0,0.0,12
scene_09_50_000977,test,scene_09,scene_09,000977,50,50,scene_09,12,0,0.5,0,0,12,0.0,0.0,0.0,12
scene_09_50_000978,test,scene_09,scene_09,000978,50,50,scene_09,19,1,0.25,0,1,19,0.0,0.0,0.0,18
scene_09_50_000978,test,scene_09,scene_09,000978,50,50,scene_09,19,1,0.5,0,1,19,0.0,0.0,0.0,18
scene_09_50_000979,test,scene_09,scene_09,000979,50,50,scene_09,20,5,0.25,0,5,20,0.0,0.0,0.0,15
scene_09_50_000979,test,scene_09,scene_09,000979,50,50,scene_09,20,5,0.5,0,5,20,0.0,0.0,0.0,15
scene_09_50_000980,test,scene_09,scene_09,000980,50,50,scene_09,17,16,0.25,0,16,17,0.0,0.0,0.0,1
scene_09_50_000980,test,scene_09,scene_09,000980,50,50,scene_09,17,16,0.5,0,16,17,0.0,0.0,0.0,1
scene_09_50_000981,test,scene_09,scene_09,000981,50,50,scene_09,16,14,0.25,0,14,16,0.0,0.0,0.0,2
scene_09_50_000981,test,scene_09,scene_09,000981,50,50,scene_09,16,14,0.5,0,14,16,0.0,0.0,0.0,2
scene_09_50_000982,test,scene_09,scene_09,000982,50,50,scene_09,16,10,0.25,0,10,16,0.0,0.0,0.0,6
scene_09_50_000982,test,scene_09,scene_09,000982,50,50,scene_09,16,10,0.5,0,10,16,0.0,0.0,0.0,6
scene_09_50_000983,test,scene_09,scene_09,000983,50,50,scene_09,13,0,0.25,0,0,13,0.0,0.0,0.0,13
scene_09_50_000983,test,scene_09,scene_09,000983,50,50,scene_09,13,0,0.5,0,0,13,0.0,0.0,0.0,13
scene_09_50_000984,test,scene_09,scene_09,000984,50,50,scene_09,14,0,0.25,0,0,14,0.0,0.0,0.0,14
scene_09_50_000984,test,scene_09,scene_09,000984,50,50,scene_09,14,0,0.5,0,0,14,0.0,0.0,0.0,14
scene_09_50_000985,test,scene_09,scene_09,000985,50,50,scene_09,14,1,0.25,0,1,14,0.0,0.0,0.0,13
scene_09_50_000985,test,scene_09,scene_09,000985,50,50,scene_09,14,1,0.5,0,1,14,0.0,0.0,0.0,13
scene_09_50_001013,test,scene_09,scene_09,001013,50,50,scene_09,13,4,0.25,0,4,13,0.0,0.0,0.0,9
scene_09_50_001013,test,scene_09,scene_09,001013,50,50,scene_09,13,4,0.5,0,4,13,0.0,0.0,0.0,9
scene_09_50_001014,test,scene_09,scene_09,001014,50,50,scene_09,15,2,0.25,0,2,15,0.0,0.0,0.0,13
scene_09_50_001014,test,scene_09,scene_09,001014,50,50,scene_09,15,2,0.5,0,2,15,0.0,0.0,0.0,13
scene_09_50_001015,test,scene_09,scene_09,001015,50,50,scene_09,13,1,0.25,0,1,13,0.0,0.0,0.0,12
scene_09_50_001015,test,scene_09,scene_09,001015,50,50,scene_09,13,1,0.5,0,1,13,0.0,0.0,0.0,12
scene_09_50_001016,test,scene_09,scene_09,001016,50,50,scene_09,16,1,0.25,0,1,16,0.0,0.0,0.0,15
scene_09_50_001016,test,scene_09,scene_09,001016,50,50,scene_09,16,1,0.5,0,1,16,0.0,0.0,0.0,15
scene_09_50_001017,test,scene_09,scene_09,001017,50,50,scene_09,13,11,0.25,0,11,13,0.0,0.0,0.0,2
scene_09_50_001017,test,scene_09,scene_09,001017,50,50,scene_09,13,11,0.5,0,11,13,0.0,0.0,0.0,2
scene_09_50_001018,test,scene_09,scene_09,001018,50,50,scene_09,11,10,0.25,0,10,11,0.0,0.0,0.0,1
scene_09_50_001018,test,scene_09,scene_09,001018,50,50,scene_09,11,10,0.5,0,10,11,0.0,0.0,0.0,1
scene_09_50_001019,test,scene_09,scene_09,001019,50,50,scene_09,13,8,0.25,0,8,13,0.0,0.0,0.0,5
scene_09_50_001019,test,scene_09,scene_09,001019,50,50,scene_09,13,8,0.5,0,8,13,0.0,0.0,0.0,5
scene_09_50_001020,test,scene_09,scene_09,001020,50,50,scene_09,14,4,0.25,0,4,14,0.0,0.0,0.0,10
scene_09_50_001020,test,scene_09,scene_09,001020,50,50,scene_09,14,4,0.5,0,4,14,0.0,0.0,0.0,10
scene_09_50_001021,test,scene_09,scene_09,001021,50,50,scene_09,9,1,0.25,0,1,9,0.0,0.0,0.0,8
scene_09_50_001021,test,scene_09,scene_09,001021,50,50,scene_09,9,1,0.5,0,1,9,0.0,0.0,0.0,8
scene_09_50_001022,test,scene_09,scene_09,001022,50,50,scene_09,9,4,0.25,0,4,9,0.0,0.0,0.0,5
scene_09_50_001022,test,scene_09,scene_09,001022,50,50,scene_09,9,4,0.5,0,4,9,0.0,0.0,0.0,5
scene_09_50_001023,test,scene_09,scene_09,001023,50,50,scene_09,12,6,0.25,0,6,12,0.0,0.0,0.0,6
scene_09_50_001023,test,scene_09,scene_09,001023,50,50,scene_09,12,6,0.5,0,6,12,0.0,0.0,0.0,6
scene_09_50_001051,test,scene_09,scene_09,001051,50,50,scene_09,13,1,0.25,0,1,13,0.0,0.0,0.0,12
scene_09_50_001051,test,scene_09,scene_09,001051,50,50,scene_09,13,1,0.5,0,1,13,0.0,0.0,0.0,12
scene_09_50_001052,test,scene_09,scene_09,001052,50,50,scene_09,11,5,0.25,0,5,11,0.0,0.0,0.0,6
scene_09_50_001052,test,scene_09,scene_09,001052,50,50,scene_09,11,5,0.5,0,5,11,0.0,0.0,0.0,6
scene_09_50_001053,test,scene_09,scene_09,001053,50,50,scene_09,9,3,0.25,0,3,9,0.0,0.0,0.0,6
scene_09_50_001053,test,scene_09,scene_09,001053,50,50,scene_09,9,3,0.5,0,3,9,0.0,0.0,0.0,6
scene_09_50_001054,test,scene_09,scene_09,001054,50,50,scene_09,8,5,0.25,0,5,8,0.0,0.0,0.0,3
scene_09_50_001054,test,scene_09,scene_09,001054,50,50,scene_09,8,5,0.5,0,5,8,0.0,0.0,0.0,3
scene_09_50_001055,test,scene_09,scene_09,001055,50,50,scene_09,10,12,0.25,0,12,10,0.0,0.0,0.0,2
scene_09_50_001055,test,scene_09,scene_09,001055,50,50,scene_09,10,12,0.5,0,12,10,0.0,0.0,0.0,2
scene_09_50_001056,test,scene_09,scene_09,001056,50,50,scene_09,15,5,0.25,0,5,15,0.0,0.0,0.0,10
scene_09_50_001056,test,scene_09,scene_09,001056,50,50,scene_09,15,5,0.5,0,5,15,0.0,0.0,0.0,10
scene_09_50_001057,test,scene_09,scene_09,001057,50,50,scene_09,13,7,0.25,0,7,13,0.0,0.0,0.0,6
scene_09_50_001057,test,scene_09,scene_09,001057,50,50,scene_09,13,7,0.5,0,7,13,0.0,0.0,0.0,6
scene_09_50_001058,test,scene_09,scene_09,001058,50,50,scene_09,12,6,0.25,0,6,12,0.0,0.0,0.0,6
scene_09_50_001058,test,scene_09,scene_09,001058,50,50,scene_09,12,6,0.5,0,6,12,0.0,0.0,0.0,6
scene_09_50_001059,test,scene_09,scene_09,001059,50,50,scene_09,15,3,0.25,0,3,15,0.0,0.0,0.0,12
scene_09_50_001059,test,scene_09,scene_09,001059,50,50,scene_09,15,3,0.5,0,3,15,0.0,0.0,0.0,12
scene_09_50_001060,test,scene_09,scene_09,001060,50,50,scene_09,12,5,0.25,0,5,12,0.0,0.0,0.0,7
scene_09_50_001060,test,scene_09,scene_09,001060,50,50,scene_09,12,5,0.5,0,5,12,0.0,0.0,0.0,7
scene_09_50_001061,test,scene_09,scene_09,001061,50,50,scene_09,11,7,0.25,0,7,11,0.0,0.0,0.0,4
scene_09_50_001061,test,scene_09,scene_09,001061,50,50,scene_09,11,7,0.5,0,7,11,0.0,0.0,0.0,4
scene_09_50_001062,test,scene_09,scene_09,001062,50,50,scene_09,14,6,0.25,0,6,14,0.0,0.0,0.0,8
scene_09_50_001062,test,scene_09,scene_09,001062,50,50,scene_09,14,6,0.5,0,6,14,0.0,0.0,0.0,8
scene_09_50_001063,test,scene_09,scene_09,001063,50,50,scene_09,10,7,0.25,0,7,10,0.0,0.0,0.0,3
scene_09_50_001063,test,scene_09,scene_09,001063,50,50,scene_09,10,7,0.5,0,7,10,0.0,0.0,0.0,3
scene_09_50_001064,test,scene_09,scene_09,001064,50,50,scene_09,9,6,0.25,0,6,9,0.0,0.0,0.0,3
scene_09_50_001064,test,scene_09,scene_09,001064,50,50,scene_09,9,6,0.5,0,6,9,0.0,0.0,0.0,3
scene_09_50_001065,test,scene_09,scene_09,001065,50,50,scene_09,9,5,0.25,0,5,9,0.0,0.0,0.0,4
scene_09_50_001065,test,scene_09,scene_09,001065,50,50,scene_09,9,5,0.5,0,5,9,0.0,0.0,0.0,4
scene_09_50_001066,test,scene_09,scene_09,001066,50,50,scene_09,8,4,0.25,0,4,8,0.0,0.0,0.0,4
scene_09_50_001066,test,scene_09,scene_09,001066,50,50,scene_09,8,4,0.5,0,4,8,0.0,0.0,0.0,4
scene_09_50_001067,test,scene_09,scene_09,001067,50,50,scene_09,11,4,0.25,0,4,11,0.0,0.0,0.0,7
scene_09_50_001067,test,scene_09,scene_09,001067,50,50,scene_09,11,4,0.5,0,4,11,0.0,0.0,0.0,7
scene_09_50_001068,test,scene_09,scene_09,001068,50,50,scene_09,11,4,0.25,0,4,11,0.0,0.0,0.0,7
scene_09_50_001068,test,scene_09,scene_09,001068,50,50,scene_09,11,4,0.5,0,4,11,0.0,0.0,0.0,7
scene_09_50_001069,test,scene_09,scene_09,001069,50,50,scene_09,8,6,0.25,1,5,7,0.16666666666666666,0.125,0.14285714285714285,2
scene_09_50_001069,test,scene_09,scene_09,001069,50,50,scene_09,8,6,0.5,0,6,8,0.0,0.0,0.0,2
scene_09_50_001070,test,scene_09,scene_09,001070,50,50,scene_09,12,8,0.25,1,7,11,0.125,0.08333333333333333,0.1,4
scene_09_50_001070,test,scene_09,scene_09,001070,50,50,scene_09,12,8,0.5,0,8,12,0.0,0.0,0.0,4
scene_09_50_001071,test,scene_09,scene_09,001071,50,50,scene_09,15,6,0.25,1,5,14,0.16666666666666666,0.06666666666666667,0.09523809523809523,9
scene_09_50_001071,test,scene_09,scene_09,001071,50,50,scene_09,15,6,0.5,0,6,15,0.0,0.0,0.0,9
scene_09_50_001072,test,scene_09,scene_09,001072,50,50,scene_09,12,7,0.25,0,7,12,0.0,0.0,0.0,5
scene_09_50_001072,test,scene_09,scene_09,001072,50,50,scene_09,12,7,0.5,0,7,12,0.0,0.0,0.0,5
scene_09_50_001073,test,scene_09,scene_09,001073,50,50,scene_09,13,7,0.25,0,7,13,0.0,0.0,0.0,6
scene_09_50_001073,test,scene_09,scene_09,001073,50,50,scene_09,13,7,0.5,0,7,13,0.0,0.0,0.0,6
scene_09_50_001074,test,scene_09,scene_09,001074,50,50,scene_09,16,9,0.25,0,9,16,0.0,0.0,0.0,7
scene_09_50_001074,test,scene_09,scene_09,001074,50,50,scene_09,16,9,0.5,0,9,16,0.0,0.0,0.0,7
scene_09_50_001075,test,scene_09,scene_09,001075,50,50,scene_09,14,12,0.25,0,12,14,0.0,0.0,0.0,2
scene_09_50_001075,test,scene_09,scene_09,001075,50,50,scene_09,14,12,0.5,0,12,14,0.0,0.0,0.0,2
scene_09_50_001076,test,scene_09,scene_09,001076,50,50,scene_09,12,10,0.25,0,10,12,0.0,0.0,0.0,2
scene_09_50_001076,test,scene_09,scene_09,001076,50,50,scene_09,12,10,0.5,0,10,12,0.0,0.0,0.0,2
scene_09_50_001077,test,scene_09,scene_09,001077,50,50,scene_09,16,6,0.25,0,6,16,0.0,0.0,0.0,10
scene_09_50_001077,test,scene_09,scene_09,001077,50,50,scene_09,16,6,0.5,0,6,16,0.0,0.0,0.0,10
scene_09_50_001078,test,scene_09,scene_09,001078,50,50,scene_09,13,8,0.25,0,8,13,0.0,0.0,0.0,5
scene_09_50_001078,test,scene_09,scene_09,001078,50,50,scene_09,13,8,0.5,0,8,13,0.0,0.0,0.0,5
scene_09_50_001079,test,scene_09,scene_09,001079,50,50,scene_09,16,9,0.25,0,9,16,0.0,0.0,0.0,7
scene_09_50_001079,test,scene_09,scene_09,001079,50,50,scene_09,16,9,0.5,0,9,16,0.0,0.0,0.0,7
scene_09_50_001080,test,scene_09,scene_09,001080,50,50,scene_09,16,7,0.25,0,7,16,0.0,0.0,0.0,9
scene_09_50_001080,test,scene_09,scene_09,001080,50,50,scene_09,16,7,0.5,0,7,16,0.0,0.0,0.0,9
scene_09_50_001081,test,scene_09,scene_09,001081,50,50,scene_09,13,8,0.25,0,8,13,0.0,0.0,0.0,5
scene_09_50_001081,test,scene_09,scene_09,001081,50,50,scene_09,13,8,0.5,0,8,13,0.0,0.0,0.0,5
scene_09_50_001082,test,scene_09,scene_09,001082,50,50,scene_09,10,5,0.25,0,5,10,0.0,0.0,0.0,5
scene_09_50_001082,test,scene_09,scene_09,001082,50,50,scene_09,10,5,0.5,0,5,10,0.0,0.0,0.0,5
scene_09_50_001083,test,scene_09,scene_09,001083,50,50,scene_09,10,4,0.25,0,4,10,0.0,0.0,0.0,6
scene_09_50_001083,test,scene_09,scene_09,001083,50,50,scene_09,10,4,0.5,0,4,10,0.0,0.0,0.0,6
scene_09_50_001084,test,scene_09,scene_09,001084,50,50,scene_09,12,3,0.25,0,3,12,0.0,0.0,0.0,9
scene_09_50_001084,test,scene_09,scene_09,001084,50,50,scene_09,12,3,0.5,0,3,12,0.0,0.0,0.0,9
scene_09_50_001085,test,scene_09,scene_09,001085,50,50,scene_09,13,5,0.25,0,5,13,0.0,0.0,0.0,8
scene_09_50_001085,test,scene_09,scene_09,001085,50,50,scene_09,13,5,0.5,0,5,13,0.0,0.0,0.0,8
scene_09_50_001086,test,scene_09,scene_09,001086,50,50,scene_09,12,2,0.25,0,2,12,0.0,0.0,0.0,10
scene_09_50_001086,test,scene_09,scene_09,001086,50,50,scene_09,12,2,0.5,0,2,12,0.0,0.0,0.0,10
scene_09_50_001087,test,scene_09,scene_09,001087,50,50,scene_09,18,10,0.25,0,10,18,0.0,0.0,0.0,8
scene_09_50_001087,test,scene_09,scene_09,001087,50,50,scene_09,18,10,0.5,0,10,18,0.0,0.0,0.0,8
scene_09_50_001088,test,scene_09,scene_09,001088,50,50,scene_09,16,2,0.25,0,2,16,0.0,0.0,0.0,14
scene_09_50_001088,test,scene_09,scene_09,001088,50,50,scene_09,16,2,0.5,0,2,16,0.0,0.0,0.0,14
scene_09_50_001089,test,scene_09,scene_09,001089,50,50,scene_09,19,3,0.25,0,3,19,0.0,0.0,0.0,16
scene_09_50_001089,test,scene_09,scene_09,001089,50,50,scene_09,19,3,0.5,0,3,19,0.0,0.0,0.0,16
scene_09_50_001090,test,scene_09,scene_09,001090,50,50,scene_09,16,1,0.25,0,1,16,0.0,0.0,0.0,15
scene_09_50_001090,test,scene_09,scene_09,001090,50,50,scene_09,16,1,0.5,0,1,16,0.0,0.0,0.0,15
scene_09_50_001091,test,scene_09,scene_09,001091,50,50,scene_09,13,5,0.25,0,5,13,0.0,0.0,0.0,8
scene_09_50_001091,test,scene_09,scene_09,001091,50,50,scene_09,13,5,0.5,0,5,13,0.0,0.0,0.0,8
scene_09_50_001092,test,scene_09,scene_09,001092,50,50,scene_09,14,4,0.25,0,4,14,0.0,0.0,0.0,10
scene_09_50_001092,test,scene_09,scene_09,001092,50,50,scene_09,14,4,0.5,0,4,14,0.0,0.0,0.0,10
scene_09_50_001093,test,scene_09,scene_09,001093,50,50,scene_09,20,3,0.25,0,3,20,0.0,0.0,0.0,17
scene_09_50_001093,test,scene_09,scene_09,001093,50,50,scene_09,20,3,0.5,0,3,20,0.0,0.0,0.0,17
scene_09_50_001094,test,scene_09,scene_09,001094,50,50,scene_09,15,5,0.25,0,5,15,0.0,0.0,0.0,10
scene_09_50_001094,test,scene_09,scene_09,001094,50,50,scene_09,15,5,0.5,0,5,15,0.0,0.0,0.0,10
scene_09_50_001095,test,scene_09,scene_09,001095,50,50,scene_09,12,1,0.25,0,1,12,0.0,0.0,0.0,11
scene_09_50_001095,test,scene_09,scene_09,001095,50,50,scene_09,12,1,0.5,0,1,12,0.0,0.0,0.0,11
scene_09_50_001096,test,scene_09,scene_09,001096,50,50,scene_09,16,1,0.25,0,1,16,0.0,0.0,0.0,15
scene_09_50_001096,test,scene_09,scene_09,001096,50,50,scene_09,16,1,0.5,0,1,16,0.0,0.0,0.0,15
scene_09_50_001097,test,scene_09,scene_09,001097,50,50,scene_09,11,1,0.25,0,1,11,0.0,0.0,0.0,10
scene_09_50_001097,test,scene_09,scene_09,001097,50,50,scene_09,11,1,0.5,0,1,11,0.0,0.0,0.0,10
scene_09_50_001098,test,scene_09,scene_09,001098,50,50,scene_09,12,2,0.25,0,2,12,0.0,0.0,0.0,10
scene_09_50_001098,test,scene_09,scene_09,001098,50,50,scene_09,12,2,0.5,0,2,12,0.0,0.0,0.0,10
scene_09_50_001099,test,scene_09,scene_09,001099,50,50,scene_09,15,1,0.25,0,1,15,0.0,0.0,0.0,14
scene_09_50_001099,test,scene_09,scene_09,001099,50,50,scene_09,15,1,0.5,0,1,15,0.0,0.0,0.0,14
scene_09_50_001100,test,scene_09,scene_09,001100,50,50,scene_09,12,3,0.25,0,3,12,0.0,0.0,0.0,9
scene_09_50_001100,test,scene_09,scene_09,001100,50,50,scene_09,12,3,0.5,0,3,12,0.0,0.0,0.0,9
scene_09_50_001101,test,scene_09,scene_09,001101,50,50,scene_09,7,3,0.25,0,3,7,0.0,0.0,0.0,4
scene_09_50_001101,test,scene_09,scene_09,001101,50,50,scene_09,7,3,0.5,0,3,7,0.0,0.0,0.0,4
scene_09_50_001102,test,scene_09,scene_09,001102,50,50,scene_09,8,4,0.25,0,4,8,0.0,0.0,0.0,4
scene_09_50_001102,test,scene_09,scene_09,001102,50,50,scene_09,8,4,0.5,0,4,8,0.0,0.0,0.0,4
scene_09_50_001103,test,scene_09,scene_09,001103,50,50,scene_09,9,4,0.25,0,4,9,0.0,0.0,0.0,5
scene_09_50_001103,test,scene_09,scene_09,001103,50,50,scene_09,9,4,0.5,0,4,9,0.0,0.0,0.0,5
scene_09_50_001104,test,scene_09,scene_09,001104,50,50,scene_09,11,3,0.25,0,3,11,0.0,0.0,0.0,8
scene_09_50_001104,test,scene_09,scene_09,001104,50,50,scene_09,11,3,0.5,0,3,11,0.0,0.0,0.0,8
scene_09_50_001105,test,scene_09,scene_09,001105,50,50,scene_09,11,2,0.25,0,2,11,0.0,0.0,0.0,9
scene_09_50_001105,test,scene_09,scene_09,001105,50,50,scene_09,11,2,0.5,0,2,11,0.0,0.0,0.0,9
scene_09_50_001106,test,scene_09,scene_09,001106,50,50,scene_09,13,0,0.25,0,0,13,0.0,0.0,0.0,13
scene_09_50_001106,test,scene_09,scene_09,001106,50,50,scene_09,13,0,0.5,0,0,13,0.0,0.0,0.0,13
scene_09_50_001107,test,scene_09,scene_09,001107,50,50,scene_09,13,2,0.25,0,2,13,0.0,0.0,0.0,11
scene_09_50_001107,test,scene_09,scene_09,001107,50,50,scene_09,13,2,0.5,0,2,13,0.0,0.0,0.0,11
scene_09_50_001108,test,scene_09,scene_09,001108,50,50,scene_09,12,0,0.25,0,0,12,0.0,0.0,0.0,12
scene_09_50_001108,test,scene_09,scene_09,001108,50,50,scene_09,12,0,0.5,0,0,12,0.0,0.0,0.0,12
scene_09_50_001109,test,scene_09,scene_09,001109,50,50,scene_09,10,0,0.25,0,0,10,0.0,0.0,0.0,10
scene_09_50_001109,test,scene_09,scene_09,001109,50,50,scene_09,10,0,0.5,0,0,10,0.0,0.0,0.0,10
scene_09_50_001110,test,scene_09,scene_09,001110,50,50,scene_09,12,3,0.25,0,3,12,0.0,0.0,0.0,9
scene_09_50_001110,test,scene_09,scene_09,001110,50,50,scene_09,12,3,0.5,0,3,12,0.0,0.0,0.0,9
scene_09_50_001111,test,scene_09,scene_09,001111,50,50,scene_09,11,1,0.25,0,1,11,0.0,0.0,0.0,10
scene_09_50_001111,test,scene_09,scene_09,001111,50,50,scene_09,11,1,0.5,0,1,11,0.0,0.0,0.0,10
scene_09_50_001112,test,scene_09,scene_09,001112,50,50,scene_09,13,2,0.25,0,2,13,0.0,0.0,0.0,11
scene_09_50_001112,test,scene_09,scene_09,001112,50,50,scene_09,13,2,0.5,0,2,13,0.0,0.0,0.0,11
scene_09_50_001113,test,scene_09,scene_09,001113,50,50,scene_09,11,3,0.25,0,3,11,0.0,0.0,0.0,8
scene_09_50_001113,test,scene_09,scene_09,001113,50,50,scene_09,11,3,0.5,0,3,11,0.0,0.0,0.0,8
scene_09_50_001114,test,scene_09,scene_09,001114,50,50,scene_09,11,7,0.25,0,7,11,0.0,0.0,0.0,4
scene_09_50_001114,test,scene_09,scene_09,001114,50,50,scene_09,11,7,0.5,0,7,11,0.0,0.0,0.0,4
scene_09_50_001115,test,scene_09,scene_09,001115,50,50,scene_09,14,0,0.25,0,0,14,0.0,0.0,0.0,14
scene_09_50_001115,test,scene_09,scene_09,001115,50,50,scene_09,14,0,0.5,0,0,14,0.0,0.0,0.0,14
scene_09_50_001116,test,scene_09,scene_09,001116,50,50,scene_09,19,0,0.25,0,0,19,0.0,0.0,0.0,19
scene_09_50_001116,test,scene_09,scene_09,001116,50,50,scene_09,19,0,0.5,0,0,19,0.0,0.0,0.0,19
scene_09_50_001117,test,scene_09,scene_09,001117,50,50,scene_09,18,0,0.25,0,0,18,0.0,0.0,0.0,18
scene_09_50_001117,test,scene_09,scene_09,001117,50,50,scene_09,18,0,0.5,0,0,18,0.0,0.0,0.0,18
scene_09_50_001118,test,scene_09,scene_09,001118,50,50,scene_09,16,1,0.25,0,1,16,0.0,0.0,0.0,15
scene_09_50_001118,test,scene_09,scene_09,001118,50,50,scene_09,16,1,0.5,0,1,16,0.0,0.0,0.0,15
scene_09_50_001119,test,scene_09,scene_09,001119,50,50,scene_09,12,2,0.25,0,2,12,0.0,0.0,0.0,10
scene_09_50_001119,test,scene_09,scene_09,001119,50,50,scene_09,12,2,0.5,0,2,12,0.0,0.0,0.0,10
scene_09_50_001120,test,scene_09,scene_09,001120,50,50,scene_09,11,1,0.25,0,1,11,0.0,0.0,0.0,10
scene_09_50_001120,test,scene_09,scene_09,001120,50,50,scene_09,11,1,0.5,0,1,11,0.0,0.0,0.0,10
scene_09_50_001121,test,scene_09,scene_09,001121,50,50,scene_09,9,5,0.25,0,5,9,0.0,0.0,0.0,4
scene_09_50_001121,test,scene_09,scene_09,001121,50,50,scene_09,9,5,0.5,0,5,9,0.0,0.0,0.0,4
scene_09_50_001122,test,scene_09,scene_09,001122,50,50,scene_09,11,7,0.25,0,7,11,0.0,0.0,0.0,4
scene_09_50_001122,test,scene_09,scene_09,001122,50,50,scene_09,11,7,0.5,0,7,11,0.0,0.0,0.0,4
scene_09_50_001123,test,scene_09,scene_09,001123,50,50,scene_09,11,3,0.25,0,3,11,0.0,0.0,0.0,8
scene_09_50_001123,test,scene_09,scene_09,001123,50,50,scene_09,11,3,0.5,0,3,11,0.0,0.0,0.0,8
scene_09_50_001124,test,scene_09,scene_09,001124,50,50,scene_09,14,2,0.25,0,2,14,0.0,0.0,0.0,12
scene_09_50_001124,test,scene_09,scene_09,001124,50,50,scene_09,14,2,0.5,0,2,14,0.0,0.0,0.0,12
scene_09_50_001125,test,scene_09,scene_09,001125,50,50,scene_09,14,2,0.25,0,2,14,0.0,0.0,0.0,12
scene_09_50_001125,test,scene_09,scene_09,001125,50,50,scene_09,14,2,0.5,0,2,14,0.0,0.0,0.0,12
scene_09_50_001126,test,scene_09,scene_09,001126,50,50,scene_09,14,4,0.25,0,4,14,0.0,0.0,0.0,10
scene_09_50_001126,test,scene_09,scene_09,001126,50,50,scene_09,14,4,0.5,0,4,14,0.0,0.0,0.0,10
scene_09_50_001127,test,scene_09,scene_09,001127,50,50,scene_09,17,4,0.25,0,4,17,0.0,0.0,0.0,13
scene_09_50_001127,test,scene_09,scene_09,001127,50,50,scene_09,17,4,0.5,0,4,17,0.0,0.0,0.0,13
scene_09_50_001128,test,scene_09,scene_09,001128,50,50,scene_09,13,8,0.25,0,8,13,0.0,0.0,0.0,5
scene_09_50_001128,test,scene_09,scene_09,001128,50,50,scene_09,13,8,0.5,0,8,13,0.0,0.0,0.0,5
scene_09_50_001129,test,scene_09,scene_09,001129,50,50,scene_09,10,6,0.25,0,6,10,0.0,0.0,0.0,4
scene_09_50_001129,test,scene_09,scene_09,001129,50,50,scene_09,10,6,0.5,0,6,10,0.0,0.0,0.0,4
scene_09_50_001130,test,scene_09,scene_09,001130,50,50,scene_09,16,2,0.25,0,2,16,0.0,0.0,0.0,14
scene_09_50_001130,test,scene_09,scene_09,001130,50,50,scene_09,16,2,0.5,0,2,16,0.0,0.0,0.0,14
scene_09_50_001131,test,scene_09,scene_09,001131,50,50,scene_09,14,2,0.25,0,2,14,0.0,0.0,0.0,12
scene_09_50_001131,test,scene_09,scene_09,001131,50,50,scene_09,14,2,0.5,0,2,14,0.0,0.0,0.0,12
scene_09_50_001132,test,scene_09,scene_09,001132,50,50,scene_09,11,2,0.25,0,2,11,0.0,0.0,0.0,9
scene_09_50_001132,test,scene_09,scene_09,001132,50,50,scene_09,11,2,0.5,0,2,11,0.0,0.0,0.0,9
scene_09_50_001133,test,scene_09,scene_09,001133,50,50,scene_09,10,2,0.25,0,2,10,0.0,0.0,0.0,8
scene_09_50_001133,test,scene_09,scene_09,001133,50,50,scene_09,10,2,0.5,0,2,10,0.0,0.0,0.0,8
scene_09_50_001134,test,scene_09,scene_09,001134,50,50,scene_09,15,4,0.25,0,4,15,0.0,0.0,0.0,11
scene_09_50_001134,test,scene_09,scene_09,001134,50,50,scene_09,15,4,0.5,0,4,15,0.0,0.0,0.0,11
scene_09_50_001135,test,scene_09,scene_09,001135,50,50,scene_09,11,5,0.25,0,5,11,0.0,0.0,0.0,6
scene_09_50_001135,test,scene_09,scene_09,001135,50,50,scene_09,11,5,0.5,0,5,11,0.0,0.0,0.0,6
scene_09_50_001136,test,scene_09,scene_09,001136,50,50,scene_09,14,7,0.25,0,7,14,0.0,0.0,0.0,7
scene_09_50_001136,test,scene_09,scene_09,001136,50,50,scene_09,14,7,0.5,0,7,14,0.0,0.0,0.0,7
scene_09_50_001137,test,scene_09,scene_09,001137,50,50,scene_09,15,8,0.25,0,8,15,0.0,0.0,0.0,7
scene_09_50_001137,test,scene_09,scene_09,001137,50,50,scene_09,15,8,0.5,0,8,15,0.0,0.0,0.0,7
scene_09_50_001138,test,scene_09,scene_09,001138,50,50,scene_09,14,3,0.25,1,2,13,0.3333333333333333,0.07142857142857142,0.11764705882352941,11
scene_09_50_001138,test,scene_09,scene_09,001138,50,50,scene_09,14,3,0.5,0,3,14,0.0,0.0,0.0,11
scene_09_50_001139,test,scene_09,scene_09,001139,50,50,scene_09,11,3,0.25,1,2,10,0.3333333333333333,0.09090909090909091,0.14285714285714285,8
scene_09_50_001139,test,scene_09,scene_09,001139,50,50,scene_09,11,3,0.5,0,3,11,0.0,0.0,0.0,8
scene_09_50_001140,test,scene_09,scene_09,001140,50,50,scene_09,6,2,0.25,1,1,5,0.5,0.16666666666666666,0.25,4
scene_09_50_001140,test,scene_09,scene_09,001140,50,50,scene_09,6,2,0.5,0,2,6,0.0,0.0,0.0,4
scene_09_50_001141,test,scene_09,scene_09,001141,50,50,scene_09,7,5,0.25,2,3,5,0.4,0.2857142857142857,0.3333333333333333,2
scene_09_50_001141,test,scene_09,scene_09,001141,50,50,scene_09,7,5,0.5,0,5,7,0.0,0.0,0.0,2
scene_09_50_001142,test,scene_09,scene_09,001142,50,50,scene_09,6,5,0.25,2,3,4,0.4,0.3333333333333333,0.36363636363636365,1
scene_09_50_001142,test,scene_09,scene_09,001142,50,50,scene_09,6,5,0.5,0,5,6,0.0,0.0,0.0,1
scene_09_50_001143,test,scene_09,scene_09,001143,50,50,scene_09,8,8,0.25,0,8,8,0.0,0.0,0.0,0
scene_09_50_001143,test,scene_09,scene_09,001143,50,50,scene_09,8,8,0.5,0,8,8,0.0,0.0,0.0,0
scene_09_50_001144,test,scene_09,scene_09,001144,50,50,scene_09,9,10,0.25,0,10,9,0.0,0.0,0.0,1
scene_09_50_001144,test,scene_09,scene_09,001144,50,50,scene_09,9,10,0.5,0,10,9,0.0,0.0,0.0,1
scene_09_50_001145,test,scene_09,scene_09,001145,50,50,scene_09,8,1,0.25,0,1,8,0.0,0.0,0.0,7
scene_09_50_001145,test,scene_09,scene_09,001145,50,50,scene_09,8,1,0.5,0,1,8,0.0,0.0,0.0,7
scene_09_50_001153,test,scene_09,scene_09,001153,50,50,scene_09,12,3,0.25,0,3,12,0.0,0.0,0.0,9
scene_09_50_001153,test,scene_09,scene_09,001153,50,50,scene_09,12,3,0.5,0,3,12,0.0,0.0,0.0,9
scene_09_50_001154,test,scene_09,scene_09,001154,50,50,scene_09,14,4,0.25,0,4,14,0.0,0.0,0.0,10
scene_09_50_001154,test,scene_09,scene_09,001154,50,50,scene_09,14,4,0.5,0,4,14,0.0,0.0,0.0,10
scene_09_50_001155,test,scene_09,scene_09,001155,50,50,scene_09,16,5,0.25,0,5,16,0.0,0.0,0.0,11
scene_09_50_001155,test,scene_09,scene_09,001155,50,50,scene_09,16,5,0.5,0,5,16,0.0,0.0,0.0,11
